Id,Name,2026-08-01 12:28:34,2026-08-02 12:28:00,2026-08-03 12:29:56,2026-08-04 11:58:32,2026-08-05 11:54:41,2026-08-06 11:58:43,2026-08-07 11:55:52,2026-08-08 11:00:08,2026-08-09 11:06:21,2026-08-10 11:11:13,2026-08-11 11:06:35,2026-08-12 11:23:07,2026-08-13 11:25:08,2026-08-14 11:23:10,2026-08-15 10:30:38,2026-08-16 10:42:41,2026-08-17 10:40:34,2026-08-18 10:30:06,2026-08-19 10:37:56,2026-08-20 10:31:05,2026-08-21 10:41:56,2026-08-22 10:29:58,2026-08-23 10:44:24,2026-08-24 10:42:33,2026-08-25 10:37:59,2026-08-26 10:42:32,2026-08-27 17:33:56,2026-08-28 19:47:32,2026-08-29 15:34:59,2026-08-29 22:14:14,2026-08-30 14:01:54,2026-08-31 14:07:45
10651296,ANYZEN AZ-380 게이밍 헤드셋,0,0,0,0,0,0,0,0,0,0,0,0,0,0,0,0,0,0,0,0,0,0,0,0,0,0,0,0,0,"8,890","8,890","8,890"
30333290,ANYZEN AZ-380C,0,0,0,0,0,0,0,0,0,0,0,0,0,0,0,0,0,0,0,0,0,0,0,0,0,0,0,0,0,"9,960","9,960","9,960"
30193853,ANYZEN AZ-580C,0,0,0,0,0,0,0,0,0,0,0,0,0,0,0,0,0,0,0,0,0,0,0,0,0,0,0,0,0,"11,410","11,410","11,410"
6624229,ASUS ROG DELTA,0,0,0,0,0,0,0,0,0,0,0,0,0,0,0,0,0,0,0,0,0,0,0,0,0,0,0,0,0,"정품_254,000|해외구매_563,960","정품_254,000|해외구매_563,960",0
7207030,ASUS ROG DELTA CORE,0,0,0,0,0,0,0,0,0,0,0,0,0,0,0,0,0,0,0,0,0,0,0,0,0,0,0,0,0,"정품_74,900","정품_74,900","정품_74,900"
75471311,ASUS ROG DELTA II WIRELESS 게이밍 헤드셋,0,0,0,0,0,0,0,0,0,0,0,0,0,0,0,0,0,0,0,0,0,0,0,0,0,0,0,0,0,"블랙, 정품_349,000|화이트, 정품_325,060|해외구매_307,880","블랙, 정품_349,000|화이트, 정품_349,000|해외구매_307,880","블랙, 정품_349,000|화이트, 정품_349,000|해외구매_307,870"
122643993,ASUS ROG KITHARA,0,0,0,0,0,0,0,0,0,0,0,0,0,0,0,0,0,0,0,0,0,0,0,0,0,0,0,0,0,"정품_474,050|해외구매_429,900","정품_474,050|해외구매_429,900","정품_470,000|해외구매_429,900"
78239618,ASUS ROG PELTA WIRELESS 게이밍 헤드셋,0,0,0,0,0,0,0,0,0,0,0,0,0,0,0,0,0,0,0,0,0,0,0,0,0,0,0,0,0,"해외구매_162,720","해외구매_161,270","해외구매_159,880"
12621641,ASUS ROG THETA 7.1채널,0,0,0,0,0,0,0,0,0,0,0,0,0,0,0,0,0,0,0,0,0,0,0,0,0,0,0,0,0,"해외구매_352,800","해외구매_352,800","해외구매_352,800"
123588972,ATK N9 Ultra 무선 게이밍 헤드셋,0,0,0,0,0,0,0,0,0,0,0,0,0,0,0,0,0,0,0,0,0,0,0,0,0,0,0,0,0,"블랙+퍼플, 정품_54,900||||해외구매_49,140",0,0
123588949,ATK N9 Ultra 무선 게이밍 헤드셋,0,0,0,0,0,0,0,0,0,0,0,0,0,0,0,0,0,0,0,0,0,0,0,0,0,0,0,0,0,0,"오렌지, 정품_54,900|해외구매_49,140","오렌지, 정품_54,900|해외구매_49,140"
123589016,ATK N9 Ultra 무선 게이밍 헤드셋,0,0,0,0,0,0,0,0,0,0,0,0,0,0,0,0,0,0,0,0,0,0,0,0,0,0,0,0,0,0,"화이트+핑크, 정품_54,900|||해외구매_49,140","화이트+핑크, 정품_54,900|||해외구매_49,140"
95206757,AULA A500,0,0,0,0,0,0,0,0,0,0,0,0,0,0,0,0,0,0,0,0,0,0,0,0,0,0,0,0,0,"해외구매_43,610","해외구매_43,610","해외구매_43,610"
95059091,AULA G7,0,0,0,0,0,0,0,0,0,0,0,0,0,0,0,0,0,0,0,0,0,0,0,0,0,0,0,0,0,"해외구매_19,860","해외구매_19,860","해외구매_19,900"
95059202,AULA G7 PRO,0,0,0,0,0,0,0,0,0,0,0,0,0,0,0,0,0,0,0,0,0,0,0,0,0,0,0,0,0,"해외구매_22,290","해외구매_22,290","해외구매_27,120"
95986589,AULA S8,0,0,0,0,0,0,0,0,0,0,0,0,0,0,0,0,0,0,0,0,0,0,0,0,0,0,0,0,0,"해외구매_26,510","해외구매_26,510","해외구매_25,500"
7117405,Actto BKS-78 USB 게이밍 헤드셋,0,0,0,0,0,0,0,0,0,0,0,0,0,0,0,0,0,0,0,0,0,0,0,0,0,0,0,0,0,"22,880","22,880","22,880"
3282119,Actto GBKS-01,0,0,0,0,0,0,0,0,0,0,0,0,0,0,0,0,0,0,0,0,0,0,0,0,0,0,0,0,0,"13,290","13,290","13,290"
7245013,Actto GBKS-06,0,0,0,0,0,0,0,0,0,0,0,0,0,0,0,0,0,0,0,0,0,0,0,0,0,0,0,0,0,"52,810","52,810","52,810"
15239159,Actto 레벨 게이밍 헤드셋 GBKS-14,0,0,0,0,0,0,0,0,0,0,0,0,0,0,0,0,0,0,0,0,0,0,0,0,0,0,0,0,0,"18,090","18,090","18,090"
5260655,Actto 팝팝 키즈 BKS-74,0,0,0,0,0,0,0,0,0,0,0,0,0,0,0,0,0,0,0,0,0,0,0,0,0,0,0,0,0,"19,900","19,900","19,900"
9728109,Audeze LCD-GX,0,0,0,0,0,0,0,0,0,0,0,0,0,0,0,0,0,0,0,0,0,0,0,0,0,0,0,0,0,0,"1,420,000","1,420,000"
20368181,Audeze Maxwell,0,0,0,0,0,0,0,0,0,0,0,0,0,0,0,0,0,0,0,0,0,0,0,0,0,0,0,0,0,"Xbox, 정품_706,810|PS, 해외구매_560,100|Xbox, 해외구매_682,000","Xbox, 정품_706,810|PS, 해외구매_560,100|Xbox, 해외구매_682,000","Xbox, 정품_706,810|PS, 해외구매_560,100|Xbox, 해외구매_682,000"
12683798,Britz 브리츠인터내셔널 BA-MPK1 게이밍 헤드셋,0,0,0,0,0,0,0,0,0,0,0,0,0,0,0,0,0,0,0,0,0,0,0,0,0,0,0,0,0,"24,800","24,800","24,800"
13466102,Britz 브리츠인터내셔널 BA-MPK10,0,0,0,0,0,0,0,0,0,0,0,0,0,0,0,0,0,0,0,0,0,0,0,0,0,0,0,0,0,"121,000","121,000","121,000"
17694248,Britz 브리츠인터내셔널 BE-HF10BT,0,0,0,0,0,0,0,0,0,0,0,0,0,0,0,0,0,0,0,0,0,0,0,0,0,0,0,0,0,"44,800","44,800","44,800"
18210281,Britz 브리츠인터내셔널 BR-ML3,0,0,0,0,0,0,0,0,0,0,0,0,0,0,0,0,0,0,0,0,0,0,0,0,0,0,0,0,0,"36,230","36,230","36,230"
16279004,Britz 브리츠인터내셔널 BT3900,0,0,0,0,0,0,0,0,0,0,0,0,0,0,0,0,0,0,0,0,0,0,0,0,0,0,0,0,0,"정품_81,690|중고_29,830","정품_81,690|중고_29,830","정품_80,100|중고_29,830"
6443249,Britz 브리츠인터내셔널 HS20 게이밍 헤드셋,0,0,0,0,0,0,0,0,0,0,0,0,0,0,0,0,0,0,0,0,0,0,0,0,0,0,0,0,0,"정품_65,090","정품_65,090","정품_69,900"
18682721,Britz 브리츠인터내셔널 K3,0,0,0,0,0,0,0,0,0,0,0,0,0,0,0,0,0,0,0,0,0,0,0,0,0,0,0,0,0,"29,900","29,900","29,580"
4874516,Britz 브리츠인터내셔널 K35GH,0,0,0,0,0,0,0,0,0,0,0,0,0,0,0,0,0,0,0,0,0,0,0,0,0,0,0,0,0,"정품_21,900|중고_18,330","정품_21,900|중고_18,330","정품_21,900|중고_18,330"
12834641,Britz 브리츠인터내셔널 K71GH 가상 7.1채널 RGB 게이밍 헤드셋,0,0,0,0,0,0,0,0,0,0,0,0,0,0,0,0,0,0,0,0,0,0,0,0,0,0,0,0,0,"24,800","24,800","24,800"
12616313,Britz 브리츠인터내셔널 K820,0,0,0,0,0,0,0,0,0,0,0,0,0,0,0,0,0,0,0,0,0,0,0,0,0,0,0,0,0,"29,000","29,000","29,000"
92969102,Britz 브리츠인터내셔널 KG1100,0,0,0,0,0,0,0,0,0,0,0,0,0,0,0,0,0,0,0,0,0,0,0,0,0,0,0,0,0,"정품_50,010","정품_50,010","정품_50,010"
8098264,Britz 브리츠인터내셔널 KG95X 리얼 5.2 멀티채널 진동 게이밍 헤드셋,0,0,0,0,0,0,0,0,0,0,0,0,0,0,0,0,0,0,0,0,0,0,0,0,0,0,0,0,0,"45,900","45,900","49,000"
1642765,CAMAC CMK-1090MV,0,0,0,0,0,0,0,0,0,0,0,0,0,0,0,0,0,0,0,0,0,0,0,0,0,0,0,0,0,"6,770","6,770","6,770"
1283241,CAMAC CMK-1102MV,0,0,0,0,0,0,0,0,0,0,0,0,0,0,0,0,0,0,0,0,0,0,0,0,0,0,0,0,0,"6,120","6,120","6,120"
4749339,CAMAC CMK-1300 USB,0,0,0,0,0,0,0,0,0,0,0,0,0,0,0,0,0,0,0,0,0,0,0,0,0,0,0,0,0,"9,930","9,930","9,930"
42338,CAMAC CMK-500MV,0,0,0,0,0,0,0,0,0,0,0,0,0,0,0,0,0,0,0,0,0,0,0,0,0,0,0,0,0,"5,500","5,500","5,500"
838897,CAMAC CMK-502MV,0,0,0,0,0,0,0,0,0,0,0,0,0,0,0,0,0,0,0,0,0,0,0,0,0,0,0,0,0,"2,370","2,370","2,370"
898184,CAMAC CMK-503MV,0,0,0,0,0,0,0,0,0,0,0,0,0,0,0,0,0,0,0,0,0,0,0,0,0,0,0,0,0,"2,840","2,840","2,840"
104628464,CHERRY XTRFY H3 무선 게이밍 헤드셋,0,0,0,0,0,0,0,0,0,0,0,0,0,0,0,0,0,0,0,0,0,0,0,0,0,0,0,0,0,"정품_139,000","정품_139,000","정품_139,000"
6870865,CJ ENM ENTUS H5 스테레오,0,0,0,0,0,0,0,0,0,0,0,0,0,0,0,0,0,0,0,0,0,0,0,0,0,0,0,0,0,"8,610","8,610","8,610"
6530732,CJ ENM ENTUS LV400 CAMO LED 가상 7.1채널 진동,0,0,0,0,0,0,0,0,0,0,0,0,0,0,0,0,0,0,0,0,0,0,0,0,0,0,0,0,0,"18,990","18,990","18,990"
16611842,CJ ENM ENTUS-H6,0,0,0,0,0,0,0,0,0,0,0,0,0,0,0,0,0,0,0,0,0,0,0,0,0,0,0,0,0,"15,160","15,160","15,160"
48476708,CORSAIR HS35 SURROUND v2 7.1채널 게이밍 헤드셋,0,0,0,0,0,0,0,0,0,0,0,0,0,0,0,0,0,0,0,0,0,0,0,0,0,0,0,0,0,"74,750","74,750","64,510"
48476885,CORSAIR HS35 v2 게이밍 헤드셋,0,0,0,0,0,0,0,0,0,0,0,0,0,0,0,0,0,0,0,0,0,0,0,0,0,0,0,0,0,"블랙_65,900|블루_61,280","블랙_65,900|블루_61,280","블랙_65,900|블루_56,010"
122710649,CORSAIR HS35 v3 게이밍 헤드셋,0,0,0,0,0,0,0,0,0,0,0,0,0,0,0,0,0,0,0,0,0,0,0,0,0,0,0,0,0,"블랙, 정품_58,760|","블랙, 정품_58,760|","블랙, 정품_50,140|"
122710607,CORSAIR HS35 v3 무선 게이밍 헤드셋,0,0,0,0,0,0,0,0,0,0,0,0,0,0,0,0,0,0,0,0,0,0,0,0,0,0,0,0,0,"블랙, 정품_96,890||해외구매_183,330","블랙, 정품_96,890||해외구매_183,330","블랙, 정품_82,360||해외구매_183,330"
8379099,CORSAIR HS35 스테레오,0,0,0,0,0,0,0,0,0,0,0,0,0,0,0,0,0,0,0,0,0,0,0,0,0,0,0,0,0,"정품_117,990","정품_117,990","정품_117,990"
5675621,CORSAIR HS50,0,0,0,0,0,0,0,0,0,0,0,0,0,0,0,0,0,0,0,0,0,0,0,0,0,0,0,0,0,"정품_80,900","정품_80,900","정품_80,900"
17979854,CORSAIR HS55 CORE 무선 블루투스 게이밍 헤드셋,0,0,0,0,0,0,0,0,0,0,0,0,0,0,0,0,0,0,0,0,0,0,0,0,0,0,0,0,0,"정품_142,390","정품_142,390","정품_130,700"
17003411,CORSAIR HS55 STEREO 게이밍 헤드셋,0,0,0,0,0,0,0,0,0,0,0,0,0,0,0,0,0,0,0,0,0,0,0,0,0,0,0,0,0,"화이트, 정품_78,410|블랙, 정품_78,610|해외구매_153,270|블랙, 벌크_58,000","화이트, 정품_78,560|블랙, 정품_78,610|해외구매_153,270|블랙, 벌크_58,000","화이트, 정품_75,800|블랙, 정품_75,800|해외구매_153,270|블랙, 벌크_58,000"
17009168,CORSAIR HS55 SURROUND 7.1채널 게이밍 헤드셋,0,0,0,0,0,0,0,0,0,0,0,0,0,0,0,0,0,0,0,0,0,0,0,0,0,0,0,0,0,"블랙, 정품_81,990|화이트, 정품_81,990|+거치대, 정품_114,800|블랙, 해외구매_77,260","블랙, 정품_81,990|화이트, 정품_81,990|+거치대, 정품_114,800|블랙, 해외구매_76,660","블랙, 정품_81,990|화이트, 정품_81,990|+거치대, 정품_114,800|블랙, 해외구매_76,660"
19020101,CORSAIR HS55 무선 블루투스 게이밍 헤드셋,0,0,0,0,0,0,0,0,0,0,0,0,0,0,0,0,0,0,0,0,0,0,0,0,0,0,0,0,0,"블랙, 정품_142,410|화이트, 정품_142,410|블랙, 해외구매_158,390|화이트, 해외구매_140,670","블랙, 정품_142,410|화이트, 정품_142,410|블랙, 해외구매_158,390|화이트, 해외구매_140,670","블랙, 정품_127,410|화이트, 정품_127,410|블랙, 해외구매_158,390|화이트, 해외구매_140,670"
12572522,CORSAIR HS60 HAPTIC 스테레오 게이밍 헤드셋,0,0,0,0,0,0,0,0,0,0,0,0,0,0,0,0,0,0,0,0,0,0,0,0,0,0,0,0,0,"카모, 정품_186,730|카본블랙, 정품_198,850|카모, 해외구매_225,990","카모, 정품_186,730|카본블랙, 정품_198,850|카모, 해외구매_225,990","카모, 정품_186,730|카본블랙, 정품_198,850|카모, 해외구매_218,990"
9718476,CORSAIR HS60 PRO SURROUND,0,0,0,0,0,0,0,0,0,0,0,0,0,0,0,0,0,0,0,0,0,0,0,0,0,0,0,0,0,"정품_136,850","정품_136,850","정품_136,850"
17004548,CORSAIR HS65 SURROUND 7.1채널 게이밍 헤드셋,0,0,0,0,0,0,0,0,0,0,0,0,0,0,0,0,0,0,0,0,0,0,0,0,0,0,0,0,0,"화이트, 정품_86,500|블랙, 정품_86,500|화이트, 해외구매_97,830|블랙, 해외구매_106,640","화이트, 정품_86,500|블랙, 정품_86,500|화이트, 해외구매_97,830|블랙, 해외구매_106,640","화이트, 정품_86,500|블랙, 정품_86,500|화이트, 해외구매_97,830|블랙, 해외구매_106,640"
19023920,CORSAIR HS65 무선 7.1채널 게이밍 헤드셋,0,0,0,0,0,0,0,0,0,0,0,0,0,0,0,0,0,0,0,0,0,0,0,0,0,0,0,0,0,"블랙, 정품_95,700|화이트, 정품_132,050|블랙, 해외구매_127,450|화이트, 해외구매_226,600|","블랙, 정품_95,700|화이트, 정품_132,050|블랙, 해외구매_127,450|화이트, 해외구매_226,600|","블랙, 정품_95,700|화이트, 정품_132,050|블랙, 해외구매_127,450|화이트, 해외구매_226,600|"
12913094,CORSAIR HS70 블루투스 게이밍 헤드셋,0,0,0,0,0,0,0,0,0,0,0,0,0,0,0,0,0,0,0,0,0,0,0,0,0,0,0,0,0,"정품_229,710|해외구매_144,470","정품_229,710|해외구매_144,470","정품_229,710|해외구매_144,470"
27550187,CORSAIR HS80 MAX RGB 무선 게이밍 헤드셋,0,0,0,0,0,0,0,0,0,0,0,0,0,0,0,0,0,0,0,0,0,0,0,0,0,0,0,0,0,"스틸그레이, 정품_144,900|화이트, 정품_188,100|스틸그레이, 벌크_138,330","스틸그레이, 정품_144,900|화이트, 정품_188,100|스틸그레이, 벌크_138,330","스틸그레이, 정품_144,900|화이트, 정품_159,010|스틸그레이, 벌크_136,950"
17009279,CORSAIR HS80 RGB USB 7.1채널 게이밍 헤드셋,0,0,0,0,0,0,0,0,0,0,0,0,0,0,0,0,0,0,0,0,0,0,0,0,0,0,0,0,0,"블랙, 정품_128,700|화이트, 정품_124,890|해외구매_134,270|벌크_96,680|중고_102,890","블랙, 정품_128,700|화이트, 정품_124,890|해외구매_133,500|벌크_96,680|중고_102,890","블랙, 정품_115,590|화이트, 정품_115,590|해외구매_133,180|벌크_96,680|중고_92,470"
42286955,CORSAIR HS80 RGB USB 7.1채널 게이밍 헤드셋,0,0,0,0,0,0,0,0,0,0,0,0,0,0,0,0,0,0,0,0,0,0,0,0,0,0,0,0,0,0,0,"블랙, 정품_115,590|화이트, 정품_115,590|해외구매_133,180|벌크_96,680|중고_92,470"
15050054,CORSAIR HS80 RGB 무선 게이밍 헤드셋,0,0,0,0,0,0,0,0,0,0,0,0,0,0,0,0,0,0,0,0,0,0,0,0,0,0,0,0,0,"블랙, 정품_136,000|화이트, 정품_149,300|블랙, 해외구매_155,420|화이트, 해외구매_182,100|벌크_158,250","블랙, 정품_136,000|화이트, 정품_149,300|블랙, 해외구매_155,420|화이트, 해외구매_182,100|벌크_158,250","블랙, 정품_136,000|화이트, 정품_149,300|블랙, 해외구매_155,420|화이트, 해외구매_182,100|벌크_158,250"
72005501,CORSAIR HS80 RGB 무선 콜오브듀티 블랙옵스6 에디션 게이밍 헤드셋,0,0,0,0,0,0,0,0,0,0,0,0,0,0,0,0,0,0,0,0,0,0,0,0,0,0,0,0,0,"142,500","142,500","138,720"
68889164,CORSAIR VIRTUOSO MAX RGB 무선 게이밍 헤드셋,0,0,0,0,0,0,0,0,0,0,0,0,0,0,0,0,0,0,0,0,0,0,0,0,0,0,0,0,0,"블랙, 정품_374,830|실버, 정품_374,830|블랙, 해외구매_345,060|실버, 해외구매_345,700|중고_275,630","블랙, 정품_374,830|실버, 정품_374,830|블랙, 해외구매_345,060|실버, 해외구매_342,760|중고_275,630","블랙, 정품_339,150|실버, 정품_339,150|블랙, 해외구매_345,070|실버, 해외구매_342,750|중고_275,630"
28415717,CORSAIR VIRTUOSO PRO 오픈백 게이밍 헤드셋,0,0,0,0,0,0,0,0,0,0,0,0,0,0,0,0,0,0,0,0,0,0,0,0,0,0,0,0,0,"카본_239,790|화이트_239,790","카본_239,780|화이트_239,780","카본_220,150|화이트_220,150"
9619119,CORSAIR VIRTUOSO RGB SE 무선 게이밍 헤드셋,0,0,0,0,0,0,0,0,0,0,0,0,0,0,0,0,0,0,0,0,0,0,0,0,0,0,0,0,0,"정품_301,990","정품_301,990","정품_301,990"
15050357,CORSAIR VIRTUOSO RGB XT 무선 게이밍 헤드셋,0,0,0,0,0,0,0,0,0,0,0,0,0,0,0,0,0,0,0,0,0,0,0,0,0,0,0,0,0,"정품_348,210|해외구매_264,640|벌크_249,900","정품_348,210|해외구매_264,640|벌크_249,900","정품_305,150|해외구매_264,640|벌크_249,900"
12591152,CORSAIR VIRTUOSO SE Espresso 게이밍 헤드셋,0,0,0,0,0,0,0,0,0,0,0,0,0,0,0,0,0,0,0,0,0,0,0,0,0,0,0,0,0,"정품_375,000","정품_375,000","정품_375,000"
12670133,CORSAIR VOID ELITE 스테레오 게이밍 헤드셋,0,0,0,0,0,0,0,0,0,0,0,0,0,0,0,0,0,0,0,0,0,0,0,0,0,0,0,0,0,"정품_135,020|벌크_52,500","정품_135,020|벌크_52,500","정품_135,020|벌크_52,500"
10193070,CORSAIR VOID RGB ELITE USB,0,0,0,0,0,0,0,0,0,0,0,0,0,0,0,0,0,0,0,0,0,0,0,0,0,0,0,0,0,"화이트, 정품_142,660|카본 블랙, 정품_119,000|병행수입_143,500|벌크_86,500","화이트, 정품_145,900|카본 블랙, 정품_119,000|병행수입_143,500|벌크_86,500","화이트, 정품_145,900|카본 블랙, 정품_119,000|병행수입_143,500|벌크_86,500"
9963978,CORSAIR VOID RGB ELITE 무선 게이밍 헤드셋,0,0,0,0,0,0,0,0,0,0,0,0,0,0,0,0,0,0,0,0,0,0,0,0,0,0,0,0,0,"카본 블랙, 정품_126,420|화이트, 정품_129,000|병행수입_126,410|해외구매_140,600|벌크_129,000","카본 블랙, 정품_126,420|화이트, 정품_129,000|병행수입_126,410|해외구매_140,600|벌크_129,000","카본 블랙, 정품_98,430|화이트, 정품_98,430|병행수입_126,410|해외구매_140,600|벌크_129,000"
98545736,CORSAIR VOID v2 MAX RGB 무선 게이밍 헤드셋,0,0,0,0,0,0,0,0,0,0,0,0,0,0,0,0,0,0,0,0,0,0,0,0,0,0,0,0,0,"정품_173,760","정품_173,750","정품_169,910"
122704232,CORSAIR VOID v2 RGB 무선 게이밍 헤드셋,0,0,0,0,0,0,0,0,0,0,0,0,0,0,0,0,0,0,0,0,0,0,0,0,0,0,0,0,0,"병행수입_91,990|블랙_139,580|화이트_139,580|판다_143,900|베이비핑크_143,900||","병행수입_91,920|블랙_139,580|화이트_139,580|판다_143,900|베이비핑크_143,900||","병행수입_91,800|블랙_135,910|화이트_135,900|판다_135,900|베이비핑크_135,900||"
122722975,COX CACOXZA100 포커스 스터디 노이즈 캔슬링 무선 헤드셋,0,0,0,0,0,0,0,0,0,0,0,0,0,0,0,0,0,0,0,0,0,0,0,0,0,0,0,0,0,"59,000","59,000","59,000"
99886214,COX CH03 게이밍 라이트 헤드셋,0,0,0,0,0,0,0,0,0,0,0,0,0,0,0,0,0,0,0,0,0,0,0,0,0,0,0,0,0,"블랙, 정품_8,900|중고_7,810|화이트, 정품_8,800","블랙, 정품_8,900|중고_7,810|화이트, 정품_8,800","블랙, 정품_8,900|화이트, 정품_8,800"
18797711,COX CH300 진동 가상 7.1 레인보우 게이밍 헤드셋,0,0,0,0,0,0,0,0,0,0,0,0,0,0,0,0,0,0,0,0,0,0,0,0,0,0,0,0,0,"24,900","24,900","24,900"
70103192,COX CH31 항공 가상 7.1 LED 게이밍 헤드셋,0,0,0,0,0,0,0,0,0,0,0,0,0,0,0,0,0,0,0,0,0,0,0,0,0,0,0,0,0,"19,000","19,000","19,000"
6396996,COX CH42 초경량 7.1채널 LED 노이즈캔슬링 마이크 3D 게이밍 헤드셋,0,0,0,0,0,0,0,0,0,0,0,0,0,0,0,0,0,0,0,0,0,0,0,0,0,0,0,0,0,"140,600","140,600","140,600"
14364227,COX CH43 가상 7.1 ENC EQ RGB 초경량 게이밍 헤드셋,0,0,0,0,0,0,0,0,0,0,0,0,0,0,0,0,0,0,0,0,0,0,0,0,0,0,0,0,0,"26,600","26,600","26,600"
18602348,COX CH48 애비에이션 가상 7.1 ENC RGB 진동 게이밍 헤드셋,0,0,0,0,0,0,0,0,0,0,0,0,0,0,0,0,0,0,0,0,0,0,0,0,0,0,0,0,0,"55,980","55,980","55,980"
7959565,COX CH50 IMPACT 가상 7.1채널 RGB LED 진동 게이밍 헤드셋,0,0,0,0,0,0,0,0,0,0,0,0,0,0,0,0,0,0,0,0,0,0,0,0,0,0,0,0,0,"160,300","160,300","160,300"
79396229,COX CH7 초경량 7.1 LED 게이밍 헤드셋,0,0,0,0,0,0,0,0,0,0,0,0,0,0,0,0,0,0,0,0,0,0,0,0,0,0,0,0,0,"정품_18,900","정품_18,900","정품_18,900"
59757848,COX CH71 게이밍 라이팅 헤드셋,0,0,0,0,0,0,0,0,0,0,0,0,0,0,0,0,0,0,0,0,0,0,0,0,0,0,0,0,0,"17,000","17,000","17,000"
122619065,COX CH81 가상 7.1 LED 게이밍 헤드셋,0,0,0,0,0,0,0,0,0,0,0,0,0,0,0,0,0,0,0,0,0,0,0,0,0,0,0,0,0,"19,800","19,800","19,800"
91191854,COX CX-4 MEGA-CUP 가상 7.1 채널 RGB 게이밍 헤드셋,0,0,0,0,0,0,0,0,0,0,0,0,0,0,0,0,0,0,0,0,0,0,0,0,0,0,0,0,0,"블랙_29,800|핑크_29,800|블루_29,800","블랙_29,800|핑크_29,800|블루_29,800","블랙_29,800|핑크_29,800|블루_29,800"
77621891,COX EH310 어린이용 무선 헤드셋,0,0,0,0,0,0,0,0,0,0,0,0,0,0,0,0,0,0,0,0,0,0,0,0,0,0,0,0,0,"정품_18,140","정품_18,140","정품_18,140"
89602322,COX SCARLET W 3모드 RGB 초경량 헤드셋,0,0,0,0,0,0,0,0,0,0,0,0,0,0,0,0,0,0,0,0,0,0,0,0,0,0,0,0,0,"정품_62,900","정품_62,900","정품_62,900"
9412881,COX SCARLET 가상 7.1채널 RGB 노이즈캔슬링 마이크 진동 초경량 게이밍 헤드셋,0,0,0,0,0,0,0,0,0,0,0,0,0,0,0,0,0,0,0,0,0,0,0,0,0,0,0,0,0,"34,900","34,900","34,900"
10008009,COX TOCO 7.1채널 RGB NC마이크 게이밍 헤드셋,0,0,0,0,0,0,0,0,0,0,0,0,0,0,0,0,0,0,0,0,0,0,0,0,0,0,0,0,0,"정품_88,000|중고_59,030","정품_88,000|중고_59,030","정품_88,000|중고_59,030"
98231783,COX V800 가상 7.1 ENC RGB 진동 게이밍 헤드셋,0,0,0,0,0,0,0,0,0,0,0,0,0,0,0,0,0,0,0,0,0,0,0,0,0,0,0,0,0,"블랙_29,800|화이트_28,540","블랙_29,800|화이트_28,540","블랙_29,800|화이트_28,540"
90889091,COX WCH150 무선 3MODE 게이밍 헤드셋,0,0,0,0,0,0,0,0,0,0,0,0,0,0,0,0,0,0,0,0,0,0,0,0,0,0,0,0,0,"정품_34,000","정품_34,000","정품_34,000"
83007362,COX WCH200 무선 가상 7.1 게이밍 헤드셋,0,0,0,0,0,0,0,0,0,0,0,0,0,0,0,0,0,0,0,0,0,0,0,0,0,0,0,0,0,"정품_58,000","정품_58,000","정품_58,000"
13507823,COX WCH220 가상 7.1채널 무선 게이밍 헤드셋,0,0,0,0,0,0,0,0,0,0,0,0,0,0,0,0,0,0,0,0,0,0,0,0,0,0,0,0,0,"84,970","84,970","84,970"
73890794,COX WCH300 무선 3모드 게이밍 헤드셋,0,0,0,0,0,0,0,0,0,0,0,0,0,0,0,0,0,0,0,0,0,0,0,0,0,0,0,0,0,"31,000","31,000","31,000"
54324767,Captain 300,0,0,0,0,0,0,0,0,0,0,0,0,0,0,0,0,0,0,0,0,0,0,0,0,0,0,0,0,0,"정품_26,900","정품_26,900","정품_28,900"
56063660,Creative CHAT USB,0,0,0,0,0,0,0,0,0,0,0,0,0,0,0,0,0,0,0,0,0,0,0,0,0,0,0,0,0,"정품_49,900","정품_49,900|해외구매_113,610","정품_49,900|해외구매_113,610"
74899145,Creative HS-230,0,0,0,0,0,0,0,0,0,0,0,0,0,0,0,0,0,0,0,0,0,0,0,0,0,0,0,0,0,"정품_29,900","정품_29,900","정품_29,900"
32860658,Creative ZEN HYBRID PRO CLASSIC,0,0,0,0,0,0,0,0,0,0,0,0,0,0,0,0,0,0,0,0,0,0,0,0,0,0,0,0,0,"정품_194,300|해외구매_168,520","정품_194,300|해외구매_168,520","정품_194,300|해외구매_168,080"
122664816,Creative 사운드 블라스터 GH7,0,0,0,0,0,0,0,0,0,0,0,0,0,0,0,0,0,0,0,0,0,0,0,0,0,0,0,0,0,"해외구매_95,320","해외구매_99,080","해외구매_99,080"
18491138,DELL WH3022,0,0,0,0,0,0,0,0,0,0,0,0,0,0,0,0,0,0,0,0,0,0,0,0,0,0,0,0,0,"정품_88,890",0,0
15734273,DOXX DX-5 가상 7.1채널 LED 게이밍 헤드셋,0,0,0,0,0,0,0,0,0,0,0,0,0,0,0,0,0,0,0,0,0,0,0,0,0,0,0,0,0,"46,400","46,390","46,380"
98545145,EKSA E1000 V2,0,0,0,0,0,0,0,0,0,0,0,0,0,0,0,0,0,0,0,0,0,0,0,0,0,0,0,0,0,"정품_41,900","정품_41,900","정품_41,900"
97225940,EKSA E900 Pro,0,0,0,0,0,0,0,0,0,0,0,0,0,0,0,0,0,0,0,0,0,0,0,0,0,0,0,0,0,"정품_62,130|해외구매_54,730","정품_59,930|해외구매_54,730","정품_59,930|해외구매_54,730"
94814894,EKSA H12,0,0,0,0,0,0,0,0,0,0,0,0,0,0,0,0,0,0,0,0,0,0,0,0,0,0,0,0,0,"정품_57,900","정품_57,900","정품_57,900"
94814918,EKSA H12E,0,0,0,0,0,0,0,0,0,0,0,0,0,0,0,0,0,0,0,0,0,0,0,0,0,0,0,0,0,"정품_34,530","정품_34,530","정품_34,530"
122689542,EPOS H3pro ANC 무선 헤드셋,0,0,0,0,0,0,0,0,0,0,0,0,0,0,0,0,0,0,0,0,0,0,0,0,0,0,0,0,0,"해외구매_152,370","해외구매_152,370","해외구매_152,370"
15639134,EPOS H6Pro 게이밍 헤드셋,0,0,0,0,0,0,0,0,0,0,0,0,0,0,0,0,0,0,0,0,0,0,0,0,0,0,0,0,0,"밀폐형, 해외구매_161,800|오픈형, 해외구매_141,000","밀폐형, 해외구매_161,800|오픈형, 해외구매_141,000","밀폐형, 해외구매_161,800|오픈형, 해외구매_141,000"
106222988,EPOS IMPACT SC30 USB,0,0,0,0,0,0,0,0,0,0,0,0,0,0,0,0,0,0,0,0,0,0,0,0,0,0,0,0,0,"정품_75,880","정품_75,850","정품_75,830"
106222775,EPOS IMPACT SC60 USB,0,0,0,0,0,0,0,0,0,0,0,0,0,0,0,0,0,0,0,0,0,0,0,0,0,0,0,0,0,"정품_79,120","정품_79,120","정품_79,120"
71906327,EPOS 젠하이저 Adapt260,0,0,0,0,0,0,0,0,0,0,0,0,0,0,0,0,0,0,0,0,0,0,0,0,0,0,0,0,0,"정품_143,520","정품_143,510","정품_143,510"
10114806,EPOS 젠하이저 GSP 370 무선 게이밍 헤드셋,0,0,0,0,0,0,0,0,0,0,0,0,0,0,0,0,0,0,0,0,0,0,0,0,0,0,0,0,0,"정품_196,000","정품_196,000","정품_196,000"
92625476,FIFINE TECHNOLOGY H6,0,0,0,0,0,0,0,0,0,0,0,0,0,0,0,0,0,0,0,0,0,0,0,0,0,0,0,0,0,0,"정품_55,850|해외구매_39,970","정품_55,850|해외구매_39,970"
100382831,For LG LGA-950,0,0,0,0,0,0,0,0,0,0,0,0,0,0,0,0,0,0,0,0,0,0,0,0,0,0,0,0,0,"정품_19,900","정품_19,900","정품_19,900"
16013201,For LG LGA-HS100,0,0,0,0,0,0,0,0,0,0,0,0,0,0,0,0,0,0,0,0,0,0,0,0,0,0,0,0,0,"10,800","10,800","10,800"
5195029,For LG LH-950,0,0,0,0,0,0,0,0,0,0,0,0,0,0,0,0,0,0,0,0,0,0,0,0,0,0,0,0,0,"10,800","10,800","10,800"
96311582,Fractal Design Scape,0,0,0,0,0,0,0,0,0,0,0,0,0,0,0,0,0,0,0,0,0,0,0,0,0,0,0,0,0,"다크_269,100|라이트_269,100","다크_269,100|라이트_299,000","다크_299,000|라이트_298,990"
21634454,GDEVIL G535 AURORA 가상 7.1채널 RGB 게이밍 헤드셋,0,0,0,0,0,0,0,0,0,0,0,0,0,0,0,0,0,0,0,0,0,0,0,0,0,0,0,0,0,"17,490","17,490","17,490"
36199940,GDEVIL G538 WILDCAT 가상 7.1채널 RGB 게이밍 헤드셋,0,0,0,0,0,0,0,0,0,0,0,0,0,0,0,0,0,0,0,0,0,0,0,0,0,0,0,0,0,"블랙_19,350|화이트_21,140|그레이_21,140|그린_21,140","블랙_19,350|화이트_21,800|그레이_21,800|그린_21,800","블랙_19,350|화이트_21,800|그레이_21,800|그린_21,800"
31264631,GDEVIL G737 TUNE PRO 블루투스 무선 헤드셋,0,0,0,0,0,0,0,0,0,0,0,0,0,0,0,0,0,0,0,0,0,0,0,0,0,0,0,0,0,"블랙_55,700|화이트_55,700","블랙_55,700|화이트_55,700","블랙_55,700|화이트_55,700"
27359375,GDEVIL G737 TUNE71 가상 7.1채널 RGB 게이밍 헤드셋,0,0,0,0,0,0,0,0,0,0,0,0,0,0,0,0,0,0,0,0,0,0,0,0,0,0,0,0,0,"34,410","34,410","34,410"
105182522,GEOMAX GM-GH1500 USB 7.1 채널 게이밍 헤드셋,0,0,0,0,0,0,0,0,0,0,0,0,0,0,0,0,0,0,0,0,0,0,0,0,0,0,0,0,0,"정품_17,600","정품_17,600","정품_17,600"
10715451,HP H200GS LED 가상 7.1채널 게이밍 헤드셋,0,0,0,0,0,0,0,0,0,0,0,0,0,0,0,0,0,0,0,0,0,0,0,0,0,0,0,0,0,"24,890","24,890","24,890"
18768410,HP 폴리 보이저 포커스2 UC + 차징스탠드,0,0,0,0,0,0,0,0,0,0,0,0,0,0,0,0,0,0,0,0,0,0,0,0,0,0,0,0,0,"정품_297,500","정품_297,500","정품_297,500"
5785920,HyperX Cloud Alpha,0,0,0,0,0,0,0,0,0,0,0,0,0,0,0,0,0,0,0,0,0,0,0,0,0,0,0,0,0,"정품_109,000|해외구매_81,710|벌크_125,240","정품_109,000|해외구매_81,710|벌크_125,240","정품_109,000|해외구매_81,090|벌크_125,240"
16822961,HyperX Cloud Alpha S HX-HSCAS-BK/WW,0,0,0,0,0,0,0,0,0,0,0,0,0,0,0,0,0,0,0,0,0,0,0,0,0,0,0,0,0,"해외구매_180,430","해외구매_180,430",0
16928027,HyperX Cloud Alpha Wireless 4P5D4AA,0,0,0,0,0,0,0,0,0,0,0,0,0,0,0,0,0,0,0,0,0,0,0,0,0,0,0,0,0,"정품_203,340|해외구매_185,300","정품_203,340|해외구매_185,300","정품_203,340|해외구매_185,300"
11198538,HyperX Cloud Flight S,0,0,0,0,0,0,0,0,0,0,0,0,0,0,0,0,0,0,0,0,0,0,0,0,0,0,0,0,0,0,"정품_116,500|벌크_116,500",0
3490502,HyperX Cloud II,0,0,0,0,0,0,0,0,0,0,0,0,0,0,0,0,0,0,0,0,0,0,0,0,0,0,0,0,0,"정품_148,030|해외구매_73,210|벌크_129,030","정품_148,030|해외구매_73,210|벌크_129,030","정품_148,030|해외구매_73,210|벌크_129,030"
105182081,HyperX Cloud II Alpha Wireless,0,0,0,0,0,0,0,0,0,0,0,0,0,0,0,0,0,0,0,0,0,0,0,0,0,0,0,0,0,"정품_396,730","정품_396,730","정품_396,730"
13783310,HyperX Cloud II Wireless,0,0,0,0,0,0,0,0,0,0,0,0,0,0,0,0,0,0,0,0,0,0,0,0,0,0,0,0,0,"해외구매_141,600","해외구매_141,600","해외구매_141,600"
20397689,HyperX Cloud III,0,0,0,0,0,0,0,0,0,0,0,0,0,0,0,0,0,0,0,0,0,0,0,0,0,0,0,0,0,"블랙, 정품_86,120|레드, 정품_90,620|화이트, 정품_99,000|해외구매_96,570","블랙, 정품_90,620|레드, 정품_90,620|화이트, 정품_99,000|해외구매_96,570","블랙, 정품_86,120|레드, 정품_90,620|화이트, 정품_99,000|해외구매_96,570"
92151113,HyperX Cloud III S,0,0,0,0,0,0,0,0,0,0,0,0,0,0,0,0,0,0,0,0,0,0,0,0,0,0,0,0,0,"블랙_199,000|화이트_199,000|레드_199,000|해외구매_205,200","블랙_199,000|화이트_199,000|레드_199,000|해외구매_203,450","블랙_199,000|화이트_199,000|레드_199,000|해외구매_203,450"
28089137,HyperX Cloud III Wireless,0,0,0,0,0,0,0,0,0,0,0,0,0,0,0,0,0,0,0,0,0,0,0,0,0,0,0,0,0,"블랙, 정품_225,860|블랙, 해외구매_125,920|레드, 해외구매_211,070","블랙, 정품_225,860|블랙, 해외구매_124,930|레드, 해외구매_211,070","블랙, 정품_225,860|블랙, 해외구매_124,930|레드, 해외구매_211,070"
77964791,HyperX Cloud Jet,0,0,0,0,0,0,0,0,0,0,0,0,0,0,0,0,0,0,0,0,0,0,0,0,0,0,0,0,0,"블랙_98,580|라이트블루_118,880","블랙_98,580|라이트블루_118,880","블랙_98,580|라이트블루_109,000"
76556087,HyperX Cloud MIX 2 7P5J2AA,0,0,0,0,0,0,0,0,0,0,0,0,0,0,0,0,0,0,0,0,0,0,0,0,0,0,0,0,0,"정품_186,810","정품_186,810","정품_186,810"
18106751,HyperX Cloud Stinger 2 519T1AA,0,0,0,0,0,0,0,0,0,0,0,0,0,0,0,0,0,0,0,0,0,0,0,0,0,0,0,0,0,0,"정품_55,200","정품_55,200"
18107420,HyperX Cloud Stinger 2 Core 683L9AA,0,0,0,0,0,0,0,0,0,0,0,0,0,0,0,0,0,0,0,0,0,0,0,0,0,0,0,0,0,"정품_41,430|해외구매_41,430","정품_41,430|해외구매_41,430","정품_41,430|해외구매_41,430"
122705330,HyperX Cloud Stinger 2 Core 6H9B5AA,0,0,0,0,0,0,0,0,0,0,0,0,0,0,0,0,0,0,0,0,0,0,0,0,0,0,0,0,0,"정품_49,900","정품_49,900","정품_49,900"
19041209,HyperX Cloud Stinger Core Wireless,0,0,0,0,0,0,0,0,0,0,0,0,0,0,0,0,0,0,0,0,0,0,0,0,0,0,0,0,0,"블랙, 해외구매_153,300|화이트, 해외구매_78,580|블랙, 벌크_96,830","블랙, 해외구매_153,300|화이트, 해외구매_78,410|블랙, 벌크_96,830","블랙, 해외구매_153,300|화이트, 해외구매_78,390|블랙, 벌크_96,830"
14440973,JBL QUANTUM 100,0,0,0,0,0,0,0,0,0,0,0,0,0,0,0,0,0,0,0,0,0,0,0,0,0,0,0,0,0,0,0,"해외구매_61,200"
122727955,JBL QUANTUM 250,0,0,0,0,0,0,0,0,0,0,0,0,0,0,0,0,0,0,0,0,0,0,0,0,0,0,0,0,0,"정품_89,940","정품_89,940","정품_89,940"
11596577,JBL QUANTUM 300,0,0,0,0,0,0,0,0,0,0,0,0,0,0,0,0,0,0,0,0,0,0,0,0,0,0,0,0,0,"정품_72,080|해외구매_89,890","정품_72,080|해외구매_89,890","정품_72,080|해외구매_89,890"
17628086,JBL QUANTUM 350,0,0,0,0,0,0,0,0,0,0,0,0,0,0,0,0,0,0,0,0,0,0,0,0,0,0,0,0,0,"정품_190,750|해외구매_163,330","정품_190,750|해외구매_163,330","정품_190,750|해외구매_163,330"
14439536,JBL QUANTUM ONE,0,0,0,0,0,0,0,0,0,0,0,0,0,0,0,0,0,0,0,0,0,0,0,0,0,0,0,0,0,"해외구매_228,900","해외구매_228,900","해외구매_228,900"
3318808,KOTION G2000,0,0,0,0,0,0,0,0,0,0,0,0,0,0,0,0,0,0,0,0,0,0,0,0,0,0,0,0,0,"정품_14,030|해외구매_24,380","정품_14,030|해외구매_24,380","정품_14,030|해외구매_24,380"
12451880,KOTION G5300,0,0,0,0,0,0,0,0,0,0,0,0,0,0,0,0,0,0,0,0,0,0,0,0,0,0,0,0,0,"18,330","18,330","18,700"
6082670,KOTION GS100,0,0,0,0,0,0,0,0,0,0,0,0,0,0,0,0,0,0,0,0,0,0,0,0,0,0,0,0,0,"30,100","30,100","30,100"
54813554,LONGGU G35,0,0,0,0,0,0,0,0,0,0,0,0,0,0,0,0,0,0,0,0,0,0,0,0,0,0,0,0,0,"해외구매_23,450","해외구매_23,450","해외구매_23,450"
19944392,MAXTILL G7700H ENC 가상 7.1채널 RGB 게이밍 헤드셋,0,0,0,0,0,0,0,0,0,0,0,0,0,0,0,0,0,0,0,0,0,0,0,0,0,0,0,0,0,"블랙_29,690","블랙_29,690","블랙_29,690"
28606523,MAXTILL GM-GHC100 C타입 7.1채널 RGB 올인원 게이밍 헤드셋,0,0,0,0,0,0,0,0,0,0,0,0,0,0,0,0,0,0,0,0,0,0,0,0,0,0,0,0,0,"15,800","15,800","15,800"
67693184,MAXTILL GM-GHC200 버추얼 7.1 C타입 게이밍 헤드셋,0,0,0,0,0,0,0,0,0,0,0,0,0,0,0,0,0,0,0,0,0,0,0,0,0,0,0,0,0,"19,300","19,300","19,300"
93317294,MAXTILL GM-GHC500 가상7.1채널 게이밍 헤드셋,0,0,0,0,0,0,0,0,0,0,0,0,0,0,0,0,0,0,0,0,0,0,0,0,0,0,0,0,0,"정품_19,900","정품_19,900",0
122626999,MAXTILL GM-GHU710 PRO 가상 7.1 LED,0,0,0,0,0,0,0,0,0,0,0,0,0,0,0,0,0,0,0,0,0,0,0,0,0,0,0,0,0,"정품_19,900","정품_19,900","정품_19,900"
21509210,MAXTILL GM-HC10,0,0,0,0,0,0,0,0,0,0,0,0,0,0,0,0,0,0,0,0,0,0,0,0,0,0,0,0,0,"23,150","23,150","21,910"
36205586,MAXTILL GM-HC20,0,0,0,0,0,0,0,0,0,0,0,0,0,0,0,0,0,0,0,0,0,0,0,0,0,0,0,0,0,"13,800",0,0
79407848,MAXTILL GM-HC70,0,0,0,0,0,0,0,0,0,0,0,0,0,0,0,0,0,0,0,0,0,0,0,0,0,0,0,0,0,"정품_13,900","정품_13,900","정품_13,900"
16175066,MAXTILL GM-L100H 다이나믹 스테레오 헤드셋,0,0,0,0,0,0,0,0,0,0,0,0,0,0,0,0,0,0,0,0,0,0,0,0,0,0,0,0,0,"블랙_10,000|화이트_9,450","블랙_10,000|화이트_9,450","블랙_10,000|화이트_9,450"
16064687,MAXTILL GM-M100U 가상 7.1채널 LED 게이밍 헤드셋,0,0,0,0,0,0,0,0,0,0,0,0,0,0,0,0,0,0,0,0,0,0,0,0,0,0,0,0,0,"17,830","17,830","17,830"
35770523,MAXTILL GM-P500B 가상 7.1채널 무선 게이밍 헤드셋,0,0,0,0,0,0,0,0,0,0,0,0,0,0,0,0,0,0,0,0,0,0,0,0,0,0,0,0,0,"27,900","27,900","27,900"
28930529,MAXTILL MO-GH200U,0,0,0,0,0,0,0,0,0,0,0,0,0,0,0,0,0,0,0,0,0,0,0,0,0,0,0,0,0,"24,900","24,900",0
13949867,MAXTILL TRON G900 가상7.1 채널 RGB LED 게이밍 헤드셋,0,0,0,0,0,0,0,0,0,0,0,0,0,0,0,0,0,0,0,0,0,0,0,0,0,0,0,0,0,"36,010","36,010","36,010"
50129669,MONKA HG9069W 유무선 RGB 게이밍 헤드셋,0,0,0,0,0,0,0,0,0,0,0,0,0,0,0,0,0,0,0,0,0,0,0,0,0,0,0,0,0,"64,900","64,900","64,900"
14408960,MPOW EG3 PRO 가상 7.1 채널 게이밍 헤드셋,0,0,0,0,0,0,0,0,0,0,0,0,0,0,0,0,0,0,0,0,0,0,0,0,0,0,0,0,0,"정품_15,900","정품_15,900","정품_15,900"
33369605,MSI GH50 무선 게이밍 헤드셋,0,0,0,0,0,0,0,0,0,0,0,0,0,0,0,0,0,0,0,0,0,0,0,0,0,0,0,0,0,"정품_114,320","정품_114,320","정품_114,320"
16311884,MSI H991,0,0,0,0,0,0,0,0,0,0,0,0,0,0,0,0,0,0,0,0,0,0,0,0,0,0,0,0,0,"14,990","14,990","14,990"
11265486,MadCatz F.R.E.Q.2,0,0,0,0,0,0,0,0,0,0,0,0,0,0,0,0,0,0,0,0,0,0,0,0,0,0,0,0,0,"정품_39,000","정품_39,000","정품_39,000"
11304504,MadCatz F.R.E.Q.4,0,0,0,0,0,0,0,0,0,0,0,0,0,0,0,0,0,0,0,0,0,0,0,0,0,0,0,0,0,"정품_55,000","정품_55,000","정품_55,000"
18128012,MadCatz P.I.L.O.T 5,0,0,0,0,0,0,0,0,0,0,0,0,0,0,0,0,0,0,0,0,0,0,0,0,0,0,0,0,0,"68,990","68,990","68,990"
18647024,Microsoft Xbox Wireless,0,0,0,0,0,0,0,0,0,0,0,0,0,0,0,0,0,0,0,0,0,0,0,0,0,0,0,0,0,"정품_77,900|해외구매_181,280","정품_77,900|해외구매_181,280","정품_75,900|해외구매_181,280"
20656073,NZXT RELAY 유선 헤드셋,0,0,0,0,0,0,0,0,0,0,0,0,0,0,0,0,0,0,0,0,0,0,0,0,0,0,0,0,0,"블랙, 정품_130,680|화이트, 정품_145,000|블랙, 해외구매_180,240|화이트, 해외구매_179,900","블랙, 정품_130,680|화이트, 정품_145,000|블랙, 해외구매_180,240|화이트, 해외구매_179,900","블랙, 정품_130,680|화이트, 정품_145,000|블랙, 해외구매_180,240|화이트, 해외구매_179,900"
98087471,OMIIYA H59,0,0,0,0,0,0,0,0,0,0,0,0,0,0,0,0,0,0,0,0,0,0,0,0,0,0,0,0,0,"정품_18,900|중고_16,070","정품_18,900|중고_15,120","정품_18,900|중고_16,070"
101630693,ONIKUMA X31,0,0,0,0,0,0,0,0,0,0,0,0,0,0,0,0,0,0,0,0,0,0,0,0,0,0,0,0,0,"해외구매_26,600","해외구매_26,600","해외구매_26,600"
97111178,ONIKUMA X33,0,0,0,0,0,0,0,0,0,0,0,0,0,0,0,0,0,0,0,0,0,0,0,0,0,0,0,0,0,"정품_29,560","정품_29,560","정품_29,560"
60167036,RHINO GEAR RG-GH500,0,0,0,0,0,0,0,0,0,0,0,0,0,0,0,0,0,0,0,0,0,0,0,0,0,0,0,0,0,"12,740","12,740","12,740"
12423692,ROCCAT ELO 7.1 USB,0,0,0,0,0,0,0,0,0,0,0,0,0,0,0,0,0,0,0,0,0,0,0,0,0,0,0,0,0,"정품_69,000","정품_69,000","정품_69,000"
12423371,ROCCAT ELO X STEREO,0,0,0,0,0,0,0,0,0,0,0,0,0,0,0,0,0,0,0,0,0,0,0,0,0,0,0,0,0,"정품_65,000","정품_65,000","정품_65,000"
19940912,RODE NTH-100M,0,0,0,0,0,0,0,0,0,0,0,0,0,0,0,0,0,0,0,0,0,0,0,0,0,0,0,0,0,"정품_299,000|해외구매_228,120","정품_299,000|해외구매_228,120","정품_299,000|해외구매_228,120"
18535982,Razer Barracuda,0,0,0,0,0,0,0,0,0,0,0,0,0,0,0,0,0,0,0,0,0,0,0,0,0,0,0,0,0,"쿼츠, 정품_249,000|블랙, 해외구매_331,200|화이트, 해외구매_202,300|쿼츠, 해외구매_135,470","쿼츠, 정품_249,000|블랙, 해외구매_331,200|화이트, 해외구매_202,300|쿼츠, 해외구매_135,470","쿼츠, 정품_249,000|블랙, 해외구매_331,200|화이트, 해외구매_202,300|쿼츠, 해외구매_135,140"
17246339,Razer Barracuda Pro,0,0,0,0,0,0,0,0,0,0,0,0,0,0,0,0,0,0,0,0,0,0,0,0,0,0,0,0,0,"정품_389,000|해외구매_216,300","정품_389,000|해외구매_216,300","정품_389,000|해외구매_216,300"
14779625,Razer Barracuda X,0,0,0,0,0,0,0,0,0,0,0,0,0,0,0,0,0,0,0,0,0,0,0,0,0,0,0,0,0,"블랙, 해외구매_85,110|화이트, 해외구매_90,950|쿼츠, 해외구매_90,950|블랙, 벌크_104,040","블랙, 해외구매_85,110|화이트, 해외구매_90,950|쿼츠, 해외구매_90,950|블랙, 벌크_104,040","블랙, 해외구매_85,110|화이트, 해외구매_90,950|쿼츠, 해외구매_90,950|블랙, 벌크_104,040"
71972552,Razer Barracuda X Chroma,0,0,0,0,0,0,0,0,0,0,0,0,0,0,0,0,0,0,0,0,0,0,0,0,0,0,0,0,0,"블랙, 정품_93,700|화이트, 정품_184,630|블랙, 해외구매_155,840|화이트, 해외구매_159,770|블랙, 벌크_90,960","블랙, 정품_93,700|화이트, 정품_184,630|블랙, 해외구매_154,940|화이트, 해외구매_159,420|블랙, 벌크_90,960","블랙, 정품_93,700|화이트, 정품_184,630|블랙, 해외구매_154,140|화이트, 해외구매_159,380|블랙, 벌크_90,960"
96856196,Razer Barracuda X Chroma 팬텀 그린 에디션,0,0,0,0,0,0,0,0,0,0,0,0,0,0,0,0,0,0,0,0,0,0,0,0,0,0,0,0,0,"정품_259,000|","정품_259,000|","정품_259,000|"
99739823,Razer Barracuda X Chroma 팬텀 화이트 에디션,0,0,0,0,0,0,0,0,0,0,0,0,0,0,0,0,0,0,0,0,0,0,0,0,0,0,0,0,0,"정품_258,990|해외구매_250,070","정품_258,990|해외구매_250,070","정품_258,990|해외구매_250,070"
17228420,Razer Barracuda X Plus,0,0,0,0,0,0,0,0,0,0,0,0,0,0,0,0,0,0,0,0,0,0,0,0,0,0,0,0,0,"블랙, 정품_87,750|화이트, 정품_92,370|쿼츠, 정품_99,900|블랙, 해외구매_76,700|화이트, 해외구매_82,480|||","블랙, 정품_87,750|화이트, 정품_92,370|쿼츠, 정품_99,900|블랙, 해외구매_76,700|화이트, 해외구매_82,480|||","블랙, 정품_87,750|화이트, 정품_92,370|쿼츠, 정품_99,900|블랙, 해외구매_76,700|화이트, 해외구매_82,480|||"
14388614,Razer BlackShark V2,0,0,0,0,0,0,0,0,0,0,0,0,0,0,0,0,0,0,0,0,0,0,0,0,0,0,0,0,0,"해외구매_116,940|벌크_97,750","해외구매_116,940|벌크_97,750","해외구매_113,180|벌크_97,750"
28778972,Razer BlackShark V2 Hyperspeed,0,0,0,0,0,0,0,0,0,0,0,0,0,0,0,0,0,0,0,0,0,0,0,0,0,0,0,0,0,"블랙, 정품_198,000|화이트, 정품_199,000|블랙, 해외구매_128,100|화이트, 해외구매_156,180|블랙, 벌크_103,400|","블랙, 정품_198,000|화이트, 정품_199,000|블랙, 해외구매_128,100|화이트, 해외구매_156,180|블랙, 벌크_103,400|","블랙, 정품_198,000|화이트, 정품_199,000|블랙, 해외구매_128,100|화이트, 해외구매_156,180|블랙, 벌크_103,400|"
16275680,Razer BlackShark V2 Pro,0,0,0,0,0,0,0,0,0,0,0,0,0,0,0,0,0,0,0,0,0,0,0,0,0,0,0,0,0,"화이트, 정품_299,000|블랙, 해외구매_173,900|화이트, 해외구매_188,960|블랙, 벌크_176,800|화이트, 벌크_229,890","화이트, 정품_299,000|블랙, 해외구매_173,900|화이트, 해외구매_188,560|블랙, 벌크_176,800|화이트, 벌크_229,890","화이트, 정품_299,000|블랙, 해외구매_173,900|화이트, 해외구매_188,510|블랙, 벌크_176,800|화이트, 벌크_229,890"
19990316,Razer BlackShark V2 Pro 2023,0,0,0,0,0,0,0,0,0,0,0,0,0,0,0,0,0,0,0,0,0,0,0,0,0,0,0,0,0,"블랙, 정품_273,000|화이트, 정품_294,100|블랙, 해외구매_213,300|화이트, 해외구매_169,330|블랙, 벌크_161,990|","블랙, 정품_273,000|화이트, 정품_294,100|블랙, 해외구매_213,300|화이트, 해외구매_169,310|블랙, 벌크_173,690|","블랙, 정품_203,220|화이트, 정품_203,220|블랙, 해외구매_213,300|화이트, 해외구매_169,250|블랙, 벌크_173,690|"
49831460,Razer BlackShark V2 Pro Xbox Licensed,0,0,0,0,0,0,0,0,0,0,0,0,0,0,0,0,0,0,0,0,0,0,0,0,0,0,0,0,0,"블랙, 정품_299,000|화이트, 정품_299,000|중고_181,040|블랙, 해외구매_182,830|화이트, 해외구매_210,750|","블랙, 정품_299,000|화이트, 정품_299,000|중고_181,040|블랙, 해외구매_181,780|화이트, 해외구매_210,750|","블랙, 정품_299,000|화이트, 정품_299,000|중고_181,040|블랙, 해외구매_180,460|화이트, 해외구매_210,260|"
49831190,Razer BlackShark V2 Pro for PlayStation,0,0,0,0,0,0,0,0,0,0,0,0,0,0,0,0,0,0,0,0,0,0,0,0,0,0,0,0,0,"블랙, 정품_283,190|화이트, 정품_283,190|블랙, 해외구매_212,130|화이트, 해외구매_213,800","블랙, 정품_283,190|화이트, 정품_283,190|블랙, 해외구매_212,130|화이트, 해외구매_213,800","블랙, 정품_283,190|화이트, 정품_283,190|블랙, 해외구매_212,130|화이트, 해외구매_332,470"
12045284,Razer BlackShark V2 X,0,0,0,0,0,0,0,0,0,0,0,0,0,0,0,0,0,0,0,0,0,0,0,0,0,0,0,0,0,"블랙, 정품_151,500|쿼츠, 정품_89,000|그린, 정품_89,000|화이트, 정품_59,900|블랙, 병행수입_66,240|||||","블랙, 정품_151,500|쿼츠, 정품_89,000|그린, 정품_89,000|화이트, 정품_59,900|블랙, 병행수입_66,240|||||","블랙, 정품_151,500|쿼츠, 정품_89,000|그린, 정품_89,000|화이트, 정품_59,900|블랙, 병행수입_66,240|||||"
123589074,Razer BlackShark V2 X Essential,0,0,0,0,0,0,0,0,0,0,0,0,0,0,0,0,0,0,0,0,0,0,0,0,0,0,0,0,0,"정품_49,900","정품_49,900","정품_49,900"
17763425,Razer BlackShark V2 X USB,0,0,0,0,0,0,0,0,0,0,0,0,0,0,0,0,0,0,0,0,0,0,0,0,0,0,0,0,0,"정품_89,000|벌크_102,480|중고_69,490","정품_89,000|벌크_102,410|중고_69,490","정품_89,000|벌크_102,290|중고_69,490"
97123982,Razer BlackShark V3,0,0,0,0,0,0,0,0,0,0,0,0,0,0,0,0,0,0,0,0,0,0,0,0,0,0,0,0,0,"블랙_184,900|화이트_179,000|해외구매_208,320","블랙_184,900|화이트_179,000|해외구매_208,320","블랙_184,900|화이트_179,000|해외구매_208,310"
97123877,Razer BlackShark V3 Pro,0,0,0,0,0,0,0,0,0,0,0,0,0,0,0,0,0,0,0,0,0,0,0,0,0,0,0,0,0,"블랙_398,330|화이트_389,000|해외구매_357,400","블랙_398,260|화이트_389,000|해외구매_357,400","블랙_398,140|화이트_389,000|해외구매_357,400"
122692822,Razer BlackShark V3 Pro Niko EDITION,0,0,0,0,0,0,0,0,0,0,0,0,0,0,0,0,0,0,0,0,0,0,0,0,0,0,0,0,0,"정품_419,000|해외구매_338,190","정품_419,000|해외구매_338,190","정품_419,000|해외구매_338,190"
99890480,Razer BlackShark V3 Pro for PLAYSTATION,0,0,0,0,0,0,0,0,0,0,0,0,0,0,0,0,0,0,0,0,0,0,0,0,0,0,0,0,0,"블랙_389,000|화이트_389,000|해외구매_416,150","블랙_389,000|화이트_389,000|해외구매_416,150","블랙_389,000|화이트_389,000|해외구매_416,150"
98484350,Razer BlackShark V3 Pro for Xbox,0,0,0,0,0,0,0,0,0,0,0,0,0,0,0,0,0,0,0,0,0,0,0,0,0,0,0,0,0,"블랙_275,520|화이트_389,000|해외구매_387,130","블랙_275,460|화이트_389,000|해외구매_387,130","블랙_275,350|화이트_389,000|해외구매_387,130"
97124111,Razer BlackShark V3 X HyperSpeed,0,0,0,0,0,0,0,0,0,0,0,0,0,0,0,0,0,0,0,0,0,0,0,0,0,0,0,0,0,"정품_159,000|해외구매_144,010","정품_159,000|해외구매_144,010","정품_159,000|해외구매_144,010"
100619054,Razer BlackShark V3 X HyperSpeed for PlayStation,0,0,0,0,0,0,0,0,0,0,0,0,0,0,0,0,0,0,0,0,0,0,0,0,0,0,0,0,0,"정품, 블랙_154,000|정품, 화이트_159,000|해외구매_176,490","정품, 블랙_154,000|정품, 화이트_159,000|해외구매_176,490","정품, 블랙_154,000|정품, 화이트_159,000|해외구매_176,490"
98483996,Razer BlackShark V3 X HyperSpeed for Xbox,0,0,0,0,0,0,0,0,0,0,0,0,0,0,0,0,0,0,0,0,0,0,0,0,0,0,0,0,0,"정품, 블랙_159,000|정품, 화이트_159,000|해외구매_126,200","정품, 블랙_159,000|정품, 화이트_159,000|해외구매_126,200","정품, 블랙_159,000|정품, 화이트_159,000|해외구매_126,200"
100701647,Razer BlackShark V3 for PlayStation,0,0,0,0,0,0,0,0,0,0,0,0,0,0,0,0,0,0,0,0,0,0,0,0,0,0,0,0,0,"정품_229,000|해외구매_217,900","정품_229,000|해외구매_217,900","정품_239,000|해외구매_217,900"
98484185,Razer BlackShark V3 for Xbox,0,0,0,0,0,0,0,0,0,0,0,0,0,0,0,0,0,0,0,0,0,0,0,0,0,0,0,0,0,"블랙, 정품_229,000|해외구매_229,240|화이트, 정품_229,000","블랙, 정품_229,000|해외구매_229,240|화이트, 정품_229,000","블랙, 정품_222,270|해외구매_229,240|화이트, 정품_239,000"
18536459,Razer Kaira Pro HyperSpeed PS5 License,0,0,0,0,0,0,0,0,0,0,0,0,0,0,0,0,0,0,0,0,0,0,0,0,0,0,0,0,0,"정품_210,000","정품_210,000","정품_210,000"
13892492,Razer Kaira Pro for Xbox 무선 헤드셋,0,0,0,0,0,0,0,0,0,0,0,0,0,0,0,0,0,0,0,0,0,0,0,0,0,0,0,0,0,"정품_249,000|해외구매_194,410","정품_249,000|해외구매_194,410","정품_249,000|해외구매_194,410"
91871735,Razer Kraken Kitty V2 BT,0,0,0,0,0,0,0,0,0,0,0,0,0,0,0,0,0,0,0,0,0,0,0,0,0,0,0,0,0,"블랙, 정품_169,000|쿼츠, 정품_169,000|화이트, 정품_169,000|블랙, 해외구매_160,830|쿼츠, 해외구매_90,650|","블랙, 정품_169,000|쿼츠, 정품_169,000|화이트, 정품_169,000|블랙, 해외구매_160,830|쿼츠, 해외구매_90,650|","블랙, 정품_169,000|쿼츠, 정품_169,000|화이트, 정품_169,000|블랙, 해외구매_160,830|쿼츠, 해외구매_90,650|"
19063310,Razer Kraken Kitty V2 Pro,0,0,0,0,0,0,0,0,0,0,0,0,0,0,0,0,0,0,0,0,0,0,0,0,0,0,0,0,0,"블랙, 정품_145,700|쿼츠, 정품_51,990|블랙, 해외구매_130,870|쿼츠, 해외구매_123,980|벌크_137,830","블랙, 정품_145,700|쿼츠, 정품_51,990|블랙, 해외구매_130,870|쿼츠, 해외구매_123,980|벌크_137,830","블랙, 정품_145,700|쿼츠, 정품_51,990|블랙, 해외구매_130,560|쿼츠, 해외구매_109,350|벌크_137,820"
97307042,Razer Kraken Kitty V3 Pro,0,0,0,0,0,0,0,0,0,0,0,0,0,0,0,0,0,0,0,0,0,0,0,0,0,0,0,0,0,"블랙_269,000|쿼츠_269,000|화이트_269,000|해외구매_256,360","블랙_269,000|쿼츠_269,000|화이트_269,000|해외구매_256,300","블랙_286,750|쿼츠_289,000|화이트_289,000|해외구매_256,170"
97306799,Razer Kraken Kitty V3 X,0,0,0,0,0,0,0,0,0,0,0,0,0,0,0,0,0,0,0,0,0,0,0,0,0,0,0,0,0,"블랙_89,000|쿼츠_89,000|화이트_89,000","블랙_89,000|쿼츠_99,000|화이트_89,000","블랙_89,000|쿼츠_99,000|화이트_99,000"
15799142,Razer Kraken V3,0,0,0,0,0,0,0,0,0,0,0,0,0,0,0,0,0,0,0,0,0,0,0,0,0,0,0,0,0,"정품_147,860|벌크_67,750","정품_147,800|벌크_67,750","정품_147,740|벌크_67,740"
16255412,Razer Kraken V3 Pro,0,0,0,0,0,0,0,0,0,0,0,0,0,0,0,0,0,0,0,0,0,0,0,0,0,0,0,0,0,"정품_259,000|해외구매_244,840|벌크_115,360|해외리퍼_178,900","정품_259,000|해외구매_244,840|벌크_115,290|해외리퍼_178,900","정품_259,000|해외구매_244,840|벌크_115,170|해외리퍼_178,900"
17338757,Razer Kraken V3 X,0,0,0,0,0,0,0,0,0,0,0,0,0,0,0,0,0,0,0,0,0,0,0,0,0,0,0,0,0,"병행수입_55,360|정품_64,190|해외구매_66,600|벌크_99,110","병행수입_55,360|정품_64,190|해외구매_66,600|벌크_99,100","병행수입_55,360|정품_59,000|해외구매_66,600|벌크_99,090"
68691911,Razer Kraken V4,0,0,0,0,0,0,0,0,0,0,0,0,0,0,0,0,0,0,0,0,0,0,0,0,0,0,0,0,0,"정품_258,990|해외구매_242,900","정품_258,990|해외구매_242,900","정품_258,990|해외구매_242,900"
123696085,Razer Kraken V4 EVANGELION Edition,0,0,0,0,0,0,0,0,0,0,0,0,0,0,0,0,0,0,0,0,0,0,0,0,0,0,0,0,0,"해외구매_273,340","해외구매_268,430","해외구매_267,560"
71783651,Razer Kraken V4 Pro,0,0,0,0,0,0,0,0,0,0,0,0,0,0,0,0,0,0,0,0,0,0,0,0,0,0,0,0,0,"정품_579,000|해외구매_587,090|벌크_320,300","정품_579,000|해외구매_587,090|벌크_320,240","정품_579,000|해외구매_556,200|벌크_320,130"
71783444,Razer Kraken V4 X,0,0,0,0,0,0,0,0,0,0,0,0,0,0,0,0,0,0,0,0,0,0,0,0,0,0,0,0,0,"정품_139,000|해외구매_116,030","정품_139,000|해외구매_116,010","정품_139,000|해외구매_115,950"
80569925,Razer Kraken V4 X 마인크래프트 에디션,0,0,0,0,0,0,0,0,0,0,0,0,0,0,0,0,0,0,0,0,0,0,0,0,0,0,0,0,0,"정품_161,660|해외구매_96,140","정품_161,660|해외구매_95,930","정품_161,660|해외구매_95,910"
14785634,Razer Opus X,0,0,0,0,0,0,0,0,0,0,0,0,0,0,0,0,0,0,0,0,0,0,0,0,0,0,0,0,0,"쿼츠, 정품_102,860|그린, 정품_139,000|쿼츠, 해외구매_46,090|그린, 해외구매_54,250","쿼츠, 정품_102,860|그린, 정품_139,000|쿼츠, 해외구매_46,090|그린, 해외구매_54,250","쿼츠, 정품_102,860|그린, 정품_139,000|쿼츠, 해외구매_46,090|그린, 해외구매_52,510"
104947409,Razer 클리오,0,0,0,0,0,0,0,0,0,0,0,0,0,0,0,0,0,0,0,0,0,0,0,0,0,0,0,0,0,"정품_299,000","정품_299,000","정품_299,000"
11497307,Redragon Helios H710,0,0,0,0,0,0,0,0,0,0,0,0,0,0,0,0,0,0,0,0,0,0,0,0,0,0,0,0,0,"35,000","35,000","35,000"
37826549,SIE 플레이스테이션 PULSE Elite CFI-ZWH2,0,0,0,0,0,0,0,0,0,0,0,0,0,0,0,0,0,0,0,0,0,0,0,0,0,0,0,0,0,"정품_190,000|해외구매_203,670","정품_197,000|해외구매_195,100","정품_187,990|해외구매_195,100"
17505683,SONY INZONE H3 MDR-G300,0,0,0,0,0,0,0,0,0,0,0,0,0,0,0,0,0,0,0,0,0,0,0,0,0,0,0,0,0,"정품_91,880|해외구매_97,420","정품_91,880|해외구매_97,420","정품_92,000|해외구매_97,420"
29757875,SONY INZONE H5 WH-G500,0,0,0,0,0,0,0,0,0,0,0,0,0,0,0,0,0,0,0,0,0,0,0,0,0,0,0,0,0,"정품_154,700|해외구매_189,320|해외리퍼비시_136,770","정품_154,690|해외구매_189,320|해외리퍼비시_136,770","정품_156,400|해외구매_187,690|해외리퍼비시_136,760"
122628205,SONY INZONE H6 Air,0,0,0,0,0,0,0,0,0,0,0,0,0,0,0,0,0,0,0,0,0,0,0,0,0,0,0,0,0,"정품_247,480|","정품_247,480|","정품_247,480|"
17505689,SONY INZONE H7 WH-G700,0,0,0,0,0,0,0,0,0,0,0,0,0,0,0,0,0,0,0,0,0,0,0,0,0,0,0,0,0,"정품_180,020|해외구매_201,330","정품_179,960|해외구매_200,890","정품_179,900|해외구매_200,840"
98415890,SONY INZONE H9 II WH-G910N,0,0,0,0,0,0,0,0,0,0,0,0,0,0,0,0,0,0,0,0,0,0,0,0,0,0,0,0,0,"정품_385,200|해외구매_332,450","정품_385,200|해외구매_332,450","정품_385,200|해외구매_332,450"
17505677,SONY INZONE H9 WH-G900N,0,0,0,0,0,0,0,0,0,0,0,0,0,0,0,0,0,0,0,0,0,0,0,0,0,0,0,0,0,"정품_205,200|해외구매_220,930|중고_216,630","정품_205,200|해외구매_220,930|중고_216,630","정품_205,200|해외구매_220,920|중고_216,630"
98544845,Smartek STH-C301,0,0,0,0,0,0,0,0,0,0,0,0,0,0,0,0,0,0,0,0,0,0,0,0,0,0,0,0,0,"정품_19,800","정품_19,800","정품_19,800"
21508289,TGIC컴퓨터 TGH-700U,0,0,0,0,0,0,0,0,0,0,0,0,0,0,0,0,0,0,0,0,0,0,0,0,0,0,0,0,0,"18,590","18,590",0
2898521,TGIC컴퓨터 TGH-DJ1,0,0,0,0,0,0,0,0,0,0,0,0,0,0,0,0,0,0,0,0,0,0,0,0,0,0,0,0,0,"블랙_5,060|화이트_5,190","블랙_5,060|화이트_5,190","블랙_5,060|화이트_5,190"
12824975,Tree 바운스 450MV 게이밍 헤드셋,0,0,0,0,0,0,0,0,0,0,0,0,0,0,0,0,0,0,0,0,0,0,0,0,0,0,0,0,0,"22,000","22,000","22,000"
100382774,Tree 베이스 860MV 게이밍 헤드셋,0,0,0,0,0,0,0,0,0,0,0,0,0,0,0,0,0,0,0,0,0,0,0,0,0,0,0,0,0,"정품_27,960","정품_27,960","정품_27,970"
12438557,Tree 제노스 850MV,0,0,0,0,0,0,0,0,0,0,0,0,0,0,0,0,0,0,0,0,0,0,0,0,0,0,0,0,0,"23,790","23,790","23,790"
12729530,Tree 제로존 게이밍 헤드셋,0,0,0,0,0,0,0,0,0,0,0,0,0,0,0,0,0,0,0,0,0,0,0,0,0,0,0,0,0,"16,720","16,720","16,720"
122710484,VARO VH100 RGB 가상 7.1 초경량 게이밍 헤드셋,0,0,0,0,0,0,0,0,0,0,0,0,0,0,0,0,0,0,0,0,0,0,0,0,0,0,0,0,0,"정품_24,150","정품_24,150","정품_24,150"
54813896,VGN VXE V1,0,0,0,0,0,0,0,0,0,0,0,0,0,0,0,0,0,0,0,0,0,0,0,0,0,0,0,0,0,"해외구매_25,650","해외구매_25,650","해외구매_25,650"
92763431,WESEARY WG1,0,0,0,0,0,0,0,0,0,0,0,0,0,0,0,0,0,0,0,0,0,0,0,0,0,0,0,0,0,"정품_39,310","정품_39,310","정품_35,910"
94449209,WESEARY WG3,0,0,0,0,0,0,0,0,0,0,0,0,0,0,0,0,0,0,0,0,0,0,0,0,0,0,0,0,0,"정품_36,900|중고_33,860","정품_36,900|중고_33,860","정품_36,900|중고_33,860"
15585851,갤럭시 갤라즈 GALAX EX-01 가상 7.1채널 RGB 게이밍 헤드셋,0,0,0,0,0,0,0,0,0,0,0,0,0,0,0,0,0,0,0,0,0,0,0,0,0,0,0,0,0,"27,000","27,000","27,000"
15500291,갤럭시 갤라즈 GALAX EX-03 가상 7.1채널 RGB 게이밍 헤드셋,0,0,0,0,0,0,0,0,0,0,0,0,0,0,0,0,0,0,0,0,0,0,0,0,0,0,0,0,0,"블랙_22,844","블랙_22,844","블랙_22,844"
122660095,글로리어스 GHS ETERNAL,0,0,0,0,0,0,0,0,0,0,0,0,0,0,0,0,0,0,0,0,0,0,0,0,0,0,0,0,0,"정품_73,030|해외구매_98,280","정품_73,030|해외구매_98,280","정품_73,030|해외구매_77,930"
122727519,글로리어스 GHS ETERNAL RGB,0,0,0,0,0,0,0,0,0,0,0,0,0,0,0,0,0,0,0,0,0,0,0,0,0,0,0,0,0,"정품_106,530","정품_106,530","정품_106,530"
74490935,긱스타 GH01BE ENC 가상 7.1채널 RGB 게이밍 헤드셋,0,0,0,0,0,0,0,0,0,0,0,0,0,0,0,0,0,0,0,0,0,0,0,0,0,0,0,0,0,0,0,"정품_9,800"
21417362,긱스타 GH450 가상 7.1채널 헤드셋,0,0,0,0,0,0,0,0,0,0,0,0,0,0,0,0,0,0,0,0,0,0,0,0,0,0,0,0,0,"30,000",0,0
3430401,넥시스 NH-017,0,0,0,0,0,0,0,0,0,0,0,0,0,0,0,0,0,0,0,0,0,0,0,0,0,0,0,0,0,"정품_22,560","정품_22,320","정품_22,080"
2170312,다산일렉트론 DH-011S,0,0,0,0,0,0,0,0,0,0,0,0,0,0,0,0,0,0,0,0,0,0,0,0,0,0,0,0,0,"18,990","18,990","18,990"
2183096,다산일렉트론 DH-011T,0,0,0,0,0,0,0,0,0,0,0,0,0,0,0,0,0,0,0,0,0,0,0,0,0,0,0,0,0,"16,900","16,900","16,400"
2183190,다산일렉트론 DH-021TP,0,0,0,0,0,0,0,0,0,0,0,0,0,0,0,0,0,0,0,0,0,0,0,0,0,0,0,0,0,"30,890","30,890","30,890"
17899076,디알고 BH029M,0,0,0,0,0,0,0,0,0,0,0,0,0,0,0,0,0,0,0,0,0,0,0,0,0,0,0,0,0,"33,500","33,500","33,500"
54100934,디알고 가상 7.1 채널 오로라 RGB LED 게이밍 헤드셋 GHS05,0,0,0,0,0,0,0,0,0,0,0,0,0,0,0,0,0,0,0,0,0,0,0,0,0,0,0,0,0,"정품_28,310","정품_28,310","정품_28,310"
67510250,디알고 고양이귀 키즈 블루투스 스터디 어학용 헤드셋 BH038M,0,0,0,0,0,0,0,0,0,0,0,0,0,0,0,0,0,0,0,0,0,0,0,0,0,0,0,0,0,"25,910","25,900","25,900"
1611155,라이트컴 COMS A7555,0,0,0,0,0,0,0,0,0,0,0,0,0,0,0,0,0,0,0,0,0,0,0,0,0,0,0,0,0,"7,400","7,400","7,400"
5893665,라이트컴 COMS BS923,0,0,0,0,0,0,0,0,0,0,0,0,0,0,0,0,0,0,0,0,0,0,0,0,0,0,0,0,0,"25,000","25,000","25,000"
5881689,라이트컴 COMS BS977,0,0,0,0,0,0,0,0,0,0,0,0,0,0,0,0,0,0,0,0,0,0,0,0,0,0,0,0,0,"41,810","41,800","41,760"
12685526,라이트컴 COMS BT081 스테레오 게이밍 헤드셋,0,0,0,0,0,0,0,0,0,0,0,0,0,0,0,0,0,0,0,0,0,0,0,0,0,0,0,0,0,"16,240","16,240","16,240"
6423432,라이트컴 COMS BT082 게이밍 헤드셋,0,0,0,0,0,0,0,0,0,0,0,0,0,0,0,0,0,0,0,0,0,0,0,0,0,0,0,0,0,"11,700","11,700","11,700"
6878956,라이트컴 COMS BT083 USB LED 게이밍 헤드셋,0,0,0,0,0,0,0,0,0,0,0,0,0,0,0,0,0,0,0,0,0,0,0,0,0,0,0,0,0,"16,300","16,300","16,300"
89604173,라이트컴 COMS IC442,0,0,0,0,0,0,0,0,0,0,0,0,0,0,0,0,0,0,0,0,0,0,0,0,0,0,0,0,0,"정품_6,500","정품_6,500","정품_6,500"
15993026,라이트컴 COMS IC608,0,0,0,0,0,0,0,0,0,0,0,0,0,0,0,0,0,0,0,0,0,0,0,0,0,0,0,0,0,"15,300","15,300","15,300"
7085650,라이트컴 COMS ID199 USB 스테레오 LED 게이밍 헤드셋,0,0,0,0,0,0,0,0,0,0,0,0,0,0,0,0,0,0,0,0,0,0,0,0,0,0,0,0,0,"16,900","16,900","16,900"
9407349,라이트컴 COMS SO116,0,0,0,0,0,0,0,0,0,0,0,0,0,0,0,0,0,0,0,0,0,0,0,0,0,0,0,0,0,"10,020","10,020","10,020"
6801784,라이트컴 COMS V2000 LED 게이밍 헤드셋,0,0,0,0,0,0,0,0,0,0,0,0,0,0,0,0,0,0,0,0,0,0,0,0,0,0,0,0,0,"22,950","22,950","22,950"
14301974,라코몰 RC-PHX3,0,0,0,0,0,0,0,0,0,0,0,0,0,0,0,0,0,0,0,0,0,0,0,0,0,0,0,0,0,"4,000",0,0
102490733,로지텍 A20X LIGHTSPEED,0,0,0,0,0,0,0,0,0,0,0,0,0,0,0,0,0,0,0,0,0,0,0,0,0,0,0,0,0,"정품_206,100","정품_209,900","정품_198,210"
16720868,로지텍 ASTRO A10 2세대,0,0,0,0,0,0,0,0,0,0,0,0,0,0,0,0,0,0,0,0,0,0,0,0,0,0,0,0,0,"정품_67,620|해외구매_75,390|벌크_79,360|중고_45,980","정품_67,620|해외구매_75,390|벌크_79,290|중고_45,980","정품_67,620|해외구매_75,390|벌크_79,170|중고_45,980"
8941004,로지텍 ASTRO A40 TR + MIXAMP PRO TR 4세대,0,0,0,0,0,0,0,0,0,0,0,0,0,0,0,0,0,0,0,0,0,0,0,0,0,0,0,0,0,"정품_551,280","정품_551,280","정품_551,280"
8941742,로지텍 ASTRO A50 WIRELESS + BASE STATION 4세대,0,0,0,0,0,0,0,0,0,0,0,0,0,0,0,0,0,0,0,0,0,0,0,0,0,0,0,0,0,"정품_498,990|벌크_468,740","정품_498,990|벌크_468,720","정품_498,990|벌크_468,660"
99638516,로지텍 ASTRO A50 WIRELESS + BASE STATION 5세대,0,0,0,0,0,0,0,0,0,0,0,0,0,0,0,0,0,0,0,0,0,0,0,0,0,0,0,0,0,"해외구매_579,410","해외구매_579,410","해외구매_579,410"
42144101,로지텍 ASTRO A50 X,0,0,0,0,0,0,0,0,0,0,0,0,0,0,0,0,0,0,0,0,0,0,0,0,0,0,0,0,0,"정품_489,480|해외구매_570,140","정품_489,480|해외구매_570,140","정품_448,980|해외구매_570,140"
8835974,로지텍 G PRO X,0,0,0,0,0,0,0,0,0,0,0,0,0,0,0,0,0,0,0,0,0,0,0,0,0,0,0,0,0,"정품_195,020|병행수입_198,990|해외구매_129,300|벌크_105,370","정품_195,020|병행수입_198,990|해외구매_129,300|벌크_105,370","정품_179,100|병행수입_198,990|해외구매_129,300|벌크_105,360"
101069417,로지텍 G321 LIGHTSPEED,0,0,0,0,0,0,0,0,0,0,0,0,0,0,0,0,0,0,0,0,0,0,0,0,0,0,0,0,0,"정품_64,900|해외구매_63,000","정품_64,900|해외구매_63,000","정품_64,900|해외구매_63,000"
105487448,로지텍 G325 LIGHTSPEED,0,0,0,0,0,0,0,0,0,0,0,0,0,0,0,0,0,0,0,0,0,0,0,0,0,0,0,0,0,"블랙, 정품_114,240|화이트, 정품_114,240|라일락, 정품_114,240|해외구매_105,340","블랙, 정품_114,240|화이트, 정품_114,240|라일락, 정품_114,240|해외구매_105,340","블랙, 정품_118,000|화이트, 정품_118,000|라일락, 정품_118,000|해외구매_116,460"
105484424,로지텍 G325 LIGHTSPEED,0,0,0,0,0,0,0,0,0,0,0,0,0,0,0,0,0,0,0,0,0,0,0,0,0,0,0,0,0,"블랙, 정품_114,240|화이트, 정품_114,240|라일락, 정품_114,240|해외구매_105,340","블랙, 정품_114,240|화이트, 정품_114,240|라일락, 정품_114,240|해외구매_105,340","블랙, 정품_118,000|화이트, 정품_118,000|라일락, 정품_118,000|해외구매_116,460"
14916248,로지텍 G335,0,0,0,0,0,0,0,0,0,0,0,0,0,0,0,0,0,0,0,0,0,0,0,0,0,0,0,0,0,"정품_74,990|해외구매_85,170|벌크_99,000","정품_74,990|해외구매_85,170|벌크_99,000","정품_74,990|해외구매_84,730|벌크_99,000"
5309956,로지텍 G433,0,0,0,0,0,0,0,0,0,0,0,0,0,0,0,0,0,0,0,0,0,0,0,0,0,0,0,0,0,"정품_88,900|해외구매_215,040|벌크_129,000|리퍼비시_139,270","정품_88,900|해외구매_215,040|벌크_129,000|리퍼비시_139,270","정품_88,900|해외구매_215,040|벌크_129,000|리퍼비시_139,270"
15524945,로지텍 G435 LIGHTSPEED,0,0,0,0,0,0,0,0,0,0,0,0,0,0,0,0,0,0,0,0,0,0,0,0,0,0,0,0,0,"정품_79,000|해외구매_54,860|벌크_33,040","정품_79,000|해외구매_54,860|벌크_33,030","정품_79,000|해외구매_54,860|벌크_32,970"
92357075,로지텍 G522 LIGHTSPEED,0,0,0,0,0,0,0,0,0,0,0,0,0,0,0,0,0,0,0,0,0,0,0,0,0,0,0,0,0,"정품_178,480|해외구매_174,480","정품_178,480|해외구매_174,480","정품_178,480|해외구매_189,990"
7612759,로지텍 G533,0,0,0,0,0,0,0,0,0,0,0,0,0,0,0,0,0,0,0,0,0,0,0,0,0,0,0,0,0,0,"벌크_174,700","벌크_174,700"
17399033,로지텍 G535 LIGHTSPEED,0,0,0,0,0,0,0,0,0,0,0,0,0,0,0,0,0,0,0,0,0,0,0,0,0,0,0,0,0,0,"정품_189,000|해외구매_126,420|벌크_139,000","정품_189,000|해외구매_126,420|벌크_139,000"
14342072,로지텍 G733 LIGHTSPEED,0,0,0,0,0,0,0,0,0,0,0,0,0,0,0,0,0,0,0,0,0,0,0,0,0,0,0,0,0,"병행수입_188,000|정품_135,700|해외구매_145,230|벌크_143,870","병행수입_188,000|정품_135,700|해외구매_145,230|벌크_143,870","병행수입_188,000|정품_135,700|해외구매_145,230|벌크_143,860"
71503904,로지텍 G735,0,0,0,0,0,0,0,0,0,0,0,0,0,0,0,0,0,0,0,0,0,0,0,0,0,0,0,0,0,"해외구매_350,990",0,0
122717123,로지텍 H111,0,0,0,0,0,0,0,0,0,0,0,0,0,0,0,0,0,0,0,0,0,0,0,0,0,0,0,0,0,"해외구매_39,800","해외구매_39,800","해외구매_39,800"
1580720,로지텍 H150,0,0,0,0,0,0,0,0,0,0,0,0,0,0,0,0,0,0,0,0,0,0,0,0,0,0,0,0,0,"정품_16,900","정품_16,900","정품_16,900"
3279544,로지텍 H151,0,0,0,0,0,0,0,0,0,0,0,0,0,0,0,0,0,0,0,0,0,0,0,0,0,0,0,0,0,"정품_16,900|해외구매_19,480|중고_12,920","정품_16,900|해외구매_19,480|중고_14,050","정품_16,460|해외구매_19,480|중고_12,920"
1995771,로지텍 H340,0,0,0,0,0,0,0,0,0,0,0,0,0,0,0,0,0,0,0,0,0,0,0,0,0,0,0,0,0,"정품_29,000|병행수입_38,100|해외구매_52,530|벌크_62,820","정품_29,000|병행수입_38,100|해외구매_52,530|벌크_62,820","정품_29,000|병행수입_38,100|해외구매_52,530|벌크_62,820"
1543809,로지텍 H390,0,0,0,0,0,0,0,0,0,0,0,0,0,0,0,0,0,0,0,0,0,0,0,0,0,0,0,0,0,"정품_35,150|병행수입_23,900|해외구매_40,360|벌크_22,300","정품_35,150|병행수입_23,900|해외구매_40,360|벌크_22,300","정품_35,150|병행수입_23,900|해외구매_40,360|벌크_22,300"
2004606,로지텍 H540,0,0,0,0,0,0,0,0,0,0,0,0,0,0,0,0,0,0,0,0,0,0,0,0,0,0,0,0,0,"정품_52,900","정품_52,900","정품_52,900"
10478793,로지텍 H570e,0,0,0,0,0,0,0,0,0,0,0,0,0,0,0,0,0,0,0,0,0,0,0,0,0,0,0,0,0,"정품_55,190|해외구매_83,660|벌크_48,000","정품_55,190|해외구매_81,040|벌크_48,000","정품_53,990|해외구매_81,040|벌크_48,000"
38451482,로지텍 PRO X 2 LIGHTSPEED,0,0,0,0,0,0,0,0,0,0,0,0,0,0,0,0,0,0,0,0,0,0,0,0,0,0,0,0,0,"병행수입_315,790|정품_296,100|해외구매_192,860|벌크_265,500","병행수입_315,790|정품_296,100|해외구매_192,860|벌크_265,500","병행수입_298,530|정품_296,100|해외구매_229,990|벌크_265,500"
18995609,로지텍 ZONE VIBE 100,0,0,0,0,0,0,0,0,0,0,0,0,0,0,0,0,0,0,0,0,0,0,0,0,0,0,0,0,0,"정품_98,990|해외구매_128,190|벌크_96,500","정품_98,990|해외구매_128,190|벌크_96,500","정품_98,990|해외구매_128,190|벌크_96,500"
100270124,리버네트워크 NEXI NX1571 가상 7.1채널 RGB 게이밍 헤드셋,0,0,0,0,0,0,0,0,0,0,0,0,0,0,0,0,0,0,0,0,0,0,0,0,0,0,0,0,0,"정품_33,160","정품_33,160","정품_33,160"
100270256,리버네트워크 NEXI NX1572 가상 7.1채널 RGB 게이밍 헤드셋,0,0,0,0,0,0,0,0,0,0,0,0,0,0,0,0,0,0,0,0,0,0,0,0,0,0,0,0,0,"정품_22,610","정품_22,610","정품_22,610"
11953721,마이크로닉스 MANIC HS-420 가상 7.1채널 게이밍 헤드셋,0,0,0,0,0,0,0,0,0,0,0,0,0,0,0,0,0,0,0,0,0,0,0,0,0,0,0,0,0,"28,900","28,900","28,900"
7334605,마이크로닉스 MANIC HS-510 가상 7.1채널 RGB 게이밍 헤드셋,0,0,0,0,0,0,0,0,0,0,0,0,0,0,0,0,0,0,0,0,0,0,0,0,0,0,0,0,0,"36,950","36,950","36,950"
20780837,마이크로닉스 WIZMAX H300 가상 7.1채널 게이밍 헤드셋,0,0,0,0,0,0,0,0,0,0,0,0,0,0,0,0,0,0,0,0,0,0,0,0,0,0,0,0,0,"22,000","22,000","22,000"
30277664,마이크로닉스 WIZMAX H561 가상 7.1채널 노이즈캔슬링 마이크 헤드셋,0,0,0,0,0,0,0,0,0,0,0,0,0,0,0,0,0,0,0,0,0,0,0,0,0,0,0,0,0,"29,000","28,790","29,000"
18815372,마이크로닉스 WIZMAX W301 7.1채널 RGB 게이밍 헤드셋,0,0,0,0,0,0,0,0,0,0,0,0,0,0,0,0,0,0,0,0,0,0,0,0,0,0,0,0,0,"블랙_36,900|화이트_31,570","블랙_36,900|화이트_31,570","블랙_36,900|화이트_31,570"
90578129,마이크로닉스 WIZMAX W301 7.1채널 aRGB 게이밍 헤드셋,0,0,0,0,0,0,0,0,0,0,0,0,0,0,0,0,0,0,0,0,0,0,0,0,0,0,0,0,0,"화이트_23,500","화이트_23,500","화이트_23,500"
16261766,마이크로닉스 모프 MH1 7.1채널 RGB 게이밍 헤드셋,0,0,0,0,0,0,0,0,0,0,0,0,0,0,0,0,0,0,0,0,0,0,0,0,0,0,0,0,0,"정품_24,000","정품_23,800","정품_24,000"
16409366,마이크로닉스 모프 MH2 7.1채널 RGB 게이밍 헤드셋,0,0,0,0,0,0,0,0,0,0,0,0,0,0,0,0,0,0,0,0,0,0,0,0,0,0,0,0,0,"24,630","24,630","24,630"
16261583,마이크로닉스 워프 WH1 7.1채널 RGB 게이밍 헤드셋,0,0,0,0,0,0,0,0,0,0,0,0,0,0,0,0,0,0,0,0,0,0,0,0,0,0,0,0,0,"46,000","46,000","46,000"
67693580,몬스타 몬스타기어 가츠 H720 PRO 7.1채널 무선 게이밍 헤드셋,0,0,0,0,0,0,0,0,0,0,0,0,0,0,0,0,0,0,0,0,0,0,0,0,0,0,0,0,0,"49,000","49,000","49,000"
14899862,몬스터 AIRMARS N1 LED 게이밍 헤드셋,0,0,0,0,0,0,0,0,0,0,0,0,0,0,0,0,0,0,0,0,0,0,0,0,0,0,0,0,0,"16,800","16,800","16,800"
14900138,몬스터 AIRMARS N1S LED 7.1 게이밍 헤드셋,0,0,0,0,0,0,0,0,0,0,0,0,0,0,0,0,0,0,0,0,0,0,0,0,0,0,0,0,0,"28,820","28,820","28,820"
14900339,몬스터 AIRMARS N3 RGB 7.1 게이밍 헤드셋,0,0,0,0,0,0,0,0,0,0,0,0,0,0,0,0,0,0,0,0,0,0,0,0,0,0,0,0,0,"25,800","25,800","25,800"
15424946,몬스터 AIRMARS N3S ENC RGB 7.1 게이밍 헤드셋,0,0,0,0,0,0,0,0,0,0,0,0,0,0,0,0,0,0,0,0,0,0,0,0,0,0,0,0,0,"31,800",0,"31,800"
14900546,몬스터 KNIGHT X300 게이밍 헤드셋,0,0,0,0,0,0,0,0,0,0,0,0,0,0,0,0,0,0,0,0,0,0,0,0,0,0,0,0,0,"18,900","18,900","18,900"
17246810,몬스터 KNIGHT X300P 7.1 게이밍 헤드셋,0,0,0,0,0,0,0,0,0,0,0,0,0,0,0,0,0,0,0,0,0,0,0,0,0,0,0,0,0,"22,800","22,800","22,800"
15194948,베링거 HS20 USB,0,0,0,0,0,0,0,0,0,0,0,0,0,0,0,0,0,0,0,0,0,0,0,0,0,0,0,0,0,"정품_20,120|해외구매_32,920",0,"정품_21,310|해외구매_32,920"
29763560,베이스어스 GH02,0,0,0,0,0,0,0,0,0,0,0,0,0,0,0,0,0,0,0,0,0,0,0,0,0,0,0,0,0,0,"해외구매_90,010","해외구매_90,010"
95990087,벤트론스 CT780 LITE,0,0,0,0,0,0,0,0,0,0,0,0,0,0,0,0,0,0,0,0,0,0,0,0,0,0,0,0,0,"정품_29,900","정품_29,900","정품_29,900"
100269398,벨킨 게이밍 인스파이어 ENA011,0,0,0,0,0,0,0,0,0,0,0,0,0,0,0,0,0,0,0,0,0,0,0,0,0,0,0,0,0,"정품_39,900","정품_39,900","정품_39,900"
72719072,블라우풍트 BLP-GM501,0,0,0,0,0,0,0,0,0,0,0,0,0,0,0,0,0,0,0,0,0,0,0,0,0,0,0,0,0,"31,080","31,080","31,080"
4124866,산와서플라이 MM-HS515SVN,0,0,0,0,0,0,0,0,0,0,0,0,0,0,0,0,0,0,0,0,0,0,0,0,0,0,0,0,0,"정품_28,750","정품_28,690","정품_28,630"
1739138,삼성전자 SHS-100V/B,0,0,0,0,0,0,0,0,0,0,0,0,0,0,0,0,0,0,0,0,0,0,0,0,0,0,0,0,0,"19,080","19,080","19,080"
1739014,삼성전자 SHS-100V/W,0,0,0,0,0,0,0,0,0,0,0,0,0,0,0,0,0,0,0,0,0,0,0,0,0,0,0,0,0,"정품_19,240","정품_19,240","정품_19,240"
10325283,삼성전자 SHS-150UW,0,0,0,0,0,0,0,0,0,0,0,0,0,0,0,0,0,0,0,0,0,0,0,0,0,0,0,0,0,"24,520","24,520","24,520"
1879874,상도아이앤티 ANYZONE AH-9000,0,0,0,0,0,0,0,0,0,0,0,0,0,0,0,0,0,0,0,0,0,0,0,0,0,0,0,0,0,"블랙_8,890|화이트_8,900","블랙_8,890|화이트_8,900","블랙_8,890|화이트_8,900"
90437654,상도아이앤티 ANYZONE ANY-H1,0,0,0,0,0,0,0,0,0,0,0,0,0,0,0,0,0,0,0,0,0,0,0,0,0,0,0,0,0,"정품_6,700","정품_6,700","정품_6,700"
97475795,상도아이앤티 ANYZONE ANY-H3 가상 7.1채널 RGB 게이밍 USB 헤드셋,0,0,0,0,0,0,0,0,0,0,0,0,0,0,0,0,0,0,0,0,0,0,0,0,0,0,0,0,0,"정품_39,890","정품_39,890","정품_39,890"
14332094,샤이닝몰 컴썸 BT-600G 가상 7.1 채널 게이밍 헤드셋,0,0,0,0,0,0,0,0,0,0,0,0,0,0,0,0,0,0,0,0,0,0,0,0,0,0,0,0,0,"블랙_28,610|화이트_17,800","블랙_28,610|화이트_17,800","블랙_28,610|화이트_17,800"
6700432,소믹 G926 스테레오 게이밍 헤드셋,0,0,0,0,0,0,0,0,0,0,0,0,0,0,0,0,0,0,0,0,0,0,0,0,0,0,0,0,0,"벌크_14,500","벌크_14,500","벌크_14,500"
6700603,소믹 G947N 가상 7.1채널 게이밍 헤드셋,0,0,0,0,0,0,0,0,0,0,0,0,0,0,0,0,0,0,0,0,0,0,0,0,0,0,0,0,0,"벌크_22,000","벌크_22,000","벌크_22,000"
6732415,소믹 W263 USB 스테레오 게이밍 헤드셋,0,0,0,0,0,0,0,0,0,0,0,0,0,0,0,0,0,0,0,0,0,0,0,0,0,0,0,0,0,"벌크_17,000","벌크_17,000","벌크_17,000"
4847848,소믹테크놀러지 시베리아 V10 진동게이밍 헤드셋,0,0,0,0,0,0,0,0,0,0,0,0,0,0,0,0,0,0,0,0,0,0,0,0,0,0,0,0,0,"14,500","14,500","14,500"
21509945,스틸시리즈 Arctis 1 Wireless,0,0,0,0,0,0,0,0,0,0,0,0,0,0,0,0,0,0,0,0,0,0,0,0,0,0,0,0,0,"정품_99,000","정품_99,000","정품_99,000"
21597476,스틸시리즈 Arctis 1 Wireless X,0,0,0,0,0,0,0,0,0,0,0,0,0,0,0,0,0,0,0,0,0,0,0,0,0,0,0,0,0,"정품_89,900","정품_89,900","정품_89,900"
13613987,스틸시리즈 Arctis 1 X,0,0,0,0,0,0,0,0,0,0,0,0,0,0,0,0,0,0,0,0,0,0,0,0,0,0,0,0,0,"정품_79,000","정품_79,000",0
78848129,스틸시리즈 Arctis 7X+ Wireless,0,0,0,0,0,0,0,0,0,0,0,0,0,0,0,0,0,0,0,0,0,0,0,0,0,0,0,0,0,"정품_132,000","정품_132,000","정품_125,800"
17778728,스틸시리즈 Arctis Nova 1,0,0,0,0,0,0,0,0,0,0,0,0,0,0,0,0,0,0,0,0,0,0,0,0,0,0,0,0,0,"정품_69,900|해외구매_78,470","정품_69,900|해외구매_78,470","정품_78,990|해외구매_78,090"
17778887,스틸시리즈 Arctis Nova 3,0,0,0,0,0,0,0,0,0,0,0,0,0,0,0,0,0,0,0,0,0,0,0,0,0,0,0,0,0,"정품_113,000|해외구매_150,840","정품_104,590|해외구매_150,840","정품_104,590|해외구매_150,840"
92149388,스틸시리즈 Arctis Nova 3P,0,0,0,0,0,0,0,0,0,0,0,0,0,0,0,0,0,0,0,0,0,0,0,0,0,0,0,0,0,"블랙_128,500|화이트_128,500|아쿠아_128,500|라벤더_128,500","블랙_128,500|화이트_128,500|아쿠아_128,500|라벤더_128,500","블랙_132,000|화이트_132,000|아쿠아_132,000|라벤더_132,000"
92149484,스틸시리즈 Arctis Nova 3X,0,0,0,0,0,0,0,0,0,0,0,0,0,0,0,0,0,0,0,0,0,0,0,0,0,0,0,0,0,"블랙_109,240|화이트_118,000|아쿠아_118,000|라벤더_118,000","블랙_109,240|화이트_118,000|아쿠아_118,000|라벤더_109,240","블랙_109,240|화이트_148,500|아쿠아_118,000|라벤더_109,240"
53779892,스틸시리즈 Arctis Nova 5 Wireless,0,0,0,0,0,0,0,0,0,0,0,0,0,0,0,0,0,0,0,0,0,0,0,0,0,0,0,0,0,"블랙, 정품_159,460|블랙, 병행수입_198,990|화이트, 정품_168,000|블랙, 해외구매_163,990|화이트, 해외구매_154,370","블랙, 정품_159,460|블랙, 병행수입_198,990|화이트, 정품_168,000|블랙, 해외구매_163,990|화이트, 해외구매_153,050","블랙, 정품_187,070|블랙, 병행수입_198,990|중고_147,030|화이트, 정품_169,000|블랙, 해외구매_163,960|"
53779922,스틸시리즈 Arctis Nova 5P Wireless,0,0,0,0,0,0,0,0,0,0,0,0,0,0,0,0,0,0,0,0,0,0,0,0,0,0,0,0,0,"블랙, 정품_172,000|화이트, 정품_172,000|블랙, 해외구매_162,040|화이트, 해외구매_150,380","블랙, 정품_172,000|화이트, 정품_159,460|블랙, 해외구매_162,040|화이트, 해외구매_150,380","블랙, 정품_198,500|화이트, 정품_172,000|블랙, 해외구매_162,040|화이트, 해외구매_150,380"
56064077,스틸시리즈 Arctis Nova 5X Wireless,0,0,0,0,0,0,0,0,0,0,0,0,0,0,0,0,0,0,0,0,0,0,0,0,0,0,0,0,0,"블랙, 정품_179,100|화이트, 정품_172,000|블랙, 해외구매_184,690|화이트, 해외구매_264,800","블랙, 정품_179,100|화이트, 정품_172,000|블랙, 해외구매_184,690|화이트, 해외구매_264,800","블랙, 정품_179,100|화이트, 정품_169,000|블랙, 해외구매_184,690|화이트, 해외구매_264,800"
102002228,스틸시리즈 Arctis Nova 7 Gen2,0,0,0,0,0,0,0,0,0,0,0,0,0,0,0,0,0,0,0,0,0,0,0,0,0,0,0,0,0,"블랙, 정품_217,500|화이트, 정품_228,280|마젠다, 정품_228,280|해외구매_240,050|","블랙, 정품_217,500|화이트, 정품_228,280|마젠다, 정품_228,280|해외구매_238,620|","블랙, 정품_217,500|화이트, 정품_239,000|마젠다, 정품_228,280|해외구매_238,620|"
102001811,스틸시리즈 Arctis Nova 7 Gen2,0,0,0,0,0,0,0,0,0,0,0,0,0,0,0,0,0,0,0,0,0,0,0,0,0,0,0,0,0,"블랙, 정품_217,500|화이트, 정품_228,280|마젠다, 정품_228,280|해외구매_240,050|","블랙, 정품_217,500|화이트, 정품_228,280|마젠다, 정품_228,280|해외구매_238,620|","블랙, 정품_217,500|화이트, 정품_239,000|마젠다, 정품_228,280|해외구매_238,620|"
20687027,스틸시리즈 Arctis Nova 7 Wireless,0,0,0,0,0,0,0,0,0,0,0,0,0,0,0,0,0,0,0,0,0,0,0,0,0,0,0,0,0,"해외구매_216,720","해외구매_216,720","해외구매_216,720"
102412001,스틸시리즈 Arctis Nova 7P Gen2,0,0,0,0,0,0,0,0,0,0,0,0,0,0,0,0,0,0,0,0,0,0,0,0,0,0,0,0,0,"블랙, 정품_246,000|화이트, 정품_228,280|마젠타, 정품_228,280","블랙, 정품_228,280|화이트, 정품_228,280|마젠타, 정품_228,280","블랙, 정품_246,000|화이트, 정품_246,000|마젠타, 정품_246,000"
102489245,스틸시리즈 Arctis Nova 7P Gen2,0,0,0,0,0,0,0,0,0,0,0,0,0,0,0,0,0,0,0,0,0,0,0,0,0,0,0,0,0,"블랙, 정품_246,000|화이트, 정품_228,280|마젠타, 정품_228,280","블랙, 정품_228,280|화이트, 정품_228,280|마젠타, 정품_228,280","블랙, 정품_246,000|화이트, 정품_246,000|마젠타, 정품_246,000"
17969351,스틸시리즈 Arctis Nova 7P Wireless,0,0,0,0,0,0,0,0,0,0,0,0,0,0,0,0,0,0,0,0,0,0,0,0,0,0,0,0,0,"블랙, 정품_278,990|화이트, 정품_229,000|해외구매_167,720|블랙, 벌크_169,570","블랙, 정품_278,990|화이트, 정품_229,000|해외구매_167,720|블랙, 벌크_169,510","블랙, 정품_278,990|화이트, 정품_229,000|해외구매_172,600|블랙, 벌크_169,390"
102002618,스틸시리즈 Arctis Nova 7X Gen2,0,0,0,0,0,0,0,0,0,0,0,0,0,0,0,0,0,0,0,0,0,0,0,0,0,0,0,0,0,"마젠타, 정품_246,000|블랙, 정품_228,280|화이트, 정품_228,280","마젠타, 정품_228,280|블랙, 정품_246,000|화이트, 정품_246,000","마젠타, 정품_228,280|블랙, 정품_246,000|화이트, 정품_246,000"
17969705,스틸시리즈 Arctis Nova 7X Wireless,0,0,0,0,0,0,0,0,0,0,0,0,0,0,0,0,0,0,0,0,0,0,0,0,0,0,0,0,0,"블랙, 정품_259,000|화이트, 정품_279,000|블랙, 해외구매_210,900|화이트, 해외구매_231,990|블랙, 벌크_278,990","블랙, 정품_259,000|화이트, 정품_279,000|블랙, 해외구매_210,900|화이트, 해외구매_231,990|블랙, 벌크_278,990","블랙, 정품_259,000|화이트, 정품_279,000|블랙, 해외구매_210,900|화이트, 해외구매_231,990|블랙, 벌크_278,990"
99746957,스틸시리즈 Arctis Nova Elite,0,0,0,0,0,0,0,0,0,0,0,0,0,0,0,0,0,0,0,0,0,0,0,0,0,0,0,0,0,"블랙, 정품_929,000|세이지골드, 정품_929,000|해외구매_830,130","블랙, 정품_929,000|세이지골드, 정품_929,000|해외구매_830,130","블랙, 정품_1,090,000|세이지골드, 정품_930,000|해외구매_859,790"
17970365,스틸시리즈 Arctis Nova PRO X,0,0,0,0,0,0,0,0,0,0,0,0,0,0,0,0,0,0,0,0,0,0,0,0,0,0,0,0,0,"정품_352,230|해외구매_238,190|벌크_163,990","정품_352,220|해외구매_238,190|벌크_163,970","정품_352,210|해외구매_237,610|벌크_163,910"
17253272,스틸시리즈 Arctis Nova Pro,0,0,0,0,0,0,0,0,0,0,0,0,0,0,0,0,0,0,0,0,0,0,0,0,0,0,0,0,0,"정품_347,900|해외구매_220,740|벌크_159,550","정품_347,900|해외구매_220,740|벌크_159,530","정품_347,900|해외구매_220,740|벌크_158,250"
122703898,스틸시리즈 Arctis Nova Pro Omni,0,0,0,0,0,0,0,0,0,0,0,0,0,0,0,0,0,0,0,0,0,0,0,0,0,0,0,0,0,"블랙_608,650||미드나잇블루_608,650","블랙_608,650||미드나잇블루_608,650","블랙_581,470||미드나잇블루_629,000"
122653475,스틸시리즈 Arctis Nova Pro Omni,0,0,0,0,0,0,0,0,0,0,0,0,0,0,0,0,0,0,0,0,0,0,0,0,0,0,0,0,0,"블랙_608,650||","블랙_608,650||","블랙_581,470||"
17655659,스틸시리즈 Arctis Nova Pro Wireless,0,0,0,0,0,0,0,0,0,0,0,0,0,0,0,0,0,0,0,0,0,0,0,0,0,0,0,0,0,"블랙, 정품_429,000|화이트, 정품_389,000|블랙, 해외구매_338,010|화이트, 해외구매_425,380|벌크_340,030","블랙, 정품_429,000|화이트, 정품_389,000|블랙, 해외구매_338,010|화이트, 해외구매_425,370|벌크_339,970","블랙, 정품_380,800|화이트, 정품_380,800|블랙, 해외구매_338,010|화이트, 해외구매_425,370|벌크_339,850"
17254118,스틸시리즈 Arctis Nova Pro Wireless X,0,0,0,0,0,0,0,0,0,0,0,0,0,0,0,0,0,0,0,0,0,0,0,0,0,0,0,0,0,"블랙, 정품_499,000|화이트, 정품_498,980|블랙, 해외구매_457,260|화이트, 해외구매_782,200","블랙, 정품_499,000|화이트, 정품_498,980|블랙, 해외구매_454,590|화이트, 해외구매_782,200","블랙, 정품_464,070|화이트, 정품_464,070|블랙, 해외구매_453,600|화이트, 해외구매_782,200"
107760155,아이리버 AirSet Flow 1.0 7.1 채널 게이밍 헤드셋,0,0,0,0,0,0,0,0,0,0,0,0,0,0,0,0,0,0,0,0,0,0,0,0,0,0,0,0,0,"정품, 베이지_34,800|정품, 블랙_34,800","정품, 베이지_34,800|정품, 블랙_34,800","정품, 베이지_34,800|정품, 블랙_34,800"
32464292,아이리버 Aurora GH3 ENC 가상 7.1채널 RGB 노이즈캔슬링 마이크 게이밍 헤드셋,0,0,0,0,0,0,0,0,0,0,0,0,0,0,0,0,0,0,0,0,0,0,0,0,0,0,0,0,0,"정품_35,000|중고_30,000","정품_35,000|중고_30,000","정품_35,000|중고_30,000"
68440790,아이리버 Aurora GH6 가상 7.1채널 게이밍 헤드셋,0,0,0,0,0,0,0,0,0,0,0,0,0,0,0,0,0,0,0,0,0,0,0,0,0,0,0,0,0,"블랙_33,000|화이트_33,000","블랙_33,000|화이트_33,000","블랙_33,000|화이트_33,000"
28837079,아이리버 EQWEAR-G30H Mirror LED ENC 가상 7.1채널 USB 헤드셋,0,0,0,0,0,0,0,0,0,0,0,0,0,0,0,0,0,0,0,0,0,0,0,0,0,0,0,0,0,"34,800","34,800","34,800"
29979062,아이리버 EQwear-G7H 노이즈캔슬링 마이크 게이밍 헤드셋,0,0,0,0,0,0,0,0,0,0,0,0,0,0,0,0,0,0,0,0,0,0,0,0,0,0,0,0,0,"블랙_23,900|핑크_23,900|화이트_23,580","블랙_23,900|핑크_23,900|화이트_23,580","블랙_23,900|핑크_23,900|화이트_23,580"
21634754,아이리버 EQwear-H10V LT,0,0,0,0,0,0,0,0,0,0,0,0,0,0,0,0,0,0,0,0,0,0,0,0,0,0,0,0,0,"블랙_18,900|화이트_18,900","블랙_18,900|화이트_18,900","블랙_18,900|화이트_18,900"
14128799,아이리버 IBH-10C,0,0,0,0,0,0,0,0,0,0,0,0,0,0,0,0,0,0,0,0,0,0,0,0,0,0,0,0,0,"24,900","24,900","21,910"
15315194,아이리버 IGH-A20 7.1채널 RGB 게이밍 헤드셋,0,0,0,0,0,0,0,0,0,0,0,0,0,0,0,0,0,0,0,0,0,0,0,0,0,0,0,0,0,"33,810","34,900","32,000"
15317300,아이리버 IGH-A60 7.1채널 RGB 게이밍 헤드셋,0,0,0,0,0,0,0,0,0,0,0,0,0,0,0,0,0,0,0,0,0,0,0,0,0,0,0,0,0,"39,900","39,900","39,900"
70255370,아이리버 IGH-W5000C,0,0,0,0,0,0,0,0,0,0,0,0,0,0,0,0,0,0,0,0,0,0,0,0,0,0,0,0,0,"21,490","21,490","21,490"
5686504,아이리버 IR-H30V CLEARCHAT,0,0,0,0,0,0,0,0,0,0,0,0,0,0,0,0,0,0,0,0,0,0,0,0,0,0,0,0,0,"18,150","18,150","18,150"
67621694,아이리버 가상7.1채널 유무선 게이밍 헤드셋 LightFit WGH3,0,0,0,0,0,0,0,0,0,0,0,0,0,0,0,0,0,0,0,0,0,0,0,0,0,0,0,0,0,"정품_55,460|중고_47,140","정품_55,460|중고_47,140","정품_55,460|중고_47,140"
41615513,아이리버 어쌤블 WGH5 노이즈캔슬링 가상 7.1채널 무선 게이밍 헤드셋,0,0,0,0,0,0,0,0,0,0,0,0,0,0,0,0,0,0,0,0,0,0,0,0,0,0,0,0,0,"69,000","69,000","69,000"
4611076,아이온코리아 BOOMTZ BOSS-U10,0,0,0,0,0,0,0,0,0,0,0,0,0,0,0,0,0,0,0,0,0,0,0,0,0,0,0,0,0,"20,600","20,600","20,600"
2587021,아이온코리아 BOSSWIZ BOSS-G2,0,0,0,0,0,0,0,0,0,0,0,0,0,0,0,0,0,0,0,0,0,0,0,0,0,0,0,0,0,"12,270","12,270","12,270"
15729971,알텍랜싱 ALGH9604 가상 7.1채널 게이밍 헤드셋,0,0,0,0,0,0,0,0,0,0,0,0,0,0,0,0,0,0,0,0,0,0,0,0,0,0,0,0,0,"25,800","25,800","25,800"
35232479,알파스캔 AOC GH300 7.1채널 RGB 게이밍 헤드셋,0,0,0,0,0,0,0,0,0,0,0,0,0,0,0,0,0,0,0,0,0,0,0,0,0,0,0,0,0,"31,000","31,000","31,000"
27548240,알파카 LED 게이밍 헤드셋,0,0,0,0,0,0,0,0,0,0,0,0,0,0,0,0,0,0,0,0,0,0,0,0,0,0,0,0,0,"17,900","17,900",0
15346652,앱코 ABKONCORE B500M ENC 가상 7.1 RGB 스펙트럼 3D 멀티 플랫폼 게이밍 헤드셋,0,0,0,0,0,0,0,0,0,0,0,0,0,0,0,0,0,0,0,0,0,0,0,0,0,0,0,0,0,0,0,"정품_34,590"
15347144,앱코 ABKONCORE B700M ENC 가상 7.1 RGB 스펙트럼 3D 멀티 플랫폼 게이밍 헤드셋,0,0,0,0,0,0,0,0,0,0,0,0,0,0,0,0,0,0,0,0,0,0,0,0,0,0,0,0,0,0,"정품_35,430","정품_35,430"
15346391,앱코 ABKONCORE CH713M ENC 가상 7.1 LED 진동 3D 멀티 플랫폼 게이밍 헤드셋,0,0,0,0,0,0,0,0,0,0,0,0,0,0,0,0,0,0,0,0,0,0,0,0,0,0,0,0,0,"19,000","19,000","19,000"
71069015,앱코 AX-3 PLUS 가상 7.1채널 RGB 게이밍 헤드셋,0,0,0,0,0,0,0,0,0,0,0,0,0,0,0,0,0,0,0,0,0,0,0,0,0,0,0,0,0,"32,620","32,620","32,620"
14268485,앱코 B772 고양이 귀 가상 7.1 채널 진동 게이밍 헤드셋 B772,0,0,0,0,0,0,0,0,0,0,0,0,0,0,0,0,0,0,0,0,0,0,0,0,0,0,0,0,0,"70,300","70,300","70,300"
14674235,앱코 B772L 가상 7.1채널 RGB 게이밍 헤드셋,0,0,0,0,0,0,0,0,0,0,0,0,0,0,0,0,0,0,0,0,0,0,0,0,0,0,0,0,0,"80,240","80,240","80,240"
35233160,앱코 EH140 초경량 스테레오 헤드셋,0,0,0,0,0,0,0,0,0,0,0,0,0,0,0,0,0,0,0,0,0,0,0,0,0,0,0,0,0,"블랙_10,900|화이트_10,900","블랙_10,900|화이트_10,900","블랙_10,900|화이트_10,900"
13235837,앱코 EH450,0,0,0,0,0,0,0,0,0,0,0,0,0,0,0,0,0,0,0,0,0,0,0,0,0,0,0,0,0,"22,000","22,000","22,000"
14669576,앱코 EH500 USB 헤드셋,0,0,0,0,0,0,0,0,0,0,0,0,0,0,0,0,0,0,0,0,0,0,0,0,0,0,0,0,0,"28,000","28,000","28,000"
71282117,앱코 G600 가상 7.1 RGB 게이밍 헤드셋,0,0,0,0,0,0,0,0,0,0,0,0,0,0,0,0,0,0,0,0,0,0,0,0,0,0,0,0,0,"29,900","29,900","29,900"
122708796,앱코 H58 가상 7.1 RGB ENC MIC 게이밍 헤드셋,0,0,0,0,0,0,0,0,0,0,0,0,0,0,0,0,0,0,0,0,0,0,0,0,0,0,0,0,0,"블랙, 정품_18,900|","블랙, 정품_18,900|","블랙, 정품_18,900|"
5279043,앱코 HACKER B90,0,0,0,0,0,0,0,0,0,0,0,0,0,0,0,0,0,0,0,0,0,0,0,0,0,0,0,0,0,"9,500","9,500","9,500"
6173775,앱코 HACKER B900U PLUS 음성변조 가상 7.1채널 RGB,0,0,0,0,0,0,0,0,0,0,0,0,0,0,0,0,0,0,0,0,0,0,0,0,0,0,0,0,0,"370,500","370,500","370,500"
6804031,앱코 HACKER N550 ENC 가상 7.1채널 RGB 게이밍 헤드셋,0,0,0,0,0,0,0,0,0,0,0,0,0,0,0,0,0,0,0,0,0,0,0,0,0,0,0,0,0,"37,000","37,000","37,000"
10454679,앱코 HACKER N810 ENC 가상 7.1채널 진동 노이즈캔슬링 마이크 3D 게이밍 헤드셋,0,0,0,0,0,0,0,0,0,0,0,0,0,0,0,0,0,0,0,0,0,0,0,0,0,0,0,0,0,"72,690","72,690","72,690"
18579743,앱코 HF100G 무선 게이밍 헤드셋,0,0,0,0,0,0,0,0,0,0,0,0,0,0,0,0,0,0,0,0,0,0,0,0,0,0,0,0,0,"126,480","126,480","126,480"
2431932,앱코 HS80,0,0,0,0,0,0,0,0,0,0,0,0,0,0,0,0,0,0,0,0,0,0,0,0,0,0,0,0,0,"정품_17,400","정품_17,400","정품_17,400"
76333370,앱코 MR300 무선 3모드 게이밍 헤드셋,0,0,0,0,0,0,0,0,0,0,0,0,0,0,0,0,0,0,0,0,0,0,0,0,0,0,0,0,0,"정품_27,900","정품_27,900","정품_27,900"
8579138,앱코 MR500 무선 가상 7.1채널 게이밍 헤드셋,0,0,0,0,0,0,0,0,0,0,0,0,0,0,0,0,0,0,0,0,0,0,0,0,0,0,0,0,0,"152,100","152,100","152,100"
77020307,앱코 MR550 무선 VIRTUAL 7.1 3MODE 게이밍 헤드셋,0,0,0,0,0,0,0,0,0,0,0,0,0,0,0,0,0,0,0,0,0,0,0,0,0,0,0,0,0,"정품_49,000","정품_49,000","정품_49,000"
29978657,앱코 MR600 무선 가상 7.1 3-MODE 게이밍 헤드셋,0,0,0,0,0,0,0,0,0,0,0,0,0,0,0,0,0,0,0,0,0,0,0,0,0,0,0,0,0,"정품_66,900|중고_43,330","정품_66,900|중고_43,330","정품_66,900|중고_43,330"
82906709,앱코 MR650 가상 7.1채널 3MODE 게이밍 헤드셋,0,0,0,0,0,0,0,0,0,0,0,0,0,0,0,0,0,0,0,0,0,0,0,0,0,0,0,0,0,0,"블랙_87,520|화이트_104,300|중고_43,540","블랙_87,520|화이트_104,300|중고_43,540"
76790450,앱코 MR700 3모드 무선 게이밍 헤드셋,0,0,0,0,0,0,0,0,0,0,0,0,0,0,0,0,0,0,0,0,0,0,0,0,0,0,0,0,0,"정품_25,900","정품_25,900","정품_25,900"
17518658,앱코 N300 가상 7.1 ENC 게이밍 헤드셋,0,0,0,0,0,0,0,0,0,0,0,0,0,0,0,0,0,0,0,0,0,0,0,0,0,0,0,0,0,"52,250","52,250","52,250"
17429624,앱코 N310 가상 7.1 RGB 게이밍 헤드셋,0,0,0,0,0,0,0,0,0,0,0,0,0,0,0,0,0,0,0,0,0,0,0,0,0,0,0,0,0,"19,000","19,000","19,000"
17392076,앱코 N440 가상 7.1 RGB 밴드라이팅 헤드셋,0,0,0,0,0,0,0,0,0,0,0,0,0,0,0,0,0,0,0,0,0,0,0,0,0,0,0,0,0,"29,650","29,650","29,650"
14694722,앱코 N460 가상 7.1 ENC 초경량 RGB 게이밍 헤드셋,0,0,0,0,0,0,0,0,0,0,0,0,0,0,0,0,0,0,0,0,0,0,0,0,0,0,0,0,0,"22,900","22,900","22,900"
14522765,앱코 N500 가상 7.1 ENC 초경량 RGB 게이밍 헤드셋,0,0,0,0,0,0,0,0,0,0,0,0,0,0,0,0,0,0,0,0,0,0,0,0,0,0,0,0,0,"27,500","27,500","27,500"
12278933,앱코 N700 가상 7.1채널 RGB 게이밍 헤드셋,0,0,0,0,0,0,0,0,0,0,0,0,0,0,0,0,0,0,0,0,0,0,0,0,0,0,0,0,0,"157,560","157,560","157,560"
15923834,앱코 N800 LITE 게이밍 헤드셋,0,0,0,0,0,0,0,0,0,0,0,0,0,0,0,0,0,0,0,0,0,0,0,0,0,0,0,0,0,"53,030","53,030","53,030"
13179062,앱코 N800 가상 7.1 진동 게이밍 헤드셋,0,0,0,0,0,0,0,0,0,0,0,0,0,0,0,0,0,0,0,0,0,0,0,0,0,0,0,0,0,"블랙_35,490|핑크_34,200|블루민트_37,000|라일락_34,770","블랙_35,490|핑크_34,200|블루민트_37,000|라일락_34,770","블랙_35,490|핑크_34,200|블루민트_37,000|라일락_34,770"
72065495,앱코 N900 가상 7.1 ENC RGB 진동 마그네틱 이어컵 게이밍 헤드셋,0,0,0,0,0,0,0,0,0,0,0,0,0,0,0,0,0,0,0,0,0,0,0,0,0,0,0,0,0,"45,900","45,900","45,900"
56141897,앱코 N980 진동 가상 7.1 RGB 게이밍 헤드셋,0,0,0,0,0,0,0,0,0,0,0,0,0,0,0,0,0,0,0,0,0,0,0,0,0,0,0,0,0,"37,000","37,000","37,000"
86973179,앱코 N999 미러링 가상 7.1 진동 마그네틱 이어컵 게이밍 헤드셋,0,0,0,0,0,0,0,0,0,0,0,0,0,0,0,0,0,0,0,0,0,0,0,0,0,0,0,0,0,"정품_43,000","정품_43,000","정품_43,000"
123031578,앱코 X23 노이즈캔슬링 RGB LED 초경량 USB 게이밍 헤드셋,0,0,0,0,0,0,0,0,0,0,0,0,0,0,0,0,0,0,0,0,0,0,0,0,0,0,0,0,0,"블랙, 정품_19,900|","블랙, 정품_19,900|","블랙, 정품_19,900|"
18529346,야마하 YH-G01,0,0,0,0,0,0,0,0,0,0,0,0,0,0,0,0,0,0,0,0,0,0,0,0,0,0,0,0,0,"정품_166,040|해외구매_130,540","정품_166,040|해외구매_130,540","정품_168,000|해외구매_130,540"
94449278,에듀플레이어 ECH25 Pro,0,0,0,0,0,0,0,0,0,0,0,0,0,0,0,0,0,0,0,0,0,0,0,0,0,0,0,0,0,"정품_49,800","정품_49,800","정품_49,800"
3445747,에이데이타코리아 DDZONE DH-1200,0,0,0,0,0,0,0,0,0,0,0,0,0,0,0,0,0,0,0,0,0,0,0,0,0,0,0,0,0,"5,490","5,490","5,490"
109595867,에이데이타코리아 DDZONE DHP-350 C타입,0,0,0,0,0,0,0,0,0,0,0,0,0,0,0,0,0,0,0,0,0,0,0,0,0,0,0,0,0,"10,990","10,990","10,990"
12620894,에이데이타코리아 SEEPAK SEEH-100,0,0,0,0,0,0,0,0,0,0,0,0,0,0,0,0,0,0,0,0,0,0,0,0,0,0,0,0,0,"5,210","5,210","5,210"
18583412,에이투 AG0501,0,0,0,0,0,0,0,0,0,0,0,0,0,0,0,0,0,0,0,0,0,0,0,0,0,0,0,0,0,"42,900","42,900","42,900"
94449083,에이투 GH3,0,0,0,0,0,0,0,0,0,0,0,0,0,0,0,0,0,0,0,0,0,0,0,0,0,0,0,0,0,"정품_89,900","정품_89,900",0
14917658,엠지텍 PENTA X11 가상 7.1채널 무선 게이밍 헤드셋,0,0,0,0,0,0,0,0,0,0,0,0,0,0,0,0,0,0,0,0,0,0,0,0,0,0,0,0,0,"148,890","148,890","148,890"
72304427,엠지텍 PENTA X12,0,0,0,0,0,0,0,0,0,0,0,0,0,0,0,0,0,0,0,0,0,0,0,0,0,0,0,0,0,"158,990","158,990","158,990"
8833268,엠지텍 PENTA X9,0,0,0,0,0,0,0,0,0,0,0,0,0,0,0,0,0,0,0,0,0,0,0,0,0,0,0,0,0,"79,900","79,900","79,900"
5351841,엠지텍 무선 PENTA X5 가상 7.1채널,0,0,0,0,0,0,0,0,0,0,0,0,0,0,0,0,0,0,0,0,0,0,0,0,0,0,0,0,0,"69,890","69,890","69,890"
12753590,오디오테크니카 ATH-G1,0,0,0,0,0,0,0,0,0,0,0,0,0,0,0,0,0,0,0,0,0,0,0,0,0,0,0,0,0,"정품_201,480|해외구매_529,690","정품_201,480|해외구매_528,560","정품_219,000|해외구매_528,430"
16098470,오디오테크니카 ATH-GDL3,0,0,0,0,0,0,0,0,0,0,0,0,0,0,0,0,0,0,0,0,0,0,0,0,0,0,0,0,0,"정품_127,880|해외구매_129,500","정품_127,880|해외구매_129,500","정품_134,800|해외구매_129,500"
16098512,오디오테크니카 ATH-GL3,0,0,0,0,0,0,0,0,0,0,0,0,0,0,0,0,0,0,0,0,0,0,0,0,0,0,0,0,0,"정품_113,050|해외구매_115,250","정품_113,050|해외구매_117,470","정품_113,050|해외구매_117,470"
19472147,오디오테크니카 ATH-M50xSTS,0,0,0,0,0,0,0,0,0,0,0,0,0,0,0,0,0,0,0,0,0,0,0,0,0,0,0,0,0,"정품_218,000|해외구매_217,690","정품_218,000|해외구매_217,690","정품_218,000|해외구매_211,040"
19471718,오디오테크니카 ATH-M50xSTS-USB,0,0,0,0,0,0,0,0,0,0,0,0,0,0,0,0,0,0,0,0,0,0,0,0,0,0,0,0,0,"정품_239,000|해외구매_243,120","정품_239,000|해외구매_243,120","정품_239,000|해외구매_243,120"
15187931,웨이코스 씽크웨이 BOB SHOCK H-PRO 게이밍 헤드셋,0,0,0,0,0,0,0,0,0,0,0,0,0,0,0,0,0,0,0,0,0,0,0,0,0,0,0,0,0,"28,400","28,400","28,400"
20008322,자브라 Evolve2 65 Flex UC,0,0,0,0,0,0,0,0,0,0,0,0,0,0,0,0,0,0,0,0,0,0,0,0,0,0,0,0,0,"USB-A, 정품_429,000|USB-C, 정품_429,000|+충전스탠드, USB-A, 정품_479,000|+충전스탠드, USB-C, 정품_479,000|USB-A, 해외구매_419,310","USB-A, 정품_429,000|USB-C, 정품_429,000|+충전스탠드, USB-A, 정품_479,000|+충전스탠드, USB-C, 정품_479,000|USB-A, 해외구매_419,310","USB-A, 정품_429,000|USB-C, 정품_429,000|+충전스탠드, USB-A, 정품_479,000|+충전스탠드, USB-C, 정품_479,000|USB-A, 해외구매_419,310"
16519535,잘만 ARCHER ZM-HPS700W,0,0,0,0,0,0,0,0,0,0,0,0,0,0,0,0,0,0,0,0,0,0,0,0,0,0,0,0,0,"블랙_35,080|화이트_63,650","블랙_35,080|화이트_63,650","블랙_35,080|화이트_63,650"
17775518,잘만 ZM-HPS310 가상 7.1채널 게이밍 헤드셋,0,0,0,0,0,0,0,0,0,0,0,0,0,0,0,0,0,0,0,0,0,0,0,0,0,0,0,0,0,"블랙_26,640|화이트_26,640","블랙_26,640|화이트_26,640","블랙_26,640|화이트_26,640"
10639896,잘만 ZM-HPS600,0,0,0,0,0,0,0,0,0,0,0,0,0,0,0,0,0,0,0,0,0,0,0,0,0,0,0,0,0,"37,000","37,000","37,000"
18557402,잘만 ZM-HPS610 가상 7.1채널 게이밍 헤드셋,0,0,0,0,0,0,0,0,0,0,0,0,0,0,0,0,0,0,0,0,0,0,0,0,0,0,0,0,0,"정품_39,500","정품_39,500","정품_39,500"
28420823,잘만 ZM-HPS700W Rev.1,0,0,0,0,0,0,0,0,0,0,0,0,0,0,0,0,0,0,0,0,0,0,0,0,0,0,0,0,0,"블랙_35,140","블랙_35,140","블랙_35,140"
53878469,잘만 ZM-HPS800W,0,0,0,0,0,0,0,0,0,0,0,0,0,0,0,0,0,0,0,0,0,0,0,0,0,0,0,0,0,"49,500","49,500","49,500"
5836989,제닉스 STORMX H3,0,0,0,0,0,0,0,0,0,0,0,0,0,0,0,0,0,0,0,0,0,0,0,0,0,0,0,0,0,"28,900","28,900","21,990"
16858493,제닉스 TITAN WH5,0,0,0,0,0,0,0,0,0,0,0,0,0,0,0,0,0,0,0,0,0,0,0,0,0,0,0,0,0,0,0,"143,890"
17414324,제닉스 TITAN WH6 가상 7.1채널 무선 게이밍 헤드셋,0,0,0,0,0,0,0,0,0,0,0,0,0,0,0,0,0,0,0,0,0,0,0,0,0,0,0,0,0,"정품_31,000|중고_26,400","정품_31,000|중고_26,640","정품_30,000|중고_26,860"
109597256,제이테크 투스카니 HD-6000M,0,0,0,0,0,0,0,0,0,0,0,0,0,0,0,0,0,0,0,0,0,0,0,0,0,0,0,0,0,"정품_7,500","정품_7,500","정품_7,500"
109597445,제이테크 투스카니 HD-X10,0,0,0,0,0,0,0,0,0,0,0,0,0,0,0,0,0,0,0,0,0,0,0,0,0,0,0,0,0,"정품_7,490","정품_7,490","정품_7,490"
75724913,제카 AIRWING Z1 가상 7.1채널 유무선 게이밍 헤드셋,0,0,0,0,0,0,0,0,0,0,0,0,0,0,0,0,0,0,0,0,0,0,0,0,0,0,0,0,0,"정품_54,000","정품_54,000","정품_54,000"
36199568,젬스트 Canleen G20 가상 7.1채널 게이밍 헤드셋,0,0,0,0,0,0,0,0,0,0,0,0,0,0,0,0,0,0,0,0,0,0,0,0,0,0,0,0,0,"퍼플_23,120|핑크_25,900|블랙_23,120","퍼플_23,120|핑크_25,900|블랙_23,120","퍼플_23,120|핑크_25,900|블랙_23,120"
104749955,젬스트 Canleen G202 가상7.1 ENC 인피니티미러 노이즈캔슬링 게이밍헤드셋,0,0,0,0,0,0,0,0,0,0,0,0,0,0,0,0,0,0,0,0,0,0,0,0,0,0,0,0,0,"정품_29,800","정품_29,800","정품_29,800"
7085437,젬스트 LEF G38 타이탄 가상 7.1채널 게이밍 헤드셋,0,0,0,0,0,0,0,0,0,0,0,0,0,0,0,0,0,0,0,0,0,0,0,0,0,0,0,0,0,"31,360","31,360","31,360"
13413179,지군코리아 PLH-V88 USB 7.1 게이밍 헤드셋,0,0,0,0,0,0,0,0,0,0,0,0,0,0,0,0,0,0,0,0,0,0,0,0,0,0,0,0,0,"17,800","17,800","17,800"
99481346,지클릭커 슈퍼히어로 G-SHOT C타입 버추얼7.1 ENC 블루투스 무선 게이밍 헤드셋 GH-WB4000,0,0,0,0,0,0,0,0,0,0,0,0,0,0,0,0,0,0,0,0,0,0,0,0,0,0,0,0,0,"블랙_32,300|화이트_32,300|핫핑크_32,300","블랙_32,300|화이트_32,300|핫핑크_32,300","블랙_32,300|화이트_32,300|핫핑크_32,300"
14438030,청연MnS naVee NV89-HDS10,0,0,0,0,0,0,0,0,0,0,0,0,0,0,0,0,0,0,0,0,0,0,0,0,0,0,0,0,0,"28,890","28,890","28,890"
15423329,체리 HC 2.2 게이밍 헤드셋,0,0,0,0,0,0,0,0,0,0,0,0,0,0,0,0,0,0,0,0,0,0,0,0,0,0,0,0,0,"정품_89,000","정품_89,000","정품_89,000"
19823180,코시 HS2190,0,0,0,0,0,0,0,0,0,0,0,0,0,0,0,0,0,0,0,0,0,0,0,0,0,0,0,0,0,"18,000","18,000","18,000"
27657611,코시 HS3520BT,0,0,0,0,0,0,0,0,0,0,0,0,0,0,0,0,0,0,0,0,0,0,0,0,0,0,0,0,0,"43,340","43,340","43,340"
58011731,코시 HS4042BT,0,0,0,0,0,0,0,0,0,0,0,0,0,0,0,0,0,0,0,0,0,0,0,0,0,0,0,0,0,"42,800","42,800","42,800"
99944318,코시 HS4155C,0,0,0,0,0,0,0,0,0,0,0,0,0,0,0,0,0,0,0,0,0,0,0,0,0,0,0,0,0,"정품_21,900","정품_21,900","정품_21,900"
99944366,코시 HS4158,0,0,0,0,0,0,0,0,0,0,0,0,0,0,0,0,0,0,0,0,0,0,0,0,0,0,0,0,0,"정품_14,620","정품_14,620","정품_14,620"
95851514,코시 비타 HS2254C,0,0,0,0,0,0,0,0,0,0,0,0,0,0,0,0,0,0,0,0,0,0,0,0,0,0,0,0,0,"정품_20,540","정품_20,540","정품_20,540"
95851511,코시 비타 HS2255C,0,0,0,0,0,0,0,0,0,0,0,0,0,0,0,0,0,0,0,0,0,0,0,0,0,0,0,0,0,"정품_21,210","정품_21,200","정품_21,180"
28026380,쿨러마스터 CH331 Street Fighter 6 Chun-Li USB 가상 7.1채널 RGB 게이밍 헤드셋,0,0,0,0,0,0,0,0,0,0,0,0,0,0,0,0,0,0,0,0,0,0,0,0,0,0,0,0,0,"44,190","44,190","43,520"
19387955,쿨러마스터 CH331 USB 가상 7.1채널 RGB 게이밍 헤드셋,0,0,0,0,0,0,0,0,0,0,0,0,0,0,0,0,0,0,0,0,0,0,0,0,0,0,0,0,0,"정품_40,510","정품_40,510","정품_40,510"
15426503,쿨러마스터 MH630 게이밍 헤드셋,0,0,0,0,0,0,0,0,0,0,0,0,0,0,0,0,0,0,0,0,0,0,0,0,0,0,0,0,0,"정품_45,000","정품_45,000","정품_45,000"
15427007,쿨러마스터 MH650 7.1 채널 RGB 게이밍 헤드셋,0,0,0,0,0,0,0,0,0,0,0,0,0,0,0,0,0,0,0,0,0,0,0,0,0,0,0,0,0,"정품_78,640|해외구매_182,570","정품_78,640|해외구매_182,570","정품_78,640|해외구매_182,570"
27758138,키밍 KM1940-86,0,0,0,0,0,0,0,0,0,0,0,0,0,0,0,0,0,0,0,0,0,0,0,0,0,0,0,0,0,"19,570","19,570","19,570"
27758450,키밍 KM3748-251,0,0,0,0,0,0,0,0,0,0,0,0,0,0,0,0,0,0,0,0,0,0,0,0,0,0,0,0,0,"16,230","16,230","16,230"
123669858,터틀비치 Atlas 200,0,0,0,0,0,0,0,0,0,0,0,0,0,0,0,0,0,0,0,0,0,0,0,0,0,0,0,0,0,"정품, 블랙_84,600|정품, 화이트_89,000|정품, 민트_89,000||","정품, 블랙_84,600|정품, 화이트_89,000|정품, 민트_89,000||","정품, 블랙_84,600|정품, 화이트_89,000|정품, 민트_89,000||"
107733086,터틀비치 Atlas 200,0,0,0,0,0,0,0,0,0,0,0,0,0,0,0,0,0,0,0,0,0,0,0,0,0,0,0,0,0,"정품, 블랙_84,600|정품, 화이트_89,000|||","정품, 블랙_84,600|정품, 화이트_89,000|||","정품, 블랙_84,600|정품, 화이트_89,000|||"
58846409,터틀비치 Atlas Air,0,0,0,0,0,0,0,0,0,0,0,0,0,0,0,0,0,0,0,0,0,0,0,0,0,0,0,0,0,"정품_249,000|해외구매_205,000","정품_249,000|해외구매_205,000","정품_211,650|해외구매_205,000"
106745786,터틀비치 Recon 50P,0,0,0,0,0,0,0,0,0,0,0,0,0,0,0,0,0,0,0,0,0,0,0,0,0,0,0,0,0,"블랙, 정품_39,900","블랙, 정품_39,900","블랙, 정품_39,900"
14312300,터틀비치 Recon CHAT XBOX,0,0,0,0,0,0,0,0,0,0,0,0,0,0,0,0,0,0,0,0,0,0,0,0,0,0,0,0,0,"정품_12,900","정품_12,900","정품_9,900"
58848038,터틀비치 Stealth 500 PC,0,0,0,0,0,0,0,0,0,0,0,0,0,0,0,0,0,0,0,0,0,0,0,0,0,0,0,0,0,"정품_79,000","정품_79,000","정품_79,000"
58848053,터틀비치 Stealth 500 PS,0,0,0,0,0,0,0,0,0,0,0,0,0,0,0,0,0,0,0,0,0,0,0,0,0,0,0,0,0,"정품_77,400|해외구매_143,080","정품_77,400|해외구매_143,080","정품_77,400|해외구매_143,080"
58848131,터틀비치 Stealth 500 XBOX,0,0,0,0,0,0,0,0,0,0,0,0,0,0,0,0,0,0,0,0,0,0,0,0,0,0,0,0,0,"정품_74,000|해외구매_140,800",0,"정품_74,000|해외구매_140,800"
58847144,터틀비치 Stealth 600 Gen3 PC,0,0,0,0,0,0,0,0,0,0,0,0,0,0,0,0,0,0,0,0,0,0,0,0,0,0,0,0,0,"105,000","105,000","126,650"
58847564,터틀비치 Stealth 600 Gen3 PS,0,0,0,0,0,0,0,0,0,0,0,0,0,0,0,0,0,0,0,0,0,0,0,0,0,0,0,0,0,"127,000","127,000","126,650"
58847420,터틀비치 Stealth 600 Gen3 XB,0,0,0,0,0,0,0,0,0,0,0,0,0,0,0,0,0,0,0,0,0,0,0,0,0,0,0,0,0,"정품_141,550|해외구매_132,330","정품_141,550|해외구매_132,330","정품_141,550|해외구매_132,330"
19169198,터틀비치 Stealth 700 Gen 2 MAX,0,0,0,0,0,0,0,0,0,0,0,0,0,0,0,0,0,0,0,0,0,0,0,0,0,0,0,0,0,"블랙, 정품_129,000|코발트블루, 정품_245,000|블랙, 해외구매_245,000",0,0
12962192,터틀비치 Stealth 700 Gen2 플레이스테이션,0,0,0,0,0,0,0,0,0,0,0,0,0,0,0,0,0,0,0,0,0,0,0,0,0,0,0,0,0,0,"정품_176,700","정품_176,700"
68789237,터틀비치 Stealth 700 Gen3 PC,0,0,0,0,0,0,0,0,0,0,0,0,0,0,0,0,0,0,0,0,0,0,0,0,0,0,0,0,0,"209,000","209,000","268,770"
68788790,터틀비치 Stealth 700 Gen3 PS,0,0,0,0,0,0,0,0,0,0,0,0,0,0,0,0,0,0,0,0,0,0,0,0,0,0,0,0,0,"블랙, 정품_289,000|화이트, 정품_279,000","블랙, 정품_289,000|화이트, 정품_279,000","블랙, 정품_215,000|화이트, 정품_215,000"
68788265,터틀비치 Stealth 700 Gen3 XBOX,0,0,0,0,0,0,0,0,0,0,0,0,0,0,0,0,0,0,0,0,0,0,0,0,0,0,0,0,0,"블랙, 정품_289,000|블루, 정품_279,000|해외구매_232,190","블랙, 정품_289,000|블루, 정품_279,000|해외구매_256,830","블랙, 정품_268,770|블루, 정품_268,770|해외구매_257,240"
74340674,테크리버 TK-GH1000,0,0,0,0,0,0,0,0,0,0,0,0,0,0,0,0,0,0,0,0,0,0,0,0,0,0,0,0,0,"정품_35,970","정품_35,970","정품_35,970"
91563860,티앤에스인터내셔널 NOX Maeve M1,0,0,0,0,0,0,0,0,0,0,0,0,0,0,0,0,0,0,0,0,0,0,0,0,0,0,0,0,0,"정품_29,900","정품_29,900","정품_29,900"
14984126,티앤에스인터내셔널 NOX NX-3 PLUS 가상 7.1채널 RGB 게이밍 헤드셋,0,0,0,0,0,0,0,0,0,0,0,0,0,0,0,0,0,0,0,0,0,0,0,0,0,0,0,0,0,"39,900","41,900","41,900"
12391268,티앤에스인터내셔널 NOX NX-502,0,0,0,0,0,0,0,0,0,0,0,0,0,0,0,0,0,0,0,0,0,0,0,0,0,0,0,0,0,"정품_38,800|+거치대, 정품_45,500","정품_38,800|+거치대, 정품_45,500","정품_38,800|+거치대, 정품_45,500"
13798262,티앤에스인터내셔널 NX-2 PLUS 가상 7.1채널 RGB 게이밍 헤드셋,0,0,0,0,0,0,0,0,0,0,0,0,0,0,0,0,0,0,0,0,0,0,0,0,0,0,0,0,0,"33,990","43,000","43,000"
101074457,티테크놀로지 T-DM900,0,0,0,0,0,0,0,0,0,0,0,0,0,0,0,0,0,0,0,0,0,0,0,0,0,0,0,0,0,"정품_1,600","정품_1,600","정품_1,600"
92358116,프리플로우 MCHOSE V9,0,0,0,0,0,0,0,0,0,0,0,0,0,0,0,0,0,0,0,0,0,0,0,0,0,0,0,0,0,"정품_72,900|해외구매_39,520","정품_72,900|해외구매_39,520","정품_72,900|해외구매_39,500"
92357951,프리플로우 MCHOSE V9 PRO,0,0,0,0,0,0,0,0,0,0,0,0,0,0,0,0,0,0,0,0,0,0,0,0,0,0,0,0,0,"정품_69,900|해외구매_33,770","정품_69,900|해외구매_35,720","정품_72,900|해외구매_34,550"
14280455,플레오맥스 HS-10,0,0,0,0,0,0,0,0,0,0,0,0,0,0,0,0,0,0,0,0,0,0,0,0,0,0,0,0,0,"8,300","8,300","8,300"
15314426,플레오맥스 HS-20 스테레오 게이밍헤드셋,0,0,0,0,0,0,0,0,0,0,0,0,0,0,0,0,0,0,0,0,0,0,0,0,0,0,0,0,0,"14,500","14,500","14,500"
13196780,플레오맥스 HS-5 스테레오 게이밍 헤드셋,0,0,0,0,0,0,0,0,0,0,0,0,0,0,0,0,0,0,0,0,0,0,0,0,0,0,0,0,0,"6,900","6,900","6,900"
11612345,플레오맥스 HS-9 스테레오 게이밍 헤드셋,0,0,0,0,0,0,0,0,0,0,0,0,0,0,0,0,0,0,0,0,0,0,0,0,0,0,0,0,0,"블랙_7,100|화이트_8,320","블랙_7,100|화이트_8,320","블랙_7,100|화이트_8,320"
13366811,플레오맥스 PHS-G30 게이밍 헤드셋,0,0,0,0,0,0,0,0,0,0,0,0,0,0,0,0,0,0,0,0,0,0,0,0,0,0,0,0,0,"15,000","15,000","15,000"
15314756,플레오맥스 PHS-G60 USB LED 게이밍 헤드셋,0,0,0,0,0,0,0,0,0,0,0,0,0,0,0,0,0,0,0,0,0,0,0,0,0,0,0,0,0,"19,900","19,900","19,900"
17732627,플레오맥스 PM-GH200,0,0,0,0,0,0,0,0,0,0,0,0,0,0,0,0,0,0,0,0,0,0,0,0,0,0,0,0,0,"21,900","21,900","21,900"
18109535,필립스 TAH3155,0,0,0,0,0,0,0,0,0,0,0,0,0,0,0,0,0,0,0,0,0,0,0,0,0,0,0,0,0,"정품_34,800","정품_34,800","정품_34,800"
67693016,한성컴퓨터 TFG CH PRO Wireless 3모드 게이밍 헤드셋,0,0,0,0,0,0,0,0,0,0,0,0,0,0,0,0,0,0,0,0,0,0,0,0,0,0,0,0,0,"블랙_59,900|화이트_59,900","블랙_59,900|화이트_59,900","블랙_58,020|화이트_58,020"
13074326,한성컴퓨터 TFG CH240 가상 7.1채널 게이밍 헤드셋,0,0,0,0,0,0,0,0,0,0,0,0,0,0,0,0,0,0,0,0,0,0,0,0,0,0,0,0,0,"블랙_23,490|화이트_23,490|핑크_24,900|퍼플_24,900","블랙_23,490|화이트_23,490|핑크_24,900|퍼플_24,900","블랙_23,490|화이트_23,490|핑크_24,110|퍼플_24,900"
28647608,해브빈 HB-029C,0,0,0,0,0,0,0,0,0,0,0,0,0,0,0,0,0,0,0,0,0,0,0,0,0,0,0,0,0,"해외구매_21,440",0,0
