Id,Name,2020-09-01 09:46:03,2020-09-02 09:41:18,2020-09-03 09:44:35,2020-09-04 09:45:25,2020-09-05 10:21:02,2020-09-07 09:46:16,2020-09-08 09:45:55,2020-09-09 09:46:09,2020-09-10 09:43:06,2020-09-11 09:43:23,2020-09-12 09:45:22,2020-09-13 09:47:51,2020-09-14 09:46:58,2020-09-15 09:46:29,2020-09-16 09:46:38,2020-09-17 09:46:53,2020-09-19 09:46:53,2020-09-20 09:49:34,2020-09-21 09:49:00,2020-09-22 09:48:11,2020-09-23 09:47:57,2020-09-24 09:49:28,2020-09-25 09:49:09,2020-09-26 09:48:31,2020-09-27 09:51:20,2020-09-28 09:50:16,2020-09-29 09:49:46,2020-09-30 09:49:52
3202784,AMD A10 7870K (고다바리),"210,990","210,990","210,990","210,990","210,990","210,990","210,990","210,990","210,990","210,990","210,990","210,990","210,990","210,990","210,990","210,990","210,990","210,990","210,990","210,990","210,990","210,990","210,990","210,990","210,990","210,990","210,990","210,990"
3412430,AMD A8 7670K (고다바리),"100,000","100,000","100,000","100,000","100,000","100,000","100,000","100,000","100,000","100,000","100,000","100,000","100,000","100,000","100,000","100,000","100,000","100,000","100,000","100,000","100,000","100,000","100,000","100,000","100,000","100,000","100,000","100,000"
9736854,AMD EPYC 7232P (롬),"840,000","840,000","840,000","840,000","840,000","840,000","840,000","840,000","840,000","840,000","840,000","840,000","840,000","840,000","840,000","840,000","840,000","840,000","840,000","840,000","840,000","840,000","840,000","840,000","840,000","840,000","840,000","840,000"
9736842,AMD EPYC 7252 (롬),"948,970","948,970","948,970","948,970","948,970","948,970","948,970","948,970","948,970","948,970","948,970","948,970","948,970","948,970","948,970","948,970","948,970","948,970","948,970","948,970","948,970","948,970","948,970","948,970","948,970","948,970","948,970","948,970"
9736833,AMD EPYC 7262 (롬),"1,070,000","1,070,000","1,070,000","1,070,000","1,070,000","1,070,000","1,070,000","1,070,000","1,070,000","1,070,000","1,070,000","1,070,000","1,070,000","1,070,000","1,070,000","1,070,000","1,070,000","1,070,000","1,070,000","1,070,000","1,070,000","1,070,000","1,070,000","1,070,000","1,070,000","1,070,000","1,070,000","1,070,000"
9736800,AMD EPYC 7272 (롬),"1,247,730","1,247,730","1,247,730","1,247,730","1,247,730","1,247,730","1,247,730","1,247,730","1,247,730","1,247,730","1,247,730","1,247,730","1,247,730","1,247,730","1,247,730","1,247,730","1,247,730","1,247,730","1,247,730","1,247,730","1,247,730","1,247,730","1,247,730","1,247,730","1,247,730","1,247,730","1,247,730","1,247,730"
9736794,AMD EPYC 7282 (롬),"1,297,120","1,297,120","1,297,120","1,297,120","1,297,120","1,297,120","1,297,120","1,297,120","1,297,120","1,297,120","1,297,120","1,297,120","1,297,120","1,297,120","1,297,120","1,297,120","1,297,120","1,297,120","1,297,120","1,297,120","1,297,120","1,297,120","1,297,120","1,297,120","1,297,120","1,297,120","1,297,120","1,297,120"
9736752,AMD EPYC 7302 (롬),"1,830,000","1,830,000","1,830,000","1,830,000","1,830,000","1,830,000","1,830,000","1,830,000","1,830,000","1,830,000","1,830,000","1,830,000","1,830,000","1,830,000","1,830,000","1,830,000","1,830,000","1,830,000","1,830,000","1,830,000","1,830,000","1,830,000","1,830,000","1,830,000","1,830,000","1,830,000","1,830,000","1,830,000"
9736764,AMD EPYC 7302P (롬),"1,646,810","1,646,810","1,646,810","1,646,810","1,646,810","1,646,810","1,646,810","1,646,810","1,646,810","1,646,810","1,646,810","1,646,810","1,646,810","1,646,810","1,646,810","1,646,810","1,646,810","1,646,810","1,646,810","1,646,810","1,646,810","1,646,810","1,646,810","1,646,810","1,646,810","1,646,810","1,646,810","1,646,810"
9736716,AMD EPYC 7352 (롬),"2,450,000","2,450,000","2,450,000","2,450,000","2,450,000","2,450,000","2,450,000","2,450,000","2,450,000","2,450,000","2,450,000","2,450,000","2,450,000","2,450,000","2,450,000","2,450,000","2,450,000","2,450,000","2,450,000","2,450,000","2,450,000","2,450,000","2,450,000","2,450,000","2,450,000","2,450,000","2,450,000","2,450,000"
9736692,AMD EPYC 7402 (롬),"3,556,080","3,556,080","3,556,080","3,556,080","3,556,080","3,556,080","3,556,080","3,556,080","3,556,080","3,556,080","3,556,080","3,556,080","3,556,080","3,556,080","3,556,080","3,556,080","3,556,080","3,556,080","3,556,080","3,556,080","3,556,080","3,556,080","3,556,080","3,556,080","3,556,080","3,556,080","3,556,080","3,556,080"
9736710,AMD EPYC 7402P (롬),"2,493,920","2,493,920","2,493,920","2,493,920","2,493,920","2,493,920","2,493,920","2,493,920","2,493,920","2,493,920","2,493,920","2,493,920","2,493,920","2,493,920","2,493,920","2,493,920","2,493,920","2,493,920","2,493,920","2,493,920","2,493,920","2,493,920","2,493,920","2,493,920","2,493,920","2,493,920","2,493,920","2,493,920"
9736680,AMD EPYC 7452 (롬),"3,700,000","3,700,000","3,700,000","3,700,000","3,700,000","3,700,000","3,700,000","3,700,000","3,700,000","3,700,000","3,700,000","3,700,000","3,700,000","3,700,000","3,700,000","3,700,000","3,700,000","3,700,000","3,700,000","3,700,000","3,700,000","3,700,000","3,700,000","3,700,000","3,700,000","3,700,000","3,700,000","3,700,000"
9736653,AMD EPYC 7502 (롬),"5,186,720","5,186,720","5,186,720","5,186,720","5,186,720","5,186,720","5,186,720","5,186,720","5,186,720","5,186,720","5,186,720","5,186,720","5,186,720","5,186,720","5,186,720","5,186,720","5,186,720","5,186,720","5,186,720","5,186,720","5,186,720","5,186,720","5,186,720","5,186,720","5,186,720","5,186,720","5,186,720","5,186,720"
9736671,AMD EPYC 7502P (롬),"4,588,980","4,588,980","4,588,980","4,588,980","4,588,980","4,588,980","4,588,980","4,588,980","4,588,980","4,588,980","4,588,980","4,588,980","4,588,980","4,588,980","4,588,980","4,588,980","4,588,980","4,588,980","4,588,980","4,588,980","4,588,980","4,588,980","4,588,980","4,588,980","4,588,980","4,588,980","4,588,980","4,588,980"
9736638,AMD EPYC 7542 (롬),"6,250,000","6,250,000","6,250,000","6,250,000","6,250,000","6,250,000","6,250,000","6,250,000","6,250,000","6,250,000","6,250,000","6,250,000","6,250,000","6,250,000","6,250,000","6,250,000","6,250,000","6,250,000","6,250,000","6,250,000","6,250,000","6,250,000","6,250,000","6,250,000","6,250,000","6,250,000","6,250,000","6,250,000"
9736614,AMD EPYC 7552 (롬),"8,030,220","8,030,220","8,030,220","8,030,220","8,030,220","8,030,220","8,030,220","8,030,220","8,030,220","8,030,220","8,030,220","8,030,220","8,030,220","8,030,220","8,030,220","8,030,220","8,030,220","8,030,220","8,030,220","8,030,220","8,030,220","8,030,220","8,030,220","8,030,220","8,030,220","8,030,220","8,030,220","8,030,220"
9736602,AMD EPYC 7642 (롬),"8,720,000","8,720,000","8,720,000","8,720,000","8,720,000","8,720,000","8,720,000","8,720,000","8,720,000","8,720,000","8,720,000","8,720,000","8,720,000","8,720,000","8,720,000","8,720,000","8,720,000","8,720,000","8,720,000","8,720,000","8,720,000","8,720,000","8,720,000","8,720,000","8,720,000","8,720,000","8,720,000","8,720,000"
9736446,AMD EPYC 7702 (롬),"12,867,140","12,867,140","12,867,140","12,867,140","12,867,140","12,867,140","12,867,140","12,867,140","12,867,140","12,867,140","12,867,140","12,867,140","12,867,140","12,867,140","12,867,140","12,867,140","12,867,140","12,867,140","12,867,140","12,867,140","12,867,140","12,867,140","12,867,140","12,867,140","12,867,140","12,867,140","12,867,140","12,867,140"
9736539,AMD EPYC 7702P (롬),"8,828,160","8,828,160","8,828,160","8,828,160","8,828,160","8,828,160","8,828,160","8,828,160","8,828,160","8,828,160","8,828,160","8,828,160","8,828,160","8,828,160","8,828,160","8,828,160","8,828,160","8,828,160","8,828,160","8,828,160","8,828,160","8,828,160","8,828,160","8,828,160","8,828,160","8,828,160","8,828,160","8,828,160"
9736071,AMD EPYC 7742 (롬),"12,800,000","12,800,000","12,800,000","12,800,000","12,800,000","12,800,000","12,800,000","12,800,000","12,800,000","12,800,000","12,800,000","12,800,000","12,800,000","12,800,000","12,800,000","12,800,000","12,800,000","12,800,000","12,800,000","12,800,000","12,800,000","12,800,000","12,800,000","12,800,000","12,800,000","12,800,000","12,800,000","12,800,000"
4143917,AMD FX 8300 (비쉐라),0,0,0,0,0,"62,100","62,100",0,0,0,0,0,0,"62,100","62,100","62,100","62,100","62,100","62,100","62,100","62,100","62,100","62,100",0,0,0,0,0
5448913,AMD 라이젠 스레드리퍼 1900X (화이트헤븐),"256,790","256,790","256,790","256,790","256,790","256,790","256,790","256,790","256,790","256,790","256,790","256,790","256,790","256,790","256,790","256,790","256,790","256,790","256,790","256,790","256,790","256,790","256,790","256,790","256,790","256,790","256,790","256,790"
5355163,AMD 라이젠 스레드리퍼 1950X (화이트헤븐),"1,220,000","1,220,000","1,220,000","1,220,000","1,220,000","1,220,000","1,220,000","1,220,000","1,220,000","1,220,000","1,220,000","1,220,000","1,220,000","1,220,000","1,220,000","1,220,000","1,220,000","1,220,000","1,220,000","1,220,000","1,220,000","1,220,000","1,220,000","1,220,000","1,220,000","1,220,000","1,220,000","1,220,000"
6467045,AMD 라이젠 스레드리퍼 2950X (콜팩스),"994,280","994,280","994,280","994,280","1,013,040","1,013,040","1,013,040","1,013,040","1,013,040","1,033,500","1,033,500","1,033,500","1,033,500","1,033,500","1,010,560","956,900","956,900","956,900","956,900","956,900","956,900","956,900","956,900","956,900","956,900","956,900","956,900","956,900"
6835381,AMD 라이젠 스레드리퍼 2970WX (콜팩스),"1,766,400","1,766,400","1,766,400","1,766,400","1,766,400","1,766,400","1,766,400","1,766,400","1,766,400","1,766,400","1,766,400","1,766,400","1,766,400","1,766,400","1,766,400","1,766,400","1,766,400","1,766,400","1,766,400","1,766,400","1,766,400","1,766,400","1,766,400","1,766,400","1,766,400","1,766,400","1,766,400","1,766,400"
6385810,AMD 라이젠 스레드리퍼 2990WX (콜팩스),"2,645,000","2,645,000","2,645,000","2,225,600","2,225,600","2,225,600","2,225,600","2,225,600","2,225,600","2,645,000","2,645,000","2,645,000","2,645,000","2,645,000","4,079,200","4,079,200","4,079,200","4,079,200","4,079,200","4,079,200","4,079,200","4,079,200","4,079,200","4,079,200","4,079,200","4,079,200","4,079,200","4,079,200"
9996723,AMD 라이젠 스레드리퍼 3960X (캐슬 픽),"1,690,500","1,690,500","1,690,500","1,690,000","1,689,000","1,689,000","1,658,800","1,658,800","1,658,800","1,658,800","1,658,800","1,658,800","1,658,800","1,658,800","1,658,800","1,658,600","1,653,700","1,653,700","1,653,700","1,653,700","1,653,600","1,653,600","1,653,500","1,653,400","1,653,400","1,653,200","1,653,100","1,653,100"
11035356,AMD 라이젠 스레드리퍼 3960X (캐슬 픽),"1,690,500","1,690,500","1,690,500","1,690,000","1,689,000","1,689,000","1,658,800","1,658,800","1,658,800","1,658,800","1,658,800","1,658,800","1,658,800","1,658,800","1,658,800","1,658,600","1,653,700","1,653,700","1,653,700","1,653,700","1,653,600","1,653,600","1,653,500","1,653,400","1,653,400","1,653,200","1,653,100","1,653,100"
9996756,AMD 라이젠 스레드리퍼 3970X (캐슬 픽),"2,424,700","2,424,600","2,424,600","2,424,600","2,424,500","2,424,500","2,424,500","2,424,500","2,424,500","2,424,500","2,424,500","2,424,500","2,424,500","2,424,500","2,424,500","2,424,500","2,424,500","2,424,500","2,424,500","2,424,500","2,424,500","2,409,000","2,408,900","2,408,900","2,408,900","2,408,800","2,408,800","2,408,800"
10518636,AMD 라이젠 스레드리퍼 3990X (캐슬 픽),"4,754,300","4,754,300","4,754,300","4,754,300","4,725,900","4,725,900","4,725,900","4,725,900","4,725,900","4,725,900","4,725,900","4,725,900","4,725,900","4,725,900","4,725,900","4,725,900","4,706,900","4,706,900","4,706,900","4,706,900","4,706,900","4,705,100","4,705,000","4,705,000","4,705,000","4,705,000","4,705,000","4,705,000"
11876290,AMD 라이젠3 PRO 4350G (르누아르),"233,000","185,500","233,000","233,000","233,000","185,500","233,000","233,000","233,000","233,000","233,000","233,000","233,000","233,000","233,000","233,000","233,000","233,000","233,000","233,000","233,000","187,000","183,500","183,500","183,500","183,300","183,000","182,800"
5352206,AMD 라이젠3-1세대 1200 (서밋 릿지),"168,850",0,0,0,0,0,0,0,0,0,0,0,0,0,0,0,0,0,0,0,0,0,0,0,0,0,0,0
5884539,AMD 라이젠3-1세대 2200G (레이븐 릿지),"125,000","125,000","125,000","125,000","125,000","125,000","125,000","160,000","160,000","160,000","160,000","160,000","160,000","160,000","160,000","160,000","160,000","160,000","160,000","160,000","160,000","160,000","160,000","160,000","160,000","160,000","160,000","160,000"
8460291,AMD 라이젠3-2세대 3200G (피카소),"103,000","103,200","106,000","109,000","112,000","113,400","117,000","120,000","123,000","128,000","128,000","128,000","128,000","138,000","140,000","137,000","141,000","141,000","141,000","142,200","146,000","139,850","139,850","141,000","141,000","141,000","141,000","142,200"
11021694,AMD 라이젠3-2세대 3200G (피카소),0,0,0,0,0,0,0,0,0,0,0,0,0,0,0,0,0,0,0,0,0,0,0,0,0,0,0,0
11236047,AMD 라이젠3-3세대 3100 (마티스),"124,900","124,900","124,900","124,900","124,600","124,600","124,600","124,600","124,500","124,500","124,500","124,400","124,400","124,400","124,400","124,400","124,400","124,400","124,400","124,400","124,400","124,400","124,400","124,400","124,400","124,400","122,850","124,100"
12200864,AMD 라이젠3-3세대 3100 (마티스),0,0,0,0,"124,600","124,600","124,600","124,600","124,500","124,500","124,500","124,400","124,400","124,400","124,400","124,400","124,400","124,400","124,400","124,400","124,400","124,400","124,400","124,400","124,400","124,400","122,850","124,100"
11236053,AMD 라이젠3-3세대 3300X (마티스),"180,880","201,850","203,810","166,000","209,500","209,690","209,240","207,000","206,990","204,740","202,490","202,490","202,490","200,240","197,990","212,440","206,080","212,440","212,440","202,500","203,990","199,990","195,000","190,000","190,000","190,000","212,440","212,440"
12340184,AMD 라이젠3-3세대 3300X (마티스),0,0,0,0,0,0,0,0,0,0,0,0,0,0,0,0,0,0,0,0,0,"199,990","195,000","190,000","190,000","190,000","212,440","212,440"
11876443,AMD 라이젠5 PRO 4650G (르누아르),"399,000","399,000","399,000","399,000","399,000","250,160","399,000","399,000","399,000","399,000","399,000","399,000","399,000","399,000","399,000","399,000","399,000","399,000","399,000","399,000","399,000","252,400","252,400","252,400","252,400","252,300","252,000","249,900"
5061811,AMD 라이젠5-1세대 1400 (서밋 릿지),"175,440","212,610","212,610","212,610","212,610","212,610","212,610","212,610","212,610","212,610","212,610","212,610","212,610","212,610","212,610","212,610","212,610","212,610","212,610","212,610","212,610","212,610","212,610","212,610","212,610","212,610","212,610","212,610"
5061812,AMD 라이젠5-1세대 1500X (서밋 릿지),"210,000","210,000","210,000","210,000","210,000","210,000","210,000","210,000","210,000","210,000","210,000","210,000","210,000","210,000","210,000","210,000","210,000","210,000","210,000","210,000","210,000","210,000",0,0,0,0,0,0
5061813,AMD 라이젠5-1세대 1600 (서밋 릿지),"170,000","170,000","170,000","170,000","170,000","170,000","170,000","170,000","170,000","170,000","170,000","170,000","170,000","170,000","170,000","170,000","170,000","170,000","170,000","170,000","170,000","170,000","170,000","170,000","170,000","170,000","170,000","170,000"
5065152,AMD 라이젠5-1세대 1600X (서밋 릿지),"581,000",일시품절,일시품절,일시품절,일시품절,일시품절,일시품절,일시품절,일시품절,일시품절,일시품절,일시품절,일시품절,일시품절,일시품절,일시품절,일시품절,일시품절,일시품절,일시품절,일시품절,일시품절,일시품절,일시품절,일시품절,일시품절,일시품절,일시품절
6066396,AMD 라이젠5-2세대 2600 (피나클 릿지),"260,000","260,000","260,000","260,000","260,000","260,000","260,000","260,000","260,000","260,000","260,000","280,000","280,000","280,000","280,000","280,000","280,000","280,000","280,000","280,000","280,000","280,000","280,000","280,000","280,000","280,000","280,000","280,000"
6066419,AMD 라이젠5-2세대 2600X (피나클 릿지),"279,000","281,900","281,870","281,830","281,800","281,610","287,020","286,940","286,930","300,890","300,890","300,890","300,890","300,890","300,890","300,890","300,890","300,890","300,890","300,890","300,890","300,890","300,890","300,890","300,890","300,890","300,890","300,890"
10176534,AMD 라이젠5-2세대 3400G (피카소),"169,000","169,000","164,930","164,780","164,320","164,150","162,630","160,910","160,910","159,160","157,400","157,370","157,220","155,670","162,120","167,900","166,100","166,100","166,100","166,100","166,100","162,530","160,910","160,900","160,810","160,700","159,080","157,410"
11026974,AMD 라이젠5-2세대 3400G (피카소),0,0,0,0,0,0,0,0,0,0,0,0,0,0,0,0,0,0,0,0,0,0,0,0,0,0,0,0
10002339,AMD 라이젠5-3세대 3500 (마티스),"161,000","161,000","161,000","152,800","152,800","152,700","152,700","152,700","152,700","152,700","152,700","152,700","152,700","152,700","152,700","152,700","152,000","152,000","152,000","152,000","152,000","152,000","151,500","151,500","151,500","151,500","151,500","151,500"
12340073,AMD 라이젠5-3세대 3500 (마티스),0,0,0,0,0,0,0,0,0,0,0,0,0,0,0,0,0,0,0,0,0,"152,000","151,500","151,500","151,500","151,500","151,500","151,500"
9686475,AMD 라이젠5-3세대 3500X (마티스),"176,100","176,000","175,000","173,300","172,300","172,200","172,000","172,000","171,600","171,400","171,000","170,800","170,600","170,400","170,000","169,600","169,200","169,200","168,900","168,300","168,000","167,800","167,000","166,900","166,900","166,500","166,300","166,200"
11020770,AMD 라이젠5-3세대 3500X (마티스),"176,100","176,000","175,000","173,300","172,300","172,200","172,000","172,000","171,600","171,400","171,000","170,800","170,600","170,400","170,000","169,600","169,200","169,200","168,900","168,300","168,000","167,800","167,000","166,900","166,900","166,500","166,300","166,200"
8459973,AMD 라이젠5-3세대 3600 (마티스),"309,000","312,000","291,200","279,820","239,200","239,100","238,000","237,000","236,500","236,300","234,300","234,200","233,700","233,400","233,000","230,800","229,700","229,300","229,000","228,210","227,800","227,500","223,900","223,000","223,000","222,600","222,400","222,200"
11020131,AMD 라이젠5-3세대 3600 (마티스),0,0,0,0,0,0,0,0,0,0,0,0,0,0,0,0,0,0,0,0,0,0,0,0,0,0,0,0
8459925,AMD 라이젠5-3세대 3600X (마티스),"325,000","325,000","325,000","280,000","280,000","280,000","280,000","280,000","280,000","280,000","280,000","280,000","280,000","280,000","280,000","280,000","280,000","280,000","280,000","280,000","280,000","280,000","250,700","250,700","250,700","250,700","250,700","250,700"
11024358,AMD 라이젠5-3세대 3600X (마티스),0,0,0,0,0,0,0,0,0,0,0,0,0,0,0,0,0,0,0,0,0,0,0,0,0,0,0,0
11756438,AMD 라이젠5-3세대 3600XT (마티스),"307,700","307,200","305,900","264,000","260,800","258,800","257,100","256,800","256,400","256,200","255,900","255,700","255,400","255,200","254,900","253,400","253,000","253,000","252,800","252,400","252,100","251,700","250,900","250,600","250,600","250,100","249,110","249,100"
12339050,AMD 라이젠5-3세대 3600XT (마티스),0,0,0,0,0,0,0,0,0,0,0,0,0,0,0,0,0,0,0,0,0,"251,700","250,900","250,600","250,600","250,100","249,110","249,100"
11876521,AMD 라이젠7 PRO 4750G (르누아르),"500,000","500,000","500,000","500,000","500,000","500,000","500,000","500,000","500,000","500,000","500,000","500,000","500,000","500,000","500,000","500,000","500,000","500,000","500,000","500,000","500,000","394,000","390,000","390,000","390,000","389,900","389,800","389,800"
4929428,AMD 라이젠7-1세대 1700 (서밋 릿지),"270,000","270,000","270,000","270,000","270,000","270,000","270,000","270,000","270,000","270,000","270,000","270,000","270,000","270,000","270,000","270,000","270,000","270,000","270,000","270,000","270,000","270,000","270,000","270,000","270,000","270,000","270,000","270,000"
4929434,AMD 라이젠7-1세대 1700X (서밋 릿지),"403,210","403,210","379,270","403,210","403,210","403,210","403,210","403,210","403,210","403,210","403,210","403,210","403,210","403,210","403,210","403,210","403,210","403,210","403,210","403,210","403,210","403,210","403,210","403,210","403,210","403,210","403,210","403,210"
4929101,AMD 라이젠7-1세대 1800X (서밋 릿지),0,0,0,0,0,0,0,0,0,0,0,0,0,0,0,0,0,0,0,0,0,0,0,0,0,0,0,0
4929144,AMD 라이젠7-1세대 1800X (서밋 릿지),"396,250","396,250","396,250","396,250","396,250","396,250","396,250","396,250","396,250","396,250","396,250","396,250","396,250","396,250","396,250","396,250","396,250","396,250","396,250","396,250","396,250","396,250","396,250","396,250","396,250","396,250","396,250","396,250"
6066361,AMD 라이젠7-2세대 2700 (피나클 릿지),"424,490","424,490","424,490","424,490","424,490","424,490","424,490","424,490","424,490","424,490","424,490","424,490","424,490","424,490","424,490","424,490","424,490","424,490","424,490","424,490","424,490","424,490","424,490","424,490","424,490","424,490","424,490","424,490"
6066337,AMD 라이젠7-2세대 2700X (피나클 릿지),"417,210","430,000","430,000","430,000","430,000","430,000","430,000","430,000","430,000","430,000","430,000","430,000","430,000","430,000","430,000","430,000","430,000","430,000","430,000","430,000","430,000","430,000","430,000","430,000","430,000","430,000","430,000","430,000"
7827430,AMD 라이젠7-2세대 2700X GOLD EDITION (피나클 릿지),0,0,0,0,0,0,0,0,0,0,0,0,0,0,0,0,0,0,0,0,0,0,0,0,0,0,0,0
8459829,AMD 라이젠7-3세대 3700X (마티스),"353,200","353,000","353,000","353,000","352,800","352,700","352,600","352,000","352,000","352,000","352,000","351,900","351,800","351,600","351,500","351,100","350,900","350,900","350,900","350,600","350,300","350,200","348,900","348,500","348,500","348,000","347,800","347,600"
11021388,AMD 라이젠7-3세대 3700X (마티스),0,0,0,0,0,0,0,0,0,0,0,0,0,0,0,0,0,0,0,0,0,0,0,0,0,0,0,0
8459781,AMD 라이젠7-3세대 3800X (마티스),"400,600","400,600","400,600","400,600","400,600","400,600","400,600","400,600","400,600","400,600","400,600","400,600","400,400","400,400","400,400","400,200","400,200","400,200","400,200","390,000","390,000","390,000","390,000","390,000","390,000","390,000","390,000","390,000"
11026596,AMD 라이젠7-3세대 3800X (마티스),0,0,0,0,0,0,0,0,0,0,0,0,0,0,0,0,0,0,0,0,0,0,0,0,0,0,0,0
11756552,AMD 라이젠7-3세대 3800XT (마티스),"449,990","455,930","455,900","455,800","452,900","452,800","452,700","452,700","452,600","452,500","452,300","452,300","452,200","452,100","443,830","445,300","445,100","445,100","445,000","444,800","444,600","436,000","435,000","435,000","435,000","434,900","434,900","434,900"
12338966,AMD 라이젠7-3세대 3800XT (마티스),0,0,0,0,0,0,0,0,0,0,0,0,0,0,0,0,0,0,0,0,0,"436,000","435,000","435,000","435,000","434,900","434,900","434,900"
8457111,AMD 라이젠9-3세대 3900X (마티스),"564,400","564,400","564,400","564,400","564,400","564,400","574,900","574,900","596,700","610,000","610,000","610,000","610,000","645,000","645,000","645,000","651,000","651,000","651,000","651,000","698,880","687,260","698,900","695,140","695,060","695,000","694,900","698,910"
11022852,AMD 라이젠9-3세대 3900X (마티스),0,0,0,0,0,0,0,0,0,0,0,0,0,0,0,0,0,0,0,0,0,0,0,0,0,0,0,0
11756642,AMD 라이젠9-3세대 3900XT (마티스),"629,000","628,700","628,600","628,300","613,900","613,700","613,600","613,500","613,400","613,300","613,300","613,300","612,900","612,700","612,500","609,700","609,400","609,400","609,200","609,200","660,400","660,000","660,000","660,000","660,000","660,000","660,000","660,000"
12338828,AMD 라이젠9-3세대 3900XT (마티스),0,0,0,0,0,0,0,0,0,0,0,0,0,0,0,0,0,0,0,0,0,"660,000","660,000","660,000","660,000","660,000","660,000","660,000"
9996480,AMD 라이젠9-3세대 3950X (마티스),"865,000","865,000","865,000","865,000","865,000","865,000","865,000","865,000","865,000","865,000","865,000","865,000","865,000","865,000","865,000","865,000","865,000","865,000","865,000","865,000","865,000","865,000","865,000","865,000","865,000","865,000","865,000","865,000"
11026701,AMD 라이젠9-3세대 3950X (마티스),"865,000","865,000","865,000","865,000","865,000","865,000","865,000","865,000","865,000","865,000","865,000","865,000","865,000","865,000","865,000","865,000","865,000","865,000","865,000","865,000","865,000","865,000","865,000","865,000","865,000","865,000","865,000","865,000"
6522496,AMD 애슬론 200GE (레이븐 릿지),"78,000","78,000","78,000","78,000","78,000","78,000","78,000","78,000","78,000","78,000","78,000","78,000","78,000","78,000","78,000","78,000","78,000","78,000","78,000",0,0,0,0,0,0,0,0,0
11028270,AMD 애슬론 200GE (레이븐 릿지),0,0,0,0,0,0,0,0,0,0,0,0,0,0,0,0,0,0,0,0,0,0,0,0,0,0,0,일시품절
9968202,AMD 애슬론 3000G (레이븐 릿지),"59,900","59,900","59,900","59,900","59,900","59,900","59,900","60,500","75,000","75,000","75,000","75,000","75,000","75,000","75,000","80,000","120,000","120,000","120,000","120,000","120,000","120,000","120,000","120,000","120,000","120,000","120,000","120,000"
11025336,AMD 애슬론 3000G (레이븐 릿지),"59,900","59,900","59,900","59,900","59,900","59,900","59,900","60,500","75,000","75,000","75,000","75,000","75,000","75,000","75,000","80,000","120,000","120,000","120,000","120,000","120,000","120,000","120,000","120,000","120,000","120,000","120,000","120,000"
4281793,AMD 페넘II-X4 955 (데네브),"18,990",0,0,0,0,0,0,0,0,0,0,0,0,0,0,0,0,0,0,"18,990","18,990","18,990","18,990","18,990","18,990",0,0,0
4467073,AMD 페넘II-X6 1055T (투반),0,0,0,0,0,0,0,0,0,0,0,0,0,0,0,0,0,0,0,0,0,0,0,0,0,0,0,0
1917902,인텔 셀러론 G1610 (아이비브릿지),"2,340",0,0,0,0,0,0,0,0,0,0,0,0,0,0,0,0,0,0,0,0,0,0,0,0,0,0,0
4507171,인텔 셀러론 G1620 (아이비브릿지),"2,200","2,200","2,200","2,200","2,200","2,200","2,190","2,200","2,200","2,150","2,200","2,190","2,200","2,200","2,200","2,200","2,200","2,200","2,200","2,200","2,200","2,200","2,200","2,200","2,200","2,160","2,200","2,200"
2302299,인텔 셀러론 G1630 (아이비브릿지),"2,780","2,780","2,780","2,780","2,780","2,780","2,780","2,780","2,780","2,780","2,780","2,780","2,780","2,780","2,780","2,790","2,790","2,790","2,790","2,790","2,790","2,790","2,790","2,790","2,790","2,790","2,790","2,790"
6112877,인텔 셀러론 G1820 (하스웰),0,0,0,0,0,0,0,0,0,0,0,0,0,0,0,0,0,0,0,0,0,0,0,0,0,0,0,0
6112894,인텔 셀러론 G1830 (하스웰),0,0,0,0,0,0,0,0,0,0,0,0,0,0,"6,600","9,300","9,300","9,300","9,300",0,0,0,0,0,0,0,0,0
6112916,인텔 셀러론 G1840 (하스웰 리프레시),0,0,0,0,0,0,0,0,0,0,0,0,0,0,0,0,0,0,0,0,0,0,0,0,0,0,0,0
2669666,인텔 셀러론 G1840 (하스웰 리프레시),0,0,0,0,0,0,0,0,0,0,0,0,"31,500",0,0,0,0,0,0,0,0,0,0,0,0,0,0,0
6112926,인텔 셀러론 G1850 (하스웰 리프레시),0,0,0,0,0,0,0,0,0,0,0,0,0,0,0,0,0,0,0,0,0,0,0,0,0,0,0,0
5686844,인텔 셀러론 G3900 (스카이레이크),0,0,0,0,0,0,0,0,0,0,0,0,0,0,0,0,0,0,0,0,0,0,0,0,0,0,0,0
3980286,인텔 셀러론 G3900 (스카이레이크),0,0,0,0,0,0,0,0,0,0,0,0,0,0,0,0,0,0,0,0,"41,640","41,540","41,500","41,460","41,350","41,320",0,0
4828993,인텔 셀러론 G3930 (카비레이크),"48,500","48,500","48,500","53,500","53,500","53,500","53,500","53,500","53,500","53,500","53,500","53,500","53,500","53,500","57,280","57,280","57,280","57,280","57,280","57,280","57,280","57,280","57,280","57,280","57,280","57,280","57,280","57,280"
6052852,인텔 셀러론 G4900 (커피레이크),"37,300","37,300","37,300","37,300","37,300","37,300","37,300","37,300","37,300","37,300","37,300","37,300","37,300","37,300","41,100","41,100","51,000","51,000","51,000","51,000","51,000","51,000","49,520","49,520","49,520","49,520","49,520","49,520"
6035740,인텔 셀러론 G4920 (커피레이크),"100,000","100,000","100,000","100,000","100,000","100,000","100,000","100,000","100,000","100,000","100,000","100,000","100,000","100,000","100,000","100,000","100,000","100,000","100,000","100,000","100,000","100,000","100,000","100,000","100,000","100,000","100,000","100,000"
9437157,인텔 셀러론 G4930 (커피레이크-R),"41,800","49,330","49,500","49,500","49,500","49,500","47,000","44,500","46,300","46,300","44,000","44,000","44,000","44,000","44,000","43,500","43,800","43,800","43,800","43,800","43,800","45,500","45,500","45,500","45,500","45,500","45,500","45,600"
10911789,인텔 셀러론 G4930 (커피레이크-R),"41,800","49,330","49,500","49,500","49,500","49,500","47,000","44,500","46,300","46,300","44,000","44,000","44,000","44,000","44,000","43,500","43,800","43,800","43,800","43,800","43,800","45,500","45,500","45,500","45,500","45,500","45,500","45,600"
12544268,인텔 셀러론 G4930 (커피레이크-R),0,0,0,0,0,0,0,0,0,0,0,0,0,0,0,0,0,0,0,0,0,0,0,0,0,0,0,0
1511281,인텔 셀러론 G530 (샌디브릿지),0,0,0,0,0,0,0,0,0,0,"1,790","1,800","1,800","1,780","1,800","1,800","1,800","1,800","1,800","1,800","1,800","1,770","1,790","1,800","1,800","1,790","1,780","1,800"
1704946,인텔 셀러론 G540 (샌디브릿지),0,0,0,0,0,0,0,0,0,0,0,"2,070","2,070","2,070","2,070","2,070","2,070","2,070","2,070","2,070","2,070","2,070","2,070","2,070","2,070","2,070","2,070","2,070"
1779781,인텔 셀러론 G550 (샌디브릿지),0,0,0,0,0,0,0,0,0,0,0,0,0,0,0,0,0,0,0,0,0,0,0,0,0,0,0,0
11405118,인텔 셀러론 G5900 (코멧레이크S),"39,900","39,900","39,900","39,900","39,900","39,900","39,900","39,900","39,900","39,900","39,900","39,900","39,900","40,500","40,500","40,500","40,500","40,500","40,500","40,500","40,500","40,500","40,500","40,500","40,500","40,500","40,500","40,500"
11480208,인텔 셀러론 G5900 (코멧레이크S),"39,900","39,900","39,900","39,900","39,900","39,900","39,900","39,900","39,900","39,900","39,900","39,900","39,900","40,500","40,500","40,500","40,500","40,500","40,500","40,500","40,500",0,0,0,0,0,0,0
12335777,인텔 셀러론 G5900 (코멧레이크S),0,0,0,0,0,0,0,0,0,0,0,0,0,0,0,0,0,0,0,0,0,"40,500","40,500","40,500","40,500","40,500","40,500","40,500"
12122969,인텔 셀러론 G5905 (코멧레이크S),"62,300","61,200","60,000","50,000","50,000","50,000","50,000","50,000","42,900","42,900","42,900","42,900","42,900","42,900","42,900","42,900","42,900","42,900","42,900","42,900","42,900","42,700","42,700","42,700","42,700","42,700","42,700","42,700"
12335876,인텔 셀러론 G5905 (코멧레이크S),0,0,0,0,0,0,0,0,0,0,0,0,0,0,0,0,0,0,0,0,0,"42,700","42,700","42,700","42,700","42,700","42,700","42,700"
11759027,인텔 셀러론 G5920 (코멧레이크S),"61,000","61,000","61,000","61,000","61,000","61,000","61,000","61,000","61,000","61,000","61,000","61,000","61,000","61,000","61,000","61,000","60,000","60,000","60,000","60,000","60,000",0,0,"60,000","60,000","60,000","60,000","60,000"
12335948,인텔 셀러론 G5920 (코멧레이크S),0,0,0,0,0,0,0,0,0,0,0,0,0,0,0,0,0,0,0,0,0,"60,000","60,000","60,000","60,000","60,000","60,000","60,000"
11758994,인텔 셀러론 G5920 (코멧레이크S),0,0,0,0,0,0,0,0,0,0,0,0,0,0,0,0,0,0,0,0,0,0,0,0,0,0,0,0
12387029,인텔 셀러론 G5925 (코멧레이크S),0,0,0,0,0,0,0,0,0,0,0,0,0,0,0,0,0,0,0,0,0,0,0,0,0,0,0,0
7271023,인텔 제온 E 2124 (커피레이크),0,0,0,0,0,0,0,0,0,0,0,0,0,0,0,0,0,0,0,0,0,0,0,0,0,0,0,0
7271425,인텔 제온 E 2124G (커피레이크),"297,440","297,440","297,440","297,440","297,440","297,440","297,440","295,430","295,430","295,430","295,430","295,430","295,430","313,660","313,560","313,940","313,940","313,940","313,940","313,940","313,920","313,910","313,840","313,760","313,740","313,640","313,620","313,940"
7271863,인텔 제온 E 2174G (커피레이크),0,0,0,0,0,0,0,0,0,0,0,0,0,0,0,0,0,0,0,0,0,0,0,0,0,0,0,0
7272001,인텔 제온 E 2176G (커피레이크),0,0,0,0,0,0,0,0,0,0,0,0,0,0,0,0,0,0,0,0,0,0,"524,700","524,700","524,700","524,700","524,700","524,700"
9652455,인텔 제온 E 2224 (커피레이크-R),0,0,0,0,0,0,0,0,0,0,0,0,0,0,0,0,0,0,0,0,0,0,0,0,0,0,0,0
12111233,인텔 제온 E 2224 (커피레이크-R),"282,700","282,700","282,700","282,700","282,700","282,700","282,700","282,700","282,700","282,700","282,700","282,700","282,700","282,700","282,700","282,700","282,700","282,700","282,700","282,700","282,700","282,700","282,700","282,700","282,700","282,700","282,700","282,700"
12111215,인텔 제온 E 2224 (커피레이크-R),0,0,0,0,0,0,0,0,0,0,0,0,0,0,0,0,0,0,0,0,0,0,0,0,0,0,0,0
9652536,인텔 제온 E 2224G (커피레이크-R),"310,200","310,200","310,200","310,200","310,200","310,200","310,200","310,200","310,200","310,200","310,200","310,200","310,200","310,200","310,200","310,200","310,200","310,200","310,200","310,200","310,200","310,200","310,200","310,200","310,200","310,200","310,200","310,200"
9652611,인텔 제온 E 2226G (커피레이크-R),"353,490","353,490","353,490","353,490","353,490","353,490","382,400","382,400","382,400","360,510","360,510","360,510","360,510","382,400","382,400","382,400","382,400","382,400","382,400","382,400","382,400","382,400","382,400","382,400","382,400","382,400","382,400","382,400"
9652695,인텔 제온 E 2234 (커피레이크-R),"354,540","354,540","354,540","354,540","354,540","354,540","354,540","354,540","354,540","354,540","354,540","354,540","354,540","354,540","354,540","354,540","354,540","354,540","354,540","354,540","354,540","354,540","354,540","354,540","354,540","354,540","354,540","354,540"
9652761,인텔 제온 E 2236 (커피레이크-R),"412,500","412,500","412,500","412,500","412,500","412,500","412,500","412,500","412,500","412,500","412,500","412,500","412,500","412,500","412,500","412,500","412,500","412,500","412,500","412,500","412,500","412,500","412,500","412,500","412,500","412,500","412,500","412,500"
9653271,인텔 제온 E 2274G (커피레이크-R),"487,960","488,240","488,210","488,200","488,150","488,070","487,980","488,250","488,230","488,220","488,210","488,200","488,190","488,090","488,000","488,240","488,240","488,240","488,240","488,240","488,200","488,200","488,240","488,200","488,190","488,090","488,080","488,250"
3588870,인텔 제온 E3-1220V5 (스카이레이크),"300,300","300,300","300,300","300,300","300,300","300,300","300,300","300,300","300,300","300,300","300,300","300,300","300,300","300,300","300,300","300,300","300,300","300,300","300,300","300,300","300,300","300,300","300,300","300,300","300,300","300,300","300,300","300,300"
5132365,인텔 제온 E3-1220V6 (카비레이크),0,"288,740","288,720","288,700","288,610","288,410","288,310","288,210","288,130","288,050",0,"287,880",0,0,"287,590",0,0,"288,740","288,740","288,740","288,690","288,590","288,550","288,470","288,410","288,300",0,0
3600585,인텔 제온 E3-1225V5 (스카이레이크),"353,700","353,700","353,700","353,700","353,700","353,700","353,700","353,700","353,700","353,700","353,700","353,700","353,700","353,700","353,700","353,700",0,0,0,0,0,0,0,0,0,0,"353,700","353,700"
3589079,인텔 제온 E3-1230V5 (스카이레이크),"372,900","372,900","372,900","372,900","372,900","372,900","372,900","372,900","372,900","372,900","372,900","372,900","372,900","372,900","372,900","372,900","372,900","372,900","372,900","372,900","372,900","372,900","372,900","372,900","372,900","372,900","372,900","372,900"
5132462,인텔 제온 E3-1230V6 (카비레이크),0,0,0,0,0,0,0,0,0,0,0,0,0,0,0,0,0,0,0,0,0,0,0,0,0,0,0,0
3589276,인텔 제온 E3-1240V5 (스카이레이크),"402,710","402,610","402,610","402,610","402,610","402,610","402,610","402,610","402,610","402,610","402,610","402,610","402,610","402,610","402,610","402,610","403,700","403,700","403,700","403,700","403,700","403,700","403,700","403,700","403,700","403,700","403,700","403,700"
3600623,인텔 제온 E3-1245V5 (스카이레이크),"438,270","438,270","440,000","440,000","440,000","440,000","440,000","440,000","440,000","440,000","438,270","438,270","438,270","438,270","438,270","438,270","438,270","438,270","438,270","438,270","438,270","438,270","438,270","438,270","438,270","438,270","438,270","438,270"
3589305,인텔 제온 E3-1270V5 (스카이레이크),"494,000","493,500","493,500","493,500","493,500","493,500","493,500","493,500","493,500","493,500","493,500","493,500","493,500","493,500","493,500","493,500","494,000","494,000","494,000","494,000","494,000","494,000","494,000","494,000","494,000","494,000","494,000","494,000"
5132499,인텔 제온 E3-1270V6 (카비레이크),"471,230","471,230","471,200","471,090","470,990","470,750","470,630","471,230","471,170","471,070","470,970","470,870","470,850","470,750",0,"471,230","471,230","471,230","471,230","471,230","471,180","471,080","471,000","470,970","470,850","470,750",0,0
3600643,인텔 제온 E3-1275V5 (스카이레이크),0,"552,000","552,000","552,000","552,000","552,000","552,000","552,000","552,000","552,000","552,000","552,000","552,000","552,000","552,000","552,000",0,0,0,0,0,0,0,0,0,0,0,0
4370024,인텔 제온 E5-2603 v4 (브로드웰-EP),"313,990","313,990","313,990","313,990","313,990","313,990","313,990","313,990","313,990","313,990","313,990","313,990","313,990","313,990","313,990","313,990","313,990","313,990","313,990","313,990","313,990","313,990","313,990","313,990","313,990","313,990","313,990","313,990"
4234437,인텔 제온 E5-2609 v4 (브로드웰-EP),"426,500","426,500","426,500","426,500","426,500","426,500","426,500","426,500","426,500","426,500","426,500","426,500","426,500","426,500","426,500","426,500","426,500","426,500","426,500","426,500","426,500","426,500","426,500","426,500","426,500","426,500","426,500","426,500"
4370066,인텔 제온 E5-2620 v4 (브로드웰-EP),"612,840","612,840","612,840","612,840","612,840","612,840","612,840","612,840","612,840","612,840","612,840","612,840","612,840","612,840","612,840","612,840","612,840","612,840","612,840","612,840","612,840","612,840","612,840","612,840","612,840","612,840","612,840","612,840"
4370096,인텔 제온 E5-2630 v4 (브로드웰-EP),"953,700","953,700","953,700","953,700","953,700","953,700","953,700","953,700","953,700","953,700","953,700","953,700","953,700","953,700","953,700","953,700","953,700","953,700","953,700","953,700","953,700","953,700","953,700","953,700","953,700","953,700","953,700","953,700"
4370104,인텔 제온 E5-2640 v4 (브로드웰-EP),"2,717,530","2,717,530","1,650,000","1,650,000","1,650,000","1,650,000","1,650,000","1,650,000","1,650,000","1,650,000","1,650,000","1,650,000","1,650,000","1,650,000","1,650,000","1,650,000","2,717,530","2,717,530","2,717,530","2,717,530","2,717,530","2,717,530","2,717,530","2,717,530","2,717,530","2,717,530","2,717,530","2,717,530"
4370139,인텔 제온 E5-2650 v4 (브로드웰-EP),"3,460,800","3,460,800","3,460,800","3,460,800","3,460,800","3,460,800","3,460,800","3,460,800","3,460,800","3,460,800","3,460,800","3,460,800","3,460,800","3,460,800","3,460,800","3,460,800","3,460,800","3,460,800","3,460,800","3,460,800","3,460,800","3,460,800","3,460,800","3,460,800","3,460,800","3,460,800","3,460,800","3,460,800"
4370165,인텔 제온 E5-2660 v4 (브로드웰-EP),"4,190,550","2,213,000","2,213,000","2,213,000","2,213,000","2,213,000","2,213,000","2,213,000","2,213,000","2,213,000","2,213,000","2,213,000","2,213,000","2,213,000","2,213,000","2,213,000","4,190,550","4,190,550","4,190,550","4,190,550","4,190,550","4,190,550","4,190,550","4,190,550","4,190,550","4,190,550","4,190,550","4,190,550"
4370176,인텔 제온 E5-2680 v4 (브로드웰-EP),"1,846,440","1,846,440","1,846,430","1,846,430","1,846,430","1,846,430","1,846,410","1,846,350","1,846,280","1,846,270","1,846,190","1,846,090","1,846,060","1,846,050","1,846,020","1,846,430","1,846,430","1,846,430","1,846,430","1,846,430","1,846,390","1,846,380","1,846,340","1,846,310","1,846,300","1,846,250","1,846,240","1,846,430"
4370208,인텔 제온 E5-2683 v4 (브로드웰-EP),"2,675,000","2,675,000","2,675,000","2,675,000","2,675,000","2,675,000","2,675,000","2,675,000","2,675,000","2,675,000","2,675,000","2,675,000","2,675,000","2,675,000","2,675,000","2,675,000","2,675,000","2,675,000","2,675,000","2,675,000","2,675,000","2,675,000","2,675,000","2,675,000","2,675,000","2,675,000","2,675,000","2,675,000"
4370305,인텔 제온 E5-2687W v4 (브로드웰-EP),"3,144,950","3,144,950","3,144,950","3,144,950","3,144,950","3,144,950","3,144,950","3,144,950","3,144,950","3,144,950","3,144,950","3,144,950","3,144,950","3,144,950","3,144,950","3,144,950","3,144,950","3,144,950","3,144,950","3,144,950","3,144,950","3,144,950","3,144,950","3,144,950","3,144,950","3,144,950","3,144,950","3,144,950"
4370330,인텔 제온 E5-2690 v4 (브로드웰-EP),0,"3,043,000","3,050,000","3,050,000","3,050,000","3,050,000","3,050,000","3,050,000","3,050,000","3,050,000","3,050,000","3,050,000","3,050,000","3,050,000","3,050,000","3,050,000",0,0,0,0,0,0,0,0,0,0,0,0
5449121,인텔 제온 스케일러블 골드 5120 (스카이레이크),0,0,0,0,0,0,0,0,0,0,0,0,0,0,0,0,0,0,0,0,0,0,0,0,0,0,0,0
5449112,인텔 제온 스케일러블 골드 5122 (스카이레이크),0,0,0,0,0,0,0,0,0,0,0,0,0,0,0,0,0,0,0,0,0,0,0,0,0,0,0,0
9308658,인텔 제온 스케일러블 골드 5218 (캐스케이드레이크),"2,023,200","2,023,200","2,020,000","2,020,000","2,020,000","2,020,000","2,020,000","2,020,000","2,020,000","2,020,000","2,020,000","2,020,000","2,020,000","2,020,000","2,020,000","2,020,000","2,028,060","2,028,060","2,028,060","2,028,060","2,028,060","2,028,060","2,028,060","2,028,060","2,028,060","2,028,060","3,774,850","3,774,850"
9308598,인텔 제온 스케일러블 골드 5220 (캐스케이드레이크),"2,296,400","2,296,400","2,296,400","2,296,400","2,296,400","2,296,400","2,296,400","2,296,400","2,296,400","2,296,400","2,296,400","2,296,400","2,296,400","2,296,400","2,296,400","2,296,400","2,309,990","2,309,990","2,309,990","2,309,990","2,309,960","2,309,890","2,309,840","2,309,830","2,309,820","2,309,710","2,309,700","2,309,990"
9308574,인텔 제온 스케일러블 골드 5222 (캐스케이드레이크),"1,939,370","1,939,370","1,939,370","1,939,370","1,939,370","1,944,020","1,944,020","1,944,020","1,944,020","1,944,020","1,944,020","1,944,020","1,944,020","3,601,920","3,601,920","1,944,020","1,944,020","1,944,020","1,944,020","1,944,020","1,944,020","1,944,020","1,944,020","1,944,020","1,944,020","1,944,020","3,601,920","3,601,920"
5449089,인텔 제온 스케일러블 골드 6128 (스카이레이크),0,"2,398,100",0,0,0,"2,397,690","2,397,670","2,397,580","2,397,500","2,397,430",0,0,0,0,0,0,0,0,0,0,0,0,0,0,0,0,0,0
5449029,인텔 제온 스케일러블 골드 6138 (스카이레이크),"3,618,350","3,618,350","3,618,320","3,618,310","3,618,240","3,618,040","3,618,020","3,617,940","3,617,930","3,617,910","3,617,820","3,617,780","3,617,760","3,617,680","3,617,610","3,618,350","3,618,350","3,618,350","3,618,350","3,618,350","3,618,310","3,618,240","3,618,200","3,618,120","3,618,030","3,618,010",0,0
5449025,인텔 제온 스케일러블 골드 6140 (스카이레이크),"3,380,990","3,380,990","3,380,960",0,0,0,"3,380,620","3,380,510","3,380,400","3,380,290",0,0,0,0,0,0,0,0,0,0,0,"3,380,880","3,380,780","3,380,690","3,380,630","3,380,610","3,380,520","3,380,990"
5449019,인텔 제온 스케일러블 골드 6142 (스카이레이크),"4,105,490","4,105,490","4,105,460","4,105,450","4,105,360","4,105,240","4,105,140","4,105,040","4,104,940","4,104,840","4,104,760","4,104,650","4,104,540",0,"4,104,380","4,105,490","4,105,490","4,105,490","4,105,490","4,105,490","4,105,440","4,105,360",0,"4,105,260","4,105,160","4,105,060",0,0
5449014,인텔 제온 스케일러블 골드 6148 (스카이레이크),0,"4,352,700","4,352,700","4,352,700","4,352,700","4,352,700","4,352,700","4,352,700","4,352,700",0,0,0,0,0,0,0,0,"4,352,700","4,352,700",0,0,0,0,0,0,"4,352,700",0,0
5448999,인텔 제온 스케일러블 골드 6152 (스카이레이크),0,0,0,0,0,0,0,0,0,0,0,0,0,0,0,0,0,0,0,0,0,0,0,0,0,0,0,0
9308469,인텔 제온 스케일러블 골드 6230 (캐스케이드레이크),"2,698,800","2,698,800","2,698,800","2,698,800","2,698,800","2,698,800","2,698,800","2,698,800","2,698,800","2,698,800","2,698,800","2,698,800","2,698,800","2,698,800","2,698,800","2,698,800","2,698,800","2,698,800","2,698,800","2,698,800","2,698,800","2,698,800","2,698,800","2,698,800","2,698,800","2,698,800","2,698,800","2,698,800"
9307737,인텔 제온 스케일러블 골드 6234 (캐스케이드레이크),"3,280,400","3,280,400","3,250,000","3,250,000","3,250,000","3,250,000","3,250,000","3,250,000","3,250,000","3,240,000","3,240,000","3,240,000","3,240,000","3,240,000","3,240,000","3,240,000","3,240,000","3,240,000","3,240,000","3,240,000","3,240,000","3,240,000","3,240,000","3,240,000","3,240,000","3,240,000","3,240,000","3,240,000"
9307710,인텔 제온 스케일러블 골드 6238 (캐스케이드레이크),"3,698,200","3,698,200","3,698,200","3,698,200","3,698,200","3,698,200","3,698,200","3,698,200","3,698,200","3,698,200","3,698,200","3,698,200","3,698,200","3,698,200","3,698,200","3,698,200","3,698,200","3,698,200","3,698,200","3,698,200","3,698,200","3,698,200","3,698,200","3,698,200","3,698,200","3,698,200","3,698,200","3,698,200"
9307653,인텔 제온 스케일러블 골드 6240 (캐스케이드레이크),"3,472,700","3,472,700","3,472,700","3,472,700","3,472,700","3,472,700","3,472,700","3,472,700","3,472,700","3,472,700","3,472,700","3,472,700","3,472,700","3,472,700","3,472,700","3,472,700","3,472,700","3,472,700","3,472,700","3,472,700","3,472,700","3,472,700","3,472,700","3,472,700","3,472,700","3,472,700","3,472,700","3,472,700"
9307587,인텔 제온 스케일러블 골드 6242 (캐스케이드레이크),"3,597,000","3,597,000","3,597,000","3,597,000","3,597,000","3,597,000","3,597,000","3,597,000","3,597,000","3,597,000","3,597,000","3,597,000","3,597,000","3,597,000","3,597,000","3,597,000","3,597,000","3,597,000","3,597,000","3,597,000","3,597,000","3,597,000","3,597,000","3,597,000","3,597,000","3,597,000","3,597,000","3,597,000"
9307443,인텔 제온 스케일러블 골드 6248 (캐스케이드레이크),"4,352,700","4,352,700","4,352,700","4,352,700","4,352,700","4,352,700","4,352,700","4,352,700","4,352,700","4,352,700","4,352,700","4,352,700","4,352,700","4,352,700","4,352,700","4,352,700","4,352,700","4,352,700","4,352,700","4,352,700","4,352,700","4,352,700","4,352,700","4,352,700","4,352,700","4,352,700","4,352,700","4,352,700"
9306747,인텔 제온 스케일러블 골드 6252 (캐스케이드레이크),0,0,0,0,0,0,0,0,0,0,0,0,0,0,0,0,0,0,0,0,0,0,0,0,0,0,0,0
9309411,인텔 제온 스케일러블 브론즈 3204 (캐스케이드레이크),"331,970","331,970","331,970","331,970","331,970","331,970","331,970","331,970","331,970","331,970","331,970","331,970","331,970","331,970","331,970","331,970","331,970","331,970","331,970","331,970","331,970","331,970","331,970","331,970","331,970","331,970","331,970","331,970"
5449287,인텔 제온 스케일러블 실버 4108 (스카이레이크),0,0,0,0,0,0,0,0,0,0,0,0,0,0,0,0,0,0,0,0,0,0,0,0,0,0,0,0
5449281,인텔 제온 스케일러블 실버 4110 (스카이레이크),"728,200","728,200","728,200","728,200","728,200","728,200","728,200","728,200","728,200","728,200","728,200",0,0,0,"728,200","728,200",0,"728,200","728,200","728,200","728,200","728,200",0,0,0,"728,200",0,0
5449270,인텔 제온 스케일러블 실버 4112 (스카이레이크),0,0,0,0,0,0,0,0,0,0,0,0,0,0,0,0,0,0,0,0,0,0,0,0,0,0,0,0
9309363,인텔 제온 스케일러블 실버 4208 (캐스케이드레이크),"627,690","627,690","627,690","627,690","627,690","627,690","627,690","627,690","627,690","627,690","627,690","627,690","627,690","627,690","627,690","627,690","627,690","627,690","627,690","627,690","627,690","627,690","627,690","627,690","627,690","627,690","627,690","627,690"
9309339,인텔 제온 스케일러블 실버 4210 (캐스케이드레이크),"755,990","755,990","755,960","755,860","755,780","755,750","755,670","755,990","755,980","755,000","755,000","755,000","755,000","755,000","755,000","755,000","755,000","755,000","755,000","755,000","755,000","755,000","755,000","755,000","755,000","755,000","755,000","755,000"
9309312,인텔 제온 스케일러블 실버 4214 (캐스케이드레이크),"1,004,300","1,004,300","1,004,300","1,004,300","1,004,300","1,004,300","1,004,300","1,004,300","1,004,300","960,000","960,000","960,000","960,000","960,000","960,000","960,000","960,000","960,000","960,000","960,000","960,000","960,000","960,000","960,000","960,000","960,000","960,000","960,000"
9308790,인텔 제온 스케일러블 실버 4216 (캐스케이드레이크),"1,417,050","1,417,050","1,417,050","1,417,050","1,417,050","1,417,050","1,417,050","1,417,050","1,417,050","1,417,050","1,417,050","1,417,050","1,417,050","1,417,050","1,417,050","1,417,050","1,417,050","1,417,050","1,417,050","1,417,050","1,417,050","1,417,050","1,417,050","1,417,050","1,417,050","1,417,050","1,417,050","1,417,050"
4146417,인텔 코어2듀오 E4300 (콘로),0,0,0,0,0,0,0,0,"5,310","5,250","5,130","5,050","5,030","5,310",0,0,0,0,0,0,0,0,0,0,0,0,0,0
4147168,인텔 코어2듀오 E7500 (울프데일),0,0,0,0,0,0,0,0,0,0,0,0,0,0,0,0,0,0,0,"2,390","2,360","2,270","2,240",0,0,0,0,0
4144290,인텔 코어2듀오 E8400 (울프데일),"2,830","2,990","2,940","2,840","2,980","2,760","2,900","2,970","2,890","2,790","2,950","2,830","2,970","2,870","3,000","2,990","2,990","2,990","2,990","2,990","2,940","2,870","2,870","2,820","2,760","2,960","2,870","2,990"
4143989,인텔 코어2듀오 E8500 (울프데일),"3,700","3,700","3,700","3,700","3,700","3,700","3,700","3,700","3,700","3,700","3,700","3,700","3,700","3,700","3,700","3,700","3,700","3,700","3,700","3,700","3,700","3,700","3,700","3,700","3,700","3,700","3,700","3,700"
4144594,인텔 코어2쿼드 Q6600 (켄츠필드),"4,920",0,0,0,0,0,0,0,0,0,0,0,0,0,0,0,0,0,0,0,0,0,0,0,0,0,0,0
4148340,인텔 코어2쿼드 Q8200 (요크필드),0,"4,930","5,290","5,280","5,210","5,110",0,0,0,0,0,0,0,0,0,0,0,0,0,0,0,"5,010","4,990","4,980","4,970","4,960","4,940",0
4145919,인텔 코어2쿼드 Q8300 (요크필드),0,0,0,0,0,0,0,0,0,0,0,0,0,0,0,0,0,0,0,0,0,0,0,0,0,0,0,0
913727,인텔 코어2쿼드 Q8300 (요크필드),0,0,0,0,0,0,0,0,0,0,0,0,0,"40,770","40,770",0,"40,770","40,770","40,770","40,770","40,770",0,0,0,0,0,"40,770","40,770"
4144483,인텔 코어2쿼드 Q8400 (요크필드),0,0,0,0,0,0,0,0,"6,790","6,790","6,790","6,790","6,790","6,790",0,0,0,0,0,0,0,0,0,0,0,0,0,0
4148284,인텔 코어2쿼드 Q9300 (요크필드),0,0,0,0,0,0,0,0,0,0,0,0,0,0,0,0,0,0,0,0,0,0,0,0,0,0,0,0
4144038,인텔 코어2쿼드 Q9400 (요크필드),0,0,0,0,0,0,0,0,0,0,0,0,0,0,0,0,0,0,0,0,0,0,0,0,0,0,0,0
4485420,인텔 코어2쿼드 Q9500 (요크필드),0,0,0,0,0,0,0,0,0,"12,520","12,410","12,290","12,180","12,090","12,090","12,950","12,950",0,0,"12,950","12,910","12,900","12,800","12,700","12,590",0,"12,380",0
909478,인텔 코어2쿼드 Q9550 (요크필드),"30,630","30,550","29,270","29,180","29,090","29,060","27,290","28,640","28,530",0,0,0,0,0,0,0,0,0,0,0,0,0,0,"28,850","28,790","28,730","28,690","29,100"
5330329,인텔 코어X-시리즈 i7-7800X (스카이레이크),"577,360","577,360","577,360","577,360","577,360","577,360","577,360","577,360","577,360","577,360","577,360","577,360","577,360","577,360","577,360",0,0,0,0,0,0,0,0,0,0,0,0,0
6746998,인텔 코어X-시리즈 i7-9800X (스카이레이크),"701,810","701,810","701,810","701,810","701,810","701,810","701,810","701,810","701,810","701,810","701,810","701,810","701,810","701,810","701,810","701,810","701,810","701,810","701,810","701,810","701,810","701,810","701,810","701,810","701,810","701,810","701,810","701,810"
10072065,인텔 코어X-시리즈 i9-10900X (캐스케이드레이크),"807,900","807,000","804,800","799,700","799,700","799,500","799,400","799,100","799,100","794,900","794,900","794,900","794,900","794,000","780,000","775,700","764,900","764,900","764,900","764,000","764,000","764,000","762,900","762,900","762,900","762,900","762,900","762,900"
11409450,인텔 코어X-시리즈 i9-10900X (캐스케이드레이크),"807,900","807,000","804,800","799,700","799,700","799,500","799,400","799,100","799,100","794,900","794,900","794,900","794,900","794,000","780,000","775,700","764,900","764,900","764,900","764,000","764,000","764,000","762,900","762,900","762,900","762,900","762,900","762,900"
10032045,인텔 코어X-시리즈 i9-10920X (캐스케이드레이크),"919,900","914,900","914,900","914,900","914,900","914,900","914,900","914,900","914,900","909,900","909,900","909,900","909,900","909,900","895,000","894,900","894,900","894,900","894,900","894,900","889,900","889,900","889,700","889,700","889,700","889,700","889,700","889,700"
11350773,인텔 코어X-시리즈 i9-10920X (캐스케이드레이크),"919,900","914,900","914,900","914,900","914,900","914,900","914,900","914,900","914,900","909,900","909,900","909,900","909,900","909,900","895,000","894,900","894,900","894,900","894,900","894,900","889,900","889,900","889,700","889,700","889,700","889,700","889,700","889,700"
10187988,인텔 코어X-시리즈 i9-10940X (캐스케이드레이크),"1,034,800","1,020,000","1,019,900","1,019,900","1,019,900","1,019,900","1,019,900","1,019,900","1,019,900","1,009,900","1,009,900","1,009,900","1,009,900","1,009,900","990,000","990,000","990,000","990,000","990,000","990,000","985,000","985,000","984,800","984,800","984,800","984,800","984,800","984,800"
11021130,인텔 코어X-시리즈 i9-10940X (캐스케이드레이크),"1,034,800","1,020,000","1,019,900","1,019,900","1,019,900","1,019,900","1,019,900","1,019,900","1,019,900","1,009,900","1,009,900","1,009,900","1,009,900","1,009,900","990,000","990,000","990,000","990,000","990,000","990,000","985,000","985,000","984,800","984,800","984,800","984,800","984,800","984,800"
10142334,인텔 코어X-시리즈 i9-10980XE Extreme Edition (캐스케이드레이크),"1,469,000","1,450,000","1,449,900","1,449,900","1,449,900","1,449,900","1,449,900","1,449,800","1,449,700","1,429,900","1,429,900","1,429,900","1,429,900","1,429,000","1,390,000","1,390,000","1,390,000","1,390,000","1,390,000","1,390,000","1,350,000","1,350,000","1,349,800","1,349,800","1,349,800","1,349,800","1,349,800","1,349,800"
5557225,인텔 코어X-시리즈 i9-7920X (스카이레이크),"1,257,400","1,257,400","1,257,400","1,257,400","1,257,400","1,257,400","1,257,400","1,257,400","1,257,400","1,257,400","1,257,400","1,257,400","1,257,400","1,257,400","1,257,400","1,257,400","1,257,400","1,257,400","1,257,400","1,257,400","1,257,400","1,257,400","1,257,400","1,257,400","1,257,400","1,257,400","1,257,400","1,257,400"
5623642,인텔 코어X-시리즈 i9-7940X (스카이레이크),"1,634,390","1,634,390","1,634,390","1,634,390","1,634,390","1,634,390","1,634,390","1,634,390","1,634,390","1,634,390","1,634,390","1,634,390","1,634,390","1,634,390","1,634,390","1,634,390","1,634,390","1,634,390","1,634,390","1,634,390","1,634,390","1,634,390","1,634,390","1,634,390","1,634,390","1,634,390","1,634,390","1,634,390"
5623660,인텔 코어X-시리즈 i9-7960X (스카이레이크),"1,792,550","1,792,530","1,792,530","1,825,830","1,825,830","1,825,830","1,825,830","1,825,830","1,825,830","1,825,830","1,825,830","1,825,830","1,825,830","1,825,830","1,825,830","1,825,830","1,825,830","1,825,830","1,825,830","1,825,830","1,825,830","1,825,830","1,825,830","1,825,830","1,825,830","1,825,830","1,825,830","1,825,830"
5681639,인텔 코어X-시리즈 i9-7980XE Extreme Edition (스카이레이크),"2,273,700","2,273,700","2,273,700","2,273,700","2,273,700","2,273,700","2,273,700","2,273,700","2,273,700","2,273,700","2,273,700","2,273,700","2,273,700","2,273,700","2,273,700","2,273,700","2,273,700","2,273,700","2,273,700","2,273,700","2,273,690","2,276,190","2,452,980","2,457,960","2,462,940","2,467,920","2,470,410","2,531,840"
6782926,인텔 코어X-시리즈 i9-9820X (스카이레이크),"2,486,220","2,486,220","2,486,220","2,486,220","2,486,220","2,486,220","2,486,220","2,486,220","2,486,220","2,486,220","2,486,220","2,486,220","2,486,220","2,486,220","2,486,220","2,486,220","2,486,220","2,486,220","2,486,220","2,486,220","2,486,220","2,486,220","2,486,220","2,486,220","2,486,220","2,486,220","2,486,220","2,486,220"
6746932,인텔 코어X-시리즈 i9-9900X (스카이레이크),"790,000","750,000","750,000","749,500","749,500","749,500","749,500","739,400","739,400","709,900","709,900","709,900","709,900","705,000","695,000","695,000","695,000","695,000","695,000","695,000","695,000","695,000","695,000","695,000","695,000","695,000","695,000","695,000"
6746872,인텔 코어X-시리즈 i9-9920X (스카이레이크),"883,500","883,500","880,000","880,000","880,000","880,000","880,000","880,000","879,500","874,900","874,900","874,900","874,900","870,000","850,000","850,000","850,000","850,000","850,000","850,000","850,000","850,000","850,000","850,000","850,000","850,000","850,000","850,000"
6929425,인텔 코어X-시리즈 i9-9940X (스카이레이크),"1,077,860","1,077,870","1,077,870","1,049,500","1,049,500","1,049,500","1,049,500","1,049,500","1,049,500","1,029,900","1,029,900","1,029,900","1,029,900","1,029,900","990,000","990,000","990,000","990,000","990,000","990,000","990,000","990,000","990,000","990,000","990,000","990,000","990,000","990,000"
6929497,인텔 코어X-시리즈 i9-9960X (스카이레이크),"1,300,000","1,300,000","1,300,000","1,300,000","1,300,000","1,300,000","1,300,000","1,300,000","1,300,000","1,300,000","1,300,000","1,300,000","1,300,000","1,300,000","1,300,000","1,300,000","1,300,000","1,300,000","1,300,000","1,300,000","1,300,000","1,300,000","1,300,000","1,300,000","1,300,000","1,300,000","1,300,000","1,300,000"
6929551,인텔 코어X-시리즈 i9-9980XE (스카이레이크),"1,200,000","1,190,000","1,190,000","1,189,500","1,189,500","1,189,500","1,189,500","1,189,500","1,189,500","1,179,900","1,179,900","1,179,900","1,179,900","1,179,900","1,150,000","1,150,000","1,150,000","1,150,000","1,150,000","1,150,000","1,150,000","1,150,000","1,150,000","1,150,000","1,150,000","1,150,000","1,150,000","1,150,000"
11405337,인텔 코어i3-10세대 10100 (코멧레이크S),"141,300","141,200","140,900","140,200","139,700","139,700","139,700","139,700","139,600","139,600","139,000","138,900","138,800","137,800","136,200","135,700","133,300","133,300","133,300","132,200","131,800","131,100","129,800","129,300","129,300","129,300","128,800","128,800"
11480511,인텔 코어i3-10세대 10100 (코멧레이크S),"141,300","141,200","140,900","140,200","139,700","139,700","139,700","139,700","139,600","139,600","139,000","138,900","138,800","137,800","136,200","135,700","133,300","133,300","133,300","132,200","131,800",0,0,0,0,0,0,0
12336056,인텔 코어i3-10세대 10100 (코멧레이크S),0,0,0,0,0,0,0,0,0,0,0,0,0,0,0,0,0,0,0,0,0,"131,100","129,800","129,300","129,300","129,300","128,800","128,800"
12487424,인텔 코어i3-10세대 10100F (코멧레이크S),0,0,0,0,0,0,0,0,0,0,0,0,0,0,0,0,0,0,0,0,0,0,0,0,0,0,0,0
12544742,인텔 코어i3-10세대 10100F (코멧레이크S),0,0,0,0,0,0,0,0,0,0,0,0,0,0,0,0,0,0,0,0,0,0,0,0,0,0,0,0
11772994,인텔 코어i3-10세대 10300 (코멧레이크S),"180,700","180,700","180,700","180,700","180,700","180,700","180,700","180,700","180,700","180,700","180,700","180,700","180,700","180,700","180,700","180,700","180,700","180,700","180,700","180,700","180,700","180,700","180,700","180,700","180,700","180,700","180,700","180,700"
11772943,인텔 코어i3-10세대 10300 (코멧레이크S),"180,700","180,700","180,700","180,700","180,700","180,700","180,700","180,700","180,700","180,700","180,700","180,700","180,700","180,700","180,700","180,700","180,700","180,700","180,700","180,700","180,700","180,700","180,700","180,700","180,700","180,700","180,700","180,700"
11773189,인텔 코어i3-10세대 10320 (코멧레이크S),"210,000","210,000","210,000","210,000","210,000","210,000","210,000","210,000","210,000","210,000","210,000","210,000","210,000","210,000","210,000","210,000","210,000","210,000","210,000","210,000","210,000","210,000","210,000","210,000","210,000","210,000","210,000","210,000"
11773117,인텔 코어i3-10세대 10320 (코멧레이크S),0,0,0,0,0,0,0,0,0,0,0,0,0,0,0,0,"210,000","210,000","210,000","210,000","210,000","210,000","210,000","210,000","210,000","210,000","210,000","210,000"
11773126,인텔 코어i3-10세대 10320 (코멧레이크S),"210,000","210,000","210,000",0,0,"210,000","210,000","210,000","210,000","210,000","210,000","210,000","210,000","210,000","210,000","210,000",0,0,0,0,0,0,0,0,0,0,0,0
4148188,인텔 코어i3-1세대 540 (클락데일),"3,100",0,0,0,0,0,0,0,0,0,0,0,0,0,0,0,0,0,0,0,0,0,0,0,0,0,0,0
4146391,인텔 코어i3-1세대 550 (클락데일),0,0,0,0,0,0,0,0,0,0,0,0,0,0,0,0,0,0,0,0,0,0,0,0,0,0,0,0
4147647,인텔 코어i3-2세대 2100 (샌디브릿지),0,"7,640",0,0,0,0,0,0,0,0,0,0,0,0,0,0,0,0,0,0,0,0,0,0,0,0,0,0
4144570,인텔 코어i3-2세대 2120 (샌디브릿지),"8,920",0,0,0,0,0,0,0,"9,000","9,000","9,000","9,000","9,000","8,930",0,0,"9,000","9,000","9,000","9,000","9,000",0,0,0,0,0,0,0
4145605,인텔 코어i3-3세대 3220 (아이비브릿지),"56,900","56,900","56,900","56,900","56,900","56,900","56,900","56,900","56,900","56,900","56,900","56,900","56,900",0,0,0,0,"56,900","56,900","56,900","56,900","56,900","56,900","56,900","56,900","56,900","56,900","56,900"
1783681,인텔 코어i3-3세대 3240 (아이비브릿지),"11,900","11,900","11,900",0,0,0,0,0,0,0,0,0,0,0,0,"10,690","11,900","11,900","11,900","11,900","11,900","13,000","14,000","14,000","13,930","13,910","13,820","14,000"
4197698,인텔 코어i3-4세대 4130 (하스웰),"28,600","28,600","28,600","28,600","28,600","28,600","28,600","28,600",0,0,0,0,0,0,0,0,0,0,0,0,0,"34,500","34,500","34,500","34,500","34,500","34,500","34,500"
4954420,인텔 코어i3-4세대 4150 (하스웰 리프레시),"29,990","29,990","29,990","29,990","29,990",0,"29,670",0,"29,590","29,990","29,990","29,990","29,990","29,990","29,990","29,990","30,850","30,730","30,650","30,710","30,670","32,900","32,900","32,900","32,900","32,900","32,900","32,900"
5678315,인텔 코어i3-4세대 4160 (하스웰 리프레시),0,0,0,0,0,0,0,0,0,0,0,0,0,0,0,0,0,0,0,0,0,0,0,0,0,0,0,0
6112498,인텔 코어i3-4세대 4170 (하스웰 리프레시),0,0,0,0,0,0,"38,900","38,900","38,900","38,900","38,900","38,900","38,900","38,900",0,0,0,0,0,0,0,0,0,"38,900","38,900","38,900","38,900","38,900"
4197696,인텔 코어i3-6세대 6100 (스카이레이크),"76,250","76,250","76,250","76,250","76,250","76,250","76,250","76,250","76,250","76,250","76,250","76,250","76,250","76,250","76,250","76,250","76,250","76,250","76,250","76,250","76,250","76,250","76,250","76,250","76,250","76,250","76,250","76,250"
3493032,인텔 코어i3-6세대 6300 (스카이레이크),0,0,0,0,0,0,0,0,0,0,0,0,0,0,0,0,0,0,0,0,0,0,0,0,0,0,0,0
4820023,인텔 코어i3-7세대 7100 (카비레이크),"173,000","173,000","173,000","173,000","173,000","173,000","173,000","173,000","173,000","173,000","173,000","173,000","173,000","173,000","173,000","173,000","173,000","173,000","173,000","173,000","173,000","173,000","173,000","173,000","173,000","173,000","173,000","173,000"
5530456,인텔 코어i3-8세대 8100 (커피레이크),"140,000","140,000","140,000","140,000","140,000","140,000","140,000","140,000","140,000","140,000","140,000","140,000","140,000","140,000","140,000","140,000","140,000","140,000","140,000","140,000","140,000","140,000","140,000","140,000","140,000","140,000","140,000","140,000"
5530687,인텔 코어i3-8세대 8350K (커피레이크),"193,800","193,800","193,800","193,800","193,800","193,800","193,800","193,800","193,800","193,800","193,800","193,800","193,800","193,800","193,800","193,800","193,800","193,800","193,800","193,800","193,800","193,800","193,800","193,800","193,800","193,800","193,800","193,800"
9790773,인텔 코어i3-9세대 9100 (커피레이크-R),"133,600","133,600","138,200","140,000","133,600","133,600","135,000","135,000","133,800","133,800","133,800","133,800","133,800","133,800","133,800","133,800","133,400","133,400","133,400","133,400","133,400","133,100","132,900","132,900","132,900","132,900","132,900","132,900"
11084403,인텔 코어i3-9세대 9100 (커피레이크-R),"133,600","133,600","138,200","140,000","133,600","133,600","135,000","135,000","133,800","133,800","133,800","133,800","133,800","133,800","133,800","133,800","133,400","133,400","133,400","133,400","133,400","133,100","132,900","132,900","132,900","132,900","132,900","132,900"
7914736,인텔 코어i3-9세대 9100F (커피레이크-R),"86,000","88,000","88,000","88,000","88,000","88,000","88,000","90,000","90,000","90,000","90,000","90,000","90,000","90,000","90,000","90,000","90,000","90,000","90,000","90,000","89,400","89,000","88,600","88,500","88,500","88,500","87,500","87,500"
11308551,인텔 코어i5-10세대 10400 (코멧레이크S),"198,000","198,000","201,000","203,000","203,000","203,000","205,000","209,000","215,000","217,000","216,000","216,000","216,000","216,000","215,400","214,300","213,700","213,700","213,300","212,900","212,500","212,200","211,000","210,200","210,000","209,500","209,200","209,100"
11480010,인텔 코어i5-10세대 10400 (코멧레이크S),0,0,0,0,0,0,0,0,0,0,0,0,0,0,0,0,0,0,0,0,0,0,0,0,0,0,0,0
11866507,인텔 코어i5-10세대 10400 (코멧레이크S),"198,000","198,000","201,000","203,000","203,000","203,000","205,000","209,000","215,000","217,000","216,000","216,000","216,000","216,000","215,400","214,300","213,700","213,700","213,300","212,900","212,500",0,0,0,0,0,0,0
12336347,인텔 코어i5-10세대 10400 (코멧레이크S),0,0,0,0,0,0,0,0,0,0,0,0,0,0,0,0,0,0,0,0,0,"212,200","211,000","210,200","210,000","209,500","209,200","209,100"
11489973,인텔 코어i5-10세대 10400F (코멧레이크S),0,0,0,0,0,0,0,0,0,0,0,0,0,0,0,0,0,0,0,0,0,0,0,0,0,0,0,0
11490309,인텔 코어i5-10세대 10400F (코멧레이크S),"208,000","208,000","208,000","208,000","208,000","208,000","208,000","208,000","208,000","208,000","208,000","208,000","208,000","208,000","208,000","208,000","208,000","208,000","208,000","208,000","208,000",0,0,0,0,0,0,0
11490279,인텔 코어i5-10세대 10400F (코멧레이크S),"208,000","208,000","208,000","208,000","208,000","208,000","208,000","208,000","208,000","208,000","208,000","208,000","208,000","208,000","208,000","208,000","208,000","208,000","208,000","208,000","208,000","208,000","208,000","208,000","208,000","208,000","208,000","208,000"
12336623,인텔 코어i5-10세대 10400F (코멧레이크S),0,0,0,0,0,0,0,0,0,0,0,0,0,0,0,0,0,0,0,0,0,"208,000","208,000","208,000","208,000","208,000","208,000","208,000"
11405430,인텔 코어i5-10세대 10500 (코멧레이크S),"233,000","233,000","233,000","233,000","233,000","233,000","233,000","233,000","232,900","232,900","232,900","232,700","232,700","232,700","232,700","232,700","232,700","232,700","232,700","232,700","232,700","232,700","232,000","232,000","232,000","232,000","232,000","231,900"
11480766,인텔 코어i5-10세대 10500 (코멧레이크S),"233,000","233,000","233,000","233,000","233,000","233,000","233,000","233,000","232,900","232,900","232,900","232,700","232,700","232,700","232,700","232,700","232,700","232,700","232,700","232,700","232,700",0,0,0,0,0,0,0
12336701,인텔 코어i5-10세대 10500 (코멧레이크S),0,0,0,0,0,0,0,0,0,0,0,0,0,0,0,0,0,0,0,0,0,"232,700","232,000","232,000","232,000","232,000","232,000","231,900"
11405469,인텔 코어i5-10세대 10600 (코멧레이크S),"256,700","256,700","256,700","256,700","256,700","256,700","256,700","256,700","256,700","256,700","256,700","256,700","256,700","256,700","256,700","256,700","256,700","256,700","256,700","256,700","256,700","256,600","256,500","256,500","256,500","256,500","256,500","256,500"
11481471,인텔 코어i5-10세대 10600 (코멧레이크S),"256,700","256,700","256,700","256,700","256,700","256,700","256,700","256,700","256,700","256,700","256,700","256,700","256,700","256,700","256,700","256,700","256,700","256,700","256,700","256,700","256,700",0,0,0,0,0,0,0
12336782,인텔 코어i5-10세대 10600 (코멧레이크S),0,0,0,0,0,0,0,0,0,0,0,0,0,0,0,0,0,0,0,0,0,"256,600","256,500","256,500","256,500","256,500","256,500","256,500"
11430906,인텔 코어i5-10세대 10600K (코멧레이크S),"293,500","293,400","292,900","292,530","292,500","292,500","292,500","292,500","292,500","292,400","292,400","292,400","292,400","292,400","292,400","292,400","292,400","292,400","292,400","292,400","292,400","292,000","292,000","291,600","291,600","291,500","291,500","291,400"
11481858,인텔 코어i5-10세대 10600K (코멧레이크S),"293,500","293,400","292,900","292,530","292,500","292,500","292,500","292,500","292,500","292,400","292,400","292,400","292,400","292,400","292,400","292,400","292,400","292,400","292,400","292,400","292,400",0,0,0,0,0,0,0
12336977,인텔 코어i5-10세대 10600K (코멧레이크S),0,0,0,0,0,0,0,0,0,0,0,0,0,0,0,0,0,0,0,0,0,"292,000","292,000","291,600","291,600","291,500","291,500","291,400"
12545093,인텔 코어i5-10세대 10600K (코멧레이크S),0,0,0,0,0,0,0,0,0,0,0,0,0,0,0,0,0,0,0,0,0,0,0,0,0,0,0,0
12151715,인텔 코어i5-10세대 10600K 어벤져스 에디션 (코멧레이크S),"339,160","327,000","325,000","324,500","319,900","319,900","317,700","316,700","316,600","314,700","314,300","314,300","314,300","314,300","313,900","313,900","312,900","312,900","312,900","311,900","310,900","310,900","309,900","309,900","309,900","309,900","309,900","309,500"
11991320,인텔 코어i5-10세대 10600KF (코멧레이크S),"292,600","292,600","292,310","291,800","291,700","291,700","291,700","290,800","290,400","289,900","289,600","289,600","289,600","289,600","289,600","289,600","289,100","289,100","289,100","287,600","287,100","285,600","285,100","285,100","285,100","285,100","285,100","285,100"
12110750,인텔 코어i5-10세대 10600KF (코멧레이크S),"292,600","292,600","292,310","291,800","291,700","291,700","291,700","290,800","290,400","289,900","289,600","289,600","289,600","289,600","289,600","289,600","289,100","289,100","289,100","287,600","287,100","285,600","285,100","285,100","285,100","285,100","285,100","285,100"
12110735,인텔 코어i5-10세대 10600KF (코멧레이크S),0,0,0,0,0,0,0,0,0,0,0,0,0,0,0,0,0,0,0,0,0,0,0,0,0,0,0,0
4147079,인텔 코어i5-1세대 650 (클락데일),0,0,0,0,0,0,0,0,0,0,0,0,0,0,0,0,0,0,0,0,0,0,0,0,0,0,0,0
4144546,인텔 코어i5-1세대 750 (린필드),"8,590",0,0,0,"8,590",0,0,0,0,0,0,0,0,0,0,0,0,0,0,0,0,0,0,0,0,0,0,0
4144131,인텔 코어i5-1세대 760 (린필드),0,0,0,"10,000",0,0,0,0,0,0,0,0,0,0,0,0,"10,000","10,000","10,000","10,000","10,000","10,000","10,000","10,000","10,000",0,0,0
4504388,인텔 코어i5-2세대 2400 (샌디브릿지),0,0,0,"29,500","29,500","29,500","29,500","29,500",0,0,0,0,0,0,"29,500","29,500","29,500","29,500","29,500",0,0,0,0,0,0,0,"29,500","29,500"
4144198,인텔 코어i5-2세대 2500 (샌디브릿지),0,0,"35,000","35,000","35,000","35,000","35,000","35,000","35,000","35,000",0,0,0,"36,000","36,000","36,000","36,000","36,000","36,000","36,000","36,000","36,000","36,000","36,000","36,000","36,000","36,000","36,000"
4144246,인텔 코어i5-2세대 2500K (샌디브릿지),"39,990",0,0,0,0,0,0,0,0,0,0,0,0,0,0,0,0,0,0,0,0,0,0,0,0,0,0,0
1783749,인텔 코어i5-3세대 3330 (아이비브릿지),0,0,0,0,0,0,0,0,0,0,0,0,0,0,0,0,0,0,0,0,0,0,0,0,0,0,0,0
1725177,인텔 코어i5-3세대 3470 (아이비브릿지),0,"34,800","42,000","42,000","42,000","42,000","42,000","42,000",0,0,0,0,0,0,"42,000","42,000","42,000","42,000","42,000","42,000","42,000","42,000","42,000",0,0,0,"42,000","42,000"
4274836,인텔 코어i5-3세대 3550 (아이비브릿지),"36,650","39,900","39,900","39,900","39,900","39,900","42,460",0,0,0,0,0,0,0,0,0,0,0,0,0,0,0,0,0,0,0,0,0
4143852,인텔 코어i5-3세대 3570 (아이비브릿지),"56,000","56,000","56,900","56,900","56,900","56,900","56,900","56,900","56,900","56,900","56,900","56,900","56,900","56,900","56,900","56,900","56,900","56,900","56,900","56,900","56,900","56,900","56,900","56,900","56,900","56,900","56,900","56,900"
1678805,인텔 코어i5-3세대 3570K (아이비브릿지),0,0,0,"56,250","56,250","56,250","60,180","60,070",0,0,0,0,0,0,0,0,0,0,0,0,0,0,0,0,0,0,0,0
6112513,인텔 코어i5-4세대 4430 (하스웰),0,0,0,0,0,0,0,0,0,0,0,0,0,0,0,0,0,0,0,0,0,0,"62,490","62,490","62,490","62,490","62,490","62,490"
6112514,인텔 코어i5-4세대 4440 (하스웰),0,0,0,0,0,0,0,"58,090","58,090","58,090","58,090",0,0,0,0,0,0,0,0,0,0,0,0,0,0,0,0,0
5724026,인텔 코어i5-4세대 4460 (하스웰 리프레시),0,"58,820","58,820","58,820","58,820","58,820","58,820","58,820","58,820",0,0,0,0,0,0,0,0,0,0,0,0,0,0,0,0,0,"58,820","58,820"
4905563,인텔 코어i5-4세대 4570 (하스웰),0,0,0,0,0,0,"61,010","61,010","61,010","61,010","61,010","61,010","61,010",0,0,0,0,0,0,0,0,0,0,0,0,0,0,0
4766793,인텔 코어i5-4세대 4590 (하스웰 리프레시),"64,600","64,890","64,890","64,890","64,890","64,890","64,890","64,890","70,000","70,000","70,000","70,000","70,000","70,000","70,000","70,000","70,000","70,000","70,000","70,000","70,000","70,000","70,000","70,000","70,000","70,000","70,000","70,000"
4766867,인텔 코어i5-4세대 4670 (하스웰),"62,500","67,980","67,870","67,770","67,650","67,420","67,310","67,200","68,230","73,930","73,840","69,990","71,190","74,980","74,890","74,990","74,990","74,990","74,990","74,990","74,970","74,900","74,880","74,790","74,770","74,670","74,600","74,990"
7914022,인텔 코어i5-4세대 4670 + H81 패키지,0,0,0,0,0,0,0,0,0,0,0,0,0,0,0,0,"92,910","92,910","92,910","103,500","103,500","103,500","103,500","103,500",0,0,0,0
4143949,인텔 코어i5-4세대 4690 (하스웰 리프레시),"72,700","72,700","72,700","72,700","72,700","72,700","72,700","72,700","76,000","76,000","76,000","76,000","76,000","75,960","76,000","76,000","77,500","77,500","77,500","77,500","77,500","77,500","77,500","77,500","77,500","77,500","77,500","77,500"
7914157,인텔 코어i5-4세대 4690 + H81 패키지,0,0,0,0,0,0,0,0,0,0,0,0,0,0,0,0,0,0,0,0,0,0,0,0,0,0,0,0
4143967,인텔 코어i5-4세대 4690K (데빌스캐년),0,0,0,0,0,0,0,0,0,0,0,0,0,0,0,"91,890","91,890","91,890","91,890","91,890",0,0,0,0,0,0,0,0
5683916,인텔 코어i5-6세대 6400 (스카이레이크),"107,800","107,800","107,800","107,800","107,800","107,800","107,800","107,800","107,800","107,800","107,800","107,800","107,800","121,000","121,000","121,000","121,000","121,000","121,000","121,000","121,000","121,000","121,000","121,000","121,000","121,000","121,000","121,000"
5684847,인텔 코어i5-6세대 6500 (스카이레이크),"126,000","126,000","126,000","126,000","126,000","126,000","126,000","126,000","126,000","126,000","129,000","129,000","129,000","129,000","129,000","129,000","129,000","129,000","129,000","129,000","129,000","129,000","129,000","129,000","129,000","129,000","129,000","129,000"
7914325,인텔 코어i5-6세대 6500 + H110 패키지,0,0,0,0,0,0,0,0,0,0,0,0,0,0,0,0,0,0,0,0,0,0,0,0,0,0,0,0
7468294,인텔 코어i5-6세대 6600 (스카이레이크),"114,600","114,600","114,600","114,600","120,000","120,000","120,000","120,000","120,000","120,000","120,000","120,000","120,000","129,410","129,300","129,590","129,590","129,590","129,590","129,590","129,530","129,480","129,440","129,340","129,220","129,110","129,000","129,530"
7914409,인텔 코어i5-6세대 6600 + H110 패키지,0,0,0,0,0,0,0,0,0,0,0,0,0,0,0,0,0,0,0,0,0,0,0,0,0,0,"157,500","157,500"
4814728,인텔 코어i5-7세대 7400 (카비레이크),"290,000","290,000","290,000","290,000","290,000","290,000","290,000","290,000","290,000","290,000","290,000","290,000","290,000","290,000","290,000","290,000","290,000","290,000","290,000","290,000","290,000","290,000","290,000","290,000","290,000","290,000","290,000","290,000"
4814705,인텔 코어i5-7세대 7500 (카비레이크),"270,000","270,000","270,000","270,000","270,000","270,000","270,000","270,000","270,000","270,000","270,000","270,000","270,000","270,000","270,000","270,000","270,000","270,000","270,000","270,000","270,000","270,000","270,000","270,000","270,000","270,000","270,000","270,000"
4814683,인텔 코어i5-7세대 7600 (카비레이크),"350,000","350,000","350,000","350,000","350,000","350,000","350,000","350,000","350,000","350,000","350,000","350,000","350,000","350,000","350,000","350,000","350,000","350,000","350,000","350,000","350,000","350,000","350,000","350,000","350,000","350,000","350,000","350,000"
5530356,인텔 코어i5-8세대 8400 (커피레이크),"270,000","270,000","270,000","270,000","270,000","270,000","270,000","270,000","270,000","270,000","270,000","270,000","270,000","270,000","270,000","270,000","270,000","270,000","270,000","270,000","270,000","270,000","270,000","270,000","270,000","270,000","270,000","270,000"
6020667,인텔 코어i5-8세대 8500 (커피레이크),"280,000","280,000","280,000","280,000","280,000","280,000","280,000","280,000","280,000","280,000","280,000","280,000","280,000","280,000","280,000","280,000","280,000","280,000","280,000","280,000","280,000","280,000","280,000","280,000","280,000","280,000","280,000","280,000"
6020678,인텔 코어i5-8세대 8600 (커피레이크),"298,000","298,000","298,000","298,000","298,000","298,000","298,000","298,000","298,000","298,000","298,000","298,000","298,000","298,000","298,000","298,000","298,000","298,000","298,000","298,000","298,000","298,000","298,000","298,000","298,000","298,000","298,000","298,000"
5530421,인텔 코어i5-8세대 8600K (커피레이크),"430,000","430,000","430,000","430,000","430,000","430,000","430,000","430,000","430,000","430,000","430,000","430,000","430,000","430,000","430,000","430,000","430,000","430,000","430,000","430,000","430,000","430,000","430,000","430,000","430,000","430,000","430,000","430,000"
11134854,인텔 코어i5-9세대 9400 (커피레이크-R),"180,400","180,400","180,400","180,400","185,800","185,800","185,800","185,800","185,800","185,800","185,800","185,800","185,800","185,800","187,000","187,000","188,900","188,900","188,900","188,900","188,900","188,900","191,000","191,000","191,000","191,000","191,000","191,000"
11016699,인텔 코어i5-9세대 9400 (커피레이크-R),0,0,0,0,0,0,0,0,0,0,0,0,0,0,0,0,0,0,0,0,0,0,0,0,0,0,0,0
11016708,인텔 코어i5-9세대 9400 (커피레이크-R),0,"180,400","180,400","180,400","185,800","185,800",0,0,0,0,0,0,0,0,0,0,0,0,0,0,0,0,0,0,0,0,0,0
7059166,인텔 코어i5-9세대 9400F (커피레이크-R),"158,400","161,000","167,000","169,000","169,000","169,000","169,000","169,000","169,000","169,000","169,000","168,900","168,900","168,900","168,900","168,900","168,600","168,600","168,400","168,000","167,700","167,300","166,500","166,000","166,000","165,200","165,000","164,830"
8857244,인텔 코어i5-9세대 9500 (커피레이크-R),"234,000","234,000","234,000","234,000","234,000","234,000","234,000","234,000","234,000","234,000","234,000","234,000","234,000","234,000","234,000","234,000","234,000","234,000","234,000","234,000","234,000","234,000","234,000","234,000","234,000","234,000","234,000","234,000"
11086308,인텔 코어i5-9세대 9500 (커피레이크-R),0,0,0,0,0,0,0,0,0,0,0,0,0,0,0,0,0,0,0,0,0,0,0,0,0,0,0,0
8170126,인텔 코어i5-9세대 9500F (커피레이크-R),"207,600","207,600","207,600","207,600","207,500","207,500","207,500","207,500","207,500","207,500","207,500","207,500","207,500","207,500","207,500","207,500","207,500","207,500","207,500","207,500","207,500","207,500","207,500","207,500","207,500","207,500","207,500","207,500"
8857298,인텔 코어i5-9세대 9600 (커피레이크-R),"275,000","275,000","273,200","273,200","273,100","273,100","273,100","273,100","273,100","273,100","273,100","273,100","273,100","273,100","273,100","273,100","273,100","273,100","273,100","273,100","273,100","273,100","273,100","273,100","273,100","273,100","273,100","273,100"
11171952,인텔 코어i5-9세대 9600 (커피레이크-R),0,0,0,0,0,0,0,0,0,0,0,0,0,0,0,0,0,0,0,0,0,0,0,0,0,0,0,0
6515620,인텔 코어i5-9세대 9600K (커피레이크-R),"225,000","225,000","225,000","225,000","225,000","225,000","225,000","225,000","225,000","225,000","225,000","225,000","225,000","230,000","230,000","230,000","230,000","230,000","230,000","230,000","230,000","230,000","230,000","230,000","230,000","230,000","230,000","230,000"
7565248,인텔 코어i5-9세대 9600KF (커피레이크-R),"207,300","207,300","207,200","207,200","207,200","207,200","207,200","207,200","207,200","207,200","207,200","207,200","207,200","207,200","207,200","207,200","207,200","207,200","207,200","207,200","207,200","207,200","207,200","207,200","207,200","207,200","207,200","207,200"
11405586,인텔 코어i7-10세대 10700 (코멧레이크S),"367,800","367,700","367,700","367,700","367,700","367,700","367,700","367,700","369,000","369,000","371,000","371,000","371,000","371,000","371,000","375,000","375,000","375,000","375,000","375,000","374,600","374,500","374,500","374,000","374,000","374,000","374,000","373,900"
11481624,인텔 코어i7-10세대 10700 (코멧레이크S),0,0,0,0,0,0,0,0,0,0,0,0,0,0,0,0,0,0,0,0,0,0,0,0,0,0,0,0
12110081,인텔 코어i7-10세대 10700 (코멧레이크S),"367,800","367,700","367,700","367,700","367,700","367,700","367,700","367,700","369,000","369,000","371,000","371,000","371,000","371,000","371,000","375,000","375,000","375,000","375,000","375,000","374,600",0,0,0,0,0,0,0
12337217,인텔 코어i7-10세대 10700 (코멧레이크S),0,0,0,0,0,0,0,0,0,0,0,0,0,0,0,0,0,0,0,0,0,"374,500","374,500","374,000","374,000","374,000","374,000","373,900"
11646593,인텔 코어i7-10세대 10700F (코멧레이크S),"356,400","356,400","355,100","355,100","355,100","355,100","355,100","355,100","355,000","355,000","355,000","355,000","355,000","355,000","355,000","355,000","355,000","355,000","355,000","355,000","355,000","355,000","355,000","355,000","355,000","355,000","355,000","355,000"
11824861,인텔 코어i7-10세대 10700F (코멧레이크S),"356,400","356,400","355,100","355,100","355,100","355,100","355,100","355,100","355,000","355,000","355,000","355,000","355,000","355,000","355,000","355,000","355,000","355,000","355,000","355,000","355,000",0,0,0,0,0,0,0
12337430,인텔 코어i7-10세대 10700F (코멧레이크S),0,0,0,0,0,0,0,0,0,0,0,0,0,0,0,0,0,0,0,0,0,"355,000","355,000","355,000","355,000","355,000","355,000","355,000"
11308485,인텔 코어i7-10세대 10700K (코멧레이크S),"431,000","431,000","430,800","430,800","430,800","430,800","431,000","432,000","435,000","435,000","435,000","435,000","435,000","435,000","435,000","435,000","435,000","435,000","435,000","435,000","435,000","434,800","434,500","434,000","434,000","433,900","433,900","433,900"
11479833,인텔 코어i7-10세대 10700K (코멧레이크S),"431,000","431,000","430,800","430,800","430,800","430,800","431,000","432,000","435,000","435,000","435,000","435,000","435,000","435,000","435,000","435,000","435,000","435,000","435,000","435,000","435,000",0,0,0,0,0,0,0
12337529,인텔 코어i7-10세대 10700K (코멧레이크S),0,0,0,0,0,0,0,0,0,0,0,0,0,0,0,0,0,0,0,0,0,"434,800","434,500","434,000","434,000","433,900","433,900","433,900"
12151730,인텔 코어i7-10세대 10700K 어벤져스 에디션 (코멧레이크S),"490,000","475,000","474,000","470,900","469,000","466,800","466,700","465,600","465,600","464,500","462,400","462,400","461,690","459,400","459,100","458,400","454,700","454,700","454,600","453,400","451,600","449,200","448,500","447,100","447,000","446,700","446,600","446,500"
11593217,인텔 코어i7-10세대 10700KF (코멧레이크S),"418,700","418,600","418,400","418,300","414,900","414,800","414,800","414,800","414,600","414,500","414,300","414,300","414,200","413,700","413,200","412,800","411,400","411,400","411,300","411,000","410,900","410,200","408,900","408,400","408,400","408,200","408,200","408,000"
12110078,인텔 코어i7-10세대 10700KF (코멧레이크S),"418,700","418,600","418,400","418,300","414,900","414,800","414,800","414,800","414,600","414,500","414,300","414,300","414,200","413,700","413,200","412,800","411,400","411,400","411,300","411,000","410,900","410,200","408,900","408,400","408,400","408,200","408,200","408,000"
1013075,인텔 코어i7-1세대 860 (린필드),0,0,0,0,0,0,0,0,0,0,0,0,0,0,0,0,0,0,0,0,0,0,0,0,0,0,0,0
4144446,인텔 코어i7-1세대 870 (린필드),0,0,0,"32,390","32,680","36,340",0,"38,390","40,500","40,500","40,500","40,500","40,500","40,500",0,0,0,0,0,0,0,0,0,0,0,0,0,0
4147680,인텔 코어i7-2세대 2600 (샌디브릿지),0,0,0,0,0,0,0,0,0,"89,030","88,950","88,820","88,710","88,620","88,620","89,280","89,280",0,0,0,"89,280","89,280","89,280","89,280","89,280","89,280","89,280","89,280"
1477490,인텔 코어i7-2세대 2600K (샌디브릿지),0,0,0,0,0,0,0,0,0,0,0,0,0,0,0,0,0,0,0,0,0,0,0,0,0,0,0,0
1678801,인텔 코어i7-3세대 3770 (아이비브릿지),"100,280","100,280","100,280","100,280","100,280","100,280","113,000","113,000","113,000","113,000","113,000","119,000","119,000","119,000","119,000","119,000","119,000","119,000","119,000","119,000","119,000","119,000","119,000","119,000","119,000","119,000","119,000","119,000"
4146048,인텔 코어i7-3세대 3770K (아이비브릿지),0,0,0,"127,340","127,340","127,340",0,"140,000",0,"140,000","140,000","160,000","160,000","160,000","160,000","160,000","160,000",0,0,0,0,0,"146,250","160,000","160,000","160,000","160,000",0
6112690,인텔 코어i7-4세대 4770 (하스웰),0,0,0,0,0,0,0,0,0,0,0,0,0,0,0,0,0,0,0,0,0,0,0,0,0,0,0,0
6112678,인텔 코어i7-4세대 4770K (하스웰),"158,820","158,820","158,820","158,820","158,820",0,0,0,0,0,0,0,0,0,0,0,0,0,0,0,0,0,0,0,0,0,0,0
6112722,인텔 코어i7-4세대 4790 (하스웰 리프레시),"153,000","153,000","153,000","153,000","153,000","153,000","153,000","153,000","153,000","153,000","153,000","153,000","153,000","153,000","153,000","153,000","162,990","162,990","162,990","168,950","168,930","168,860","168,820","168,760","168,680","168,670","168,600","168,570"
6112865,인텔 코어i7-4세대 4790K (데빌스캐년),0,0,0,0,0,0,0,0,0,0,"197,000","197,000","197,000","197,000","197,000","197,000","197,000","197,000","197,000","197,000","197,000","196,000","196,000",0,0,0,0,"196,000"
3403648,인텔 코어i7-6세대 6700 (스카이레이크),"310,000","310,000","310,000","310,000","310,000","310,000","328,900","328,900","328,900","328,900","328,900","328,900","328,900","330,000","328,900","328,900","328,900","328,900","330,000","330,000","330,000","330,000","330,000","330,000","330,000","330,000","330,000","330,000"
4143775,인텔 코어i7-6세대 6700K (스카이레이크),"358,460","358,460","358,460",0,0,0,0,0,0,0,0,0,0,0,0,0,0,0,0,0,0,0,0,0,0,0,0,0
4814592,인텔 코어i7-7세대 7700 (카비레이크),"422,900","422,900","422,900","422,900","422,900","422,900","422,900","422,900","422,900","422,900","422,900","422,900","422,900","422,900","422,900","422,900","422,900","422,900","422,900","422,900","422,900","422,900","422,900","422,900","422,900","422,900","422,900","422,900"
4815493,인텔 코어i7-7세대 7700K (카비레이크),"438,900","438,900","438,900","438,900","438,900","438,900","438,900","438,900","438,900","438,900","438,900","438,900","438,900","438,900","438,900","438,900","438,900","438,900","438,900","438,900","438,900","438,900","438,900","438,900","438,900","438,900","438,900","438,900"
6204487,인텔 코어i7-8세대 8086K (커피레이크),"1,344,920","1,344,920","1,344,920","1,344,920","1,344,920",0,0,0,0,0,0,0,0,0,0,0,0,0,0,0,0,0,0,0,0,0,0,0
5530013,인텔 코어i7-8세대 8700 (커피레이크),"470,000","470,000","470,000","470,000","470,000","470,000","470,000","470,000","470,000","470,000","470,000","470,000","470,000","470,000","470,000","470,000","470,000","470,000","470,000","470,000","470,000","470,000","470,000","470,000","470,000","470,000","470,000","470,000"
5529981,인텔 코어i7-8세대 8700K (커피레이크),"590,000","590,000","590,000","590,000","590,000","590,000","590,000","590,000","590,000","590,000","590,000","590,000","590,000","590,000","590,000","590,000","590,000","590,000","590,000","590,000","590,000","590,000","590,000","590,000","590,000","590,000","590,000","590,000"
8428929,인텔 코어i7-9세대 9700 (커피레이크-R),"372,600","369,900","369,400","364,700","362,700","362,600","359,600","354,800","352,700","349,800","348,900","348,900","348,800","348,200","347,200","346,300","342,200","342,200","342,100","341,300","340,100","339,100","338,600","338,600","338,600","338,400","337,200","337,200"
11083932,인텔 코어i7-9세대 9700 (커피레이크-R),0,0,0,0,0,0,0,0,0,0,0,0,0,0,0,0,0,0,0,0,0,0,0,0,0,0,0,0
8062711,인텔 코어i7-9세대 9700F (커피레이크-R),"337,400","336,100","332,400","327,000","325,200","325,100","322,000","319,100","317,500","317,000","317,000","317,000","317,000","317,000","316,900","314,900","314,800","314,800","314,800","314,800","314,800","314,800","314,800","314,800","314,800","314,800","314,800","314,800"
6515603,인텔 코어i7-9세대 9700K (커피레이크-R),"380,500","379,500","378,700","376,800","376,800","376,800","376,600","376,600","376,600","376,600","376,600","376,600","376,600","376,500","376,400","376,300","376,100","376,100","376,000","376,000","376,000","376,000","376,000","376,000","376,000","376,000","376,000","376,000"
7517686,인텔 코어i7-9세대 9700KF (커피레이크-R),"380,200","380,000","379,890","379,400","378,500","378,200","378,100","377,200","377,000","375,800","374,700","374,700","371,500","371,400","371,300","310,500","369,100","369,100","369,000","367,000","367,000","366,900","366,700","366,500","366,500","366,200","365,100","365,100"
12337637,인텔 코어i9-10세대 10850K (코멧레이크S),0,0,0,0,0,0,0,0,0,0,0,0,0,0,0,0,0,0,0,0,0,"561,900","561,400","560,900","538,280","538,280","537,290","537,290"
12337610,인텔 코어i9-10세대 10850K (코멧레이크S),0,0,0,0,0,0,0,0,0,0,0,0,0,0,0,0,0,0,0,0,0,0,0,0,0,0,"537,290","537,290"
12151829,인텔 코어i9-10세대 10850K 어벤져스 에디션 (코멧레이크S),"575,000","564,900","563,900","559,700","558,300","558,200","555,400","552,400","552,300","550,900","548,900","548,900","548,800","547,200","546,800","545,900","543,300","543,300","543,200","542,000","540,500","538,800","538,000","536,800","536,700","536,200","534,800","534,600"
11405664,인텔 코어i9-10세대 10900 (코멧레이크S),"507,000","506,800","506,300","504,860","504,700","504,700","504,700","504,700","504,600","504,500","504,500","504,400","504,200","504,100","503,800","503,600","503,200","503,200","503,000","502,700","502,500","502,400","502,000","501,700","501,700","501,400","501,200","501,000"
11870941,인텔 코어i9-10세대 10900 (코멧레이크S),"507,000","506,800","506,300","504,860","504,700","504,700","504,700","504,700","504,600","504,500","504,500","504,400","504,200","504,100","503,800","503,600","503,200","503,200","503,000","502,700","502,500",0,0,0,0,0,0,0
12338411,인텔 코어i9-10세대 10900 (코멧레이크S),0,0,0,0,0,0,0,0,0,0,0,0,0,0,0,0,0,0,0,0,0,"502,400","502,000","501,700","501,700","501,400","501,200","501,000"
11593289,인텔 코어i9-10세대 10900F (코멧레이크S),"506,400","506,000","506,000","505,900","505,900","505,800","505,700","505,700","505,600","505,500","505,500","505,500","505,400","505,300","505,200","505,200","505,100","505,100","505,000","505,000","505,000","504,900","504,900","504,800","504,800","504,700","504,700","504,600"
11824939,인텔 코어i9-10세대 10900F (코멧레이크S),"506,400","506,000","506,000","505,900","505,900","505,800","505,700","505,700","505,600","505,500","505,500","505,500","505,400","505,300","505,200","505,200","505,100","505,100","505,000","505,000","505,000","504,900","504,900","504,800","504,800","504,700","504,700","504,600"
11305233,인텔 코어i9-10세대 10900K (코멧레이크S),"690,000","690,000","690,000","695,000","695,000","694,900","694,800","694,800","710,000","710,000","700,000","700,000","700,000","700,000","700,000","688,800","680,000","680,000","679,900","679,900","669,500","669,300","669,200","669,000","669,000","668,900","661,750","654,270"
12309869,인텔 코어i9-10세대 10900K (코멧레이크S),0,0,0,0,0,0,0,0,0,0,0,0,0,0,0,0,"680,000","680,000","679,900","679,900","669,500","669,300","669,200","669,000","669,000","668,900","661,750","654,270"
12151862,인텔 코어i9-10세대 10900K 어벤져스 에디션 (코멧레이크S),"719,000","690,000","690,000","690,000","681,000","680,900","659,500","656,600","655,600","654,500","653,000","653,000","652,900","650,400","649,670","647,600","644,900","644,900","644,400","642,200","639,700","638,500","627,000","621,400","621,300","620,800","610,220","610,200"
11593361,인텔 코어i9-10세대 10900KF (코멧레이크S),"616,200","615,500","615,400","613,900","613,500","613,400","613,300","613,200","613,100","613,000","612,900","612,900","612,800","612,700","598,500","598,400","598,200","598,200","598,100","598,100","598,000","598,000","597,900","597,500","597,500","597,400","597,200","597,100"
12110069,인텔 코어i9-10세대 10900KF (코멧레이크S),"616,200","615,500","615,400","613,900","613,500","613,400","613,300","613,200","613,100","613,000","612,900","612,900","612,800","612,700","598,500","598,400","598,200","598,200","598,100","598,100","598,000",0,0,0,0,0,0,0
12338717,인텔 코어i9-10세대 10900KF (코멧레이크S),0,0,0,0,0,0,0,0,0,0,0,0,0,0,0,0,0,0,0,0,0,"598,000","597,900","597,500","597,500","597,400","597,200","597,100"
9321711,인텔 코어i9-9세대 9900 (커피레이크-R),"445,800","445,000","443,500","442,600","441,000","439,900","439,500","437,600","437,000","434,200","434,200","434,200","432,700","431,900","431,000","429,000","424,100","424,100","424,000","421,000","419,100","417,800","417,800","417,700","417,700","417,600","416,300","416,300"
11086104,인텔 코어i9-9세대 9900 (커피레이크-R),"445,800","445,000","443,500","442,600","441,000","439,900","439,500","437,600","437,000","434,200","434,200","434,200","432,700","431,900","431,000","429,000","424,100","424,100","424,000","421,000","419,100","417,800","417,800","417,700","417,700","417,600","416,300","416,300"
6515580,인텔 코어i9-9세대 9900K (커피레이크-R),"488,900","487,000","486,000","485,800","482,900","481,900","481,700","480,900","478,000","476,900","476,000","475,900","475,700","474,900","474,800","473,900","473,000","473,000","472,900","472,700","472,500","472,400","472,100","471,800","471,800","471,300","471,200","471,000"
7559767,인텔 코어i9-9세대 9900KF (커피레이크-R),"472,100","470,300","468,900","468,000","467,000","466,700","465,500","463,100","462,500","460,100","458,000","458,000","457,700","455,800","453,800","452,900","450,000","450,000","449,900","448,400","447,000","445,900","444,600","444,400","444,400","444,200","444,200","444,200"
9794256,인텔 코어i9-9세대 9900KS (커피레이크-R),"1,553,620","1,553,620","1,553,620","1,553,620","1,553,620","1,553,620","1,553,620","1,553,630","1,553,620","1,553,620","1,553,620","1,553,620","1,553,620","1,553,620","1,553,620","1,553,620","1,553,620","1,553,620","1,553,620","1,553,620","1,553,620","1,553,620","1,553,620","1,553,620","1,553,620","1,553,620","1,553,620","1,553,620"
4148314,인텔 펜티엄 E5200 (울프데일),0,0,0,0,0,0,0,0,0,0,0,0,0,0,0,0,0,0,0,0,0,0,0,0,0,0,0,0
4148123,인텔 펜티엄 E6500 (울프데일),0,0,0,0,0,0,0,0,0,0,0,0,0,0,0,0,0,0,0,0,0,0,0,0,0,0,0,0
4144083,인텔 펜티엄 E6700 (울프데일),"2,900","2,900","2,900","2,900","2,900","2,900","2,900","2,900","2,900","2,900","2,900","2,900","2,900","2,900","2,900","2,900","2,900","2,900","2,900","2,900","2,900","2,900","2,900","2,900","2,900","2,900","2,900","2,900"
2099732,인텔 펜티엄 G2030 (아이비브릿지),0,0,0,0,0,0,0,0,0,0,0,0,0,0,0,0,0,0,0,0,0,0,0,0,0,0,0,0
6112933,인텔 펜티엄 G3220 (하스웰),0,0,0,0,0,0,0,0,0,0,0,0,0,0,0,0,0,0,0,0,0,0,0,0,0,0,0,0
6112992,인텔 펜티엄 G3240 (하스웰 리프레시),0,0,0,0,0,0,0,0,0,0,0,0,0,0,0,0,"11,900","11,900","11,900","11,900","11,900",0,0,0,0,0,0,0
6113009,인텔 펜티엄 G3258 (하스웰),0,0,0,0,0,0,0,0,0,0,0,0,0,0,0,0,0,0,0,0,0,0,0,0,0,0,0,0
2783226,인텔 펜티엄 G3258 (하스웰),0,0,0,0,0,0,0,0,0,0,0,0,0,0,0,0,0,0,0,0,0,0,0,0,0,0,0,0
4625861,인텔 펜티엄 G3260 (하스웰 리프레시),0,0,0,0,0,0,0,0,0,0,0,0,0,0,0,0,0,0,0,0,0,0,0,0,0,0,0,0
6113054,인텔 펜티엄 G3420 (하스웰),0,0,0,0,0,0,0,0,0,0,0,0,0,0,0,0,0,0,0,0,0,0,0,0,0,0,0,0
3493024,인텔 펜티엄 G4400 (스카이레이크),"69,800","69,800","69,800","69,800","69,800","69,800","69,800","69,800","69,800","69,800","69,800","69,800","69,800","69,800","69,800","69,800",0,0,0,"69,200","69,200","69,200","69,200","69,200","69,200","69,200","69,200","69,200"
7466113,인텔 펜티엄 G4400 (스카이레이크),0,0,0,0,0,0,0,0,0,0,0,0,0,0,0,0,0,0,0,0,0,0,0,0,0,0,0,0
7467193,인텔 펜티엄 G4500 (스카이레이크),"95,000","95,000","95,000","95,000","95,000","95,000","95,000","95,000","95,000","95,000","95,000","95,000","95,000","95,000","95,000","95,000","95,000","95,000","95,000","95,000","95,000","95,000","95,000","95,000","95,000","95,000","95,000","95,000"
4827935,인텔 펜티엄 G4560 (카비레이크),"120,000","120,000","120,000","120,000","120,000","120,000","120,000","120,000","120,000","120,000","120,000","120,000","120,000","120,000","120,000","120,000","120,000","120,000","120,000","120,000","120,000","120,000","120,000","120,000","120,000","120,000","120,000","120,000"
4827968,인텔 펜티엄 G4600 (카비레이크),"280,000","280,000","280,000","280,000","280,000","280,000","280,000","280,000","280,000","280,000","280,000","280,000","280,000","280,000","280,000","280,000","280,000","280,000","280,000","280,000","280,000","280,000","280,000","280,000","280,000","280,000","280,000","280,000"
4504341,인텔 펜티엄 G620 (샌디브릿지),0,0,0,0,0,0,0,0,0,0,"1,630","1,630","1,630","1,630","1,630","1,630","1,630","1,630","1,640","1,630","1,630","1,630","1,630","1,630","1,630","1,640",0,"1,630"
6057483,인텔 펜티엄 골드 G5400 (커피레이크),"63,700","63,700","63,700","63,700","63,700","63,700","63,700","63,700","63,700","63,700","63,700","63,700","63,700","63,700","63,700","63,700","63,700","63,700","63,700","66,000","66,000","67,000","67,000","67,000","66,000","66,000","66,000","66,000"
6060229,인텔 펜티엄 골드 G5400 (커피레이크),0,0,0,0,0,0,0,0,0,0,0,0,0,0,0,0,0,0,0,0,0,0,0,0,0,0,0,0
8799590,인텔 펜티엄 골드 G5420 (커피레이크-R),"65,000","65,000","65,000","65,000","65,000","65,000","67,000","67,000","67,000","67,200","66,710","66,600","66,480","67,200","67,200","67,200","68,000","68,000","68,000","67,200",0,"67,200","67,200","67,200","67,200","67,200","67,200","67,200"
10535205,인텔 펜티엄 골드 G5420 (커피레이크-R),0,0,0,0,0,0,0,0,0,0,0,0,0,0,0,0,0,0,0,0,"67,200",0,0,0,0,0,0,0
6035711,인텔 펜티엄 골드 G5500 (커피레이크),"178,890","178,890","178,890","178,890","178,890","178,890","178,890","178,890","178,890","178,890","178,890","178,890","178,890","178,890","178,890","178,890","178,890","178,890","178,890","178,890","178,890","178,890","178,890","178,890","178,890","178,890","178,890","178,890"
6035613,인텔 펜티엄 골드 G5600 (커피레이크),"159,000","158,500","158,500","158,500","158,500","158,500","158,500","158,500","158,500","158,500","158,500","158,500","158,500","158,500","158,500","158,500","159,000","159,000","159,000","159,000","159,000","159,000","159,000","159,000","159,000","159,000","159,000","159,000"
9709818,인텔 펜티엄 골드 G5620 (커피레이크-R),"115,000","115,000","115,000","115,000","115,000","115,000","115,000","115,000","115,000","115,000","115,000","115,000","115,000","115,000","115,000","115,000","115,000","115,000","115,000","115,000","115,000","115,000","115,000","115,000","115,000","115,000","115,000","115,000"
11405214,인텔 펜티엄 골드 G6400 (코멧레이크S),"70,500","70,500","70,500","70,500","70,500","70,500","70,500","70,500","70,500","70,500","70,500","70,500","70,500","70,500","70,500","70,500","70,500","70,500","70,500","72,000","70,500","70,500","70,500","70,500","70,500","70,500","70,500","70,500"
11480307,인텔 펜티엄 골드 G6400 (코멧레이크S),"70,500","70,500","70,500","70,500","70,500","70,500","70,500","70,500","70,500","70,500","70,500","70,500","70,500","70,500","70,500","70,500","70,500","70,500","70,500","72,000","70,500",0,0,0,0,0,0,0
12335654,인텔 펜티엄 골드 G6400 (코멧레이크S),0,0,0,0,0,0,0,0,0,0,0,0,0,0,0,0,0,0,0,0,0,"70,500","70,500","70,500","70,500","70,500","70,500","70,500"
12387173,인텔 펜티엄 골드 G6500 (코멧레이크S),0,0,0,0,0,0,0,0,0,0,0,0,0,0,0,0,0,0,0,0,0,0,0,0,0,0,0,0
