Id,Name,2026-10-01 14:09:25,2026-10-02 13:59:23,2026-10-03 13:41:58,2026-10-04 14:13:22,2026-10-05 13:57:51
89607479,AMD EPYC 4584PX (라파엘),"멀티팩 정품_814,480","멀티팩 정품_814,480","멀티팩 정품_814,480","멀티팩 정품_814,480","멀티팩 정품_814,480"
92678627,AMD EPYC 4585PX (그라도),"멀티팩 정품_882,100","멀티팩 정품_882,100","멀티팩 정품_882,100","멀티팩 정품_882,100","멀티팩 정품_882,100"
9736752,AMD EPYC 7302 (롬),"정품_2,046,790","정품_2,046,790","정품_2,046,790","정품_2,046,790","정품_2,046,790"
9736764,AMD EPYC 7302P (롬),0,0,0,"정품_1,095,320","정품_1,095,320"
99126977,AMD EPYC 7313 (밀라노),0,0,"벌크 병행_1,250,000","벌크 병행_1,250,000","벌크 병행_1,250,000"
99127040,AMD EPYC 7313P (밀라노),"벌크 병행_1,350,000","벌크 병행_1,350,000","벌크 병행_1,350,000","벌크 병행_1,350,000","벌크 병행_1,350,000"
11035590,AMD 라이젠 스레드리퍼 1900X (화이트헤븐),"해외구매_1,779,000","해외구매_1,779,000","해외구매_1,779,000","해외구매_1,779,000","해외구매_1,779,000"
5565155,AMD 라이젠 스레드리퍼 1920X (화이트헤븐),"해외구매_201,020","해외구매_201,020","해외구매_201,020","해외구매_201,020","해외구매_201,020"
5565728,AMD 라이젠 스레드리퍼 1950X (화이트헤븐),"해외구매_729,180",0,0,0,0
11038053,AMD 라이젠 스레드리퍼 2970WX (콜팩스),"해외구매_2,350,000","해외구매_2,350,000","해외구매_2,350,000","해외구매_2,350,000","해외구매_2,350,000"
11035740,AMD 라이젠 스레드리퍼 2990WX (콜팩스),"해외구매_1,563,030","해외구매_1,563,030","해외구매_1,563,030","해외구매_1,563,030","해외구매_1,563,030"
11035356,AMD 라이젠 스레드리퍼 3960X (캐슬 픽),"해외구매_1,465,780","해외구매_1,465,780","해외구매_1,465,780","해외구매_1,465,780","해외구매_1,465,780"
14079716,AMD 라이젠 스레드리퍼 3970X (캐슬 픽),"해외구매_2,655,050","해외구매_2,655,050","해외구매_2,655,050","해외구매_2,655,050","해외구매_2,655,050"
30131825,AMD 라이젠 스레드리퍼 7960X (스톰 픽),"_정품_1,933,590|_멀티팩 정품_1,899,000","_정품_1,933,500|_멀티팩 정품_1,899,000","_정품_1,933,430|_멀티팩 정품_1,900,000","_정품_1,933,370|_멀티팩 정품_1,900,000","_정품_1,933,310|_멀티팩 정품_1,900,000"
30131816,AMD 라이젠 스레드리퍼 7970X (스톰 픽),"_정품_3,790,000|_멀티팩 정품_3,411,830","_정품_3,790,000|_멀티팩 정품_3,411,770","_정품_3,790,000|_멀티팩 정품_3,411,750","_정품_3,790,000|_멀티팩 정품_3,411,690","_정품_3,790,000|_멀티팩 정품_3,411,580"
30131798,AMD 라이젠 스레드리퍼 7980X (스톰 픽),"_정품_6,919,990|_멀티팩 정품_6,841,790","_정품_6,919,990|_멀티팩 정품_6,841,790","_정품_6,919,990|_멀티팩 정품_6,841,790","_정품_6,919,990|_멀티팩 정품_6,841,790","_정품_6,919,990|_멀티팩 정품_6,841,790"
94932623,AMD 라이젠 스레드리퍼 9960X (시마다 픽),"멀티팩 정품_2,365,340","멀티팩 정품_2,365,340","멀티팩 정품_2,365,340","멀티팩 정품_2,365,340","멀티팩 정품_2,365,340"
94932554,AMD 라이젠 스레드리퍼 9970X (시마다 픽),"멀티팩 정품_3,854,800","멀티팩 정품_3,854,800","멀티팩 정품_3,854,840","멀티팩 정품_3,854,840","멀티팩 정품_3,854,840"
94932239,AMD 라이젠 스레드리퍼 9980X (시마다 픽),"멀티팩 정품_7,749,990","멀티팩 정품_7,749,990","멀티팩 정품_7,749,990","멀티팩 정품_7,749,990","멀티팩 정품_7,749,990"
13491257,AMD 라이젠 스레드리퍼 PRO 3955WX (캐슬 픽-W),"_정품_903,360|_해외구매_2,577,000","_정품_903,360|_해외구매_2,577,000","_정품_903,360|_해외구매_2,577,000","_정품_903,360|_해외구매_2,577,000","_정품_903,360|_해외구매_2,577,000"
18614342,AMD 라이젠 스레드리퍼 PRO 3975WX (캐슬 픽-W),"_벌크 병행_2,227,200|_해외구매_5,669,000|중고_1,490,000","_벌크 병행_2,227,200|_해외구매_5,669,000|중고_1,490,000","_벌크 병행_2,227,200|_해외구매_5,669,000|중고_1,490,000","_벌크 병행_2,227,200|_해외구매_5,669,000|중고_1,490,000","_벌크 병행_2,227,200|_해외구매_5,669,000|중고_1,490,000"
18000296,AMD 라이젠 스레드리퍼 PRO 3995WX (캐슬 픽-W),"해외구매_12,500,000","해외구매_12,500,000","해외구매_12,500,000","해외구매_12,500,000","해외구매_12,500,000"
18055820,AMD 라이젠 스레드리퍼 PRO 5955WX (샤갈 프로),"_정품_1,626,970|_벌크 병행_1,590,880|해외구매_2,236,000","_정품_1,626,910|_벌크 병행_1,590,820|해외구매_2,236,000","_정품_1,626,860|_벌크 병행_1,590,770|해외구매_2,236,000","_정품_1,626,790|_벌크 병행_1,590,640|해외구매_2,236,000","_정품_1,626,740|_벌크 병행_1,590,530|해외구매_2,236,000"
17570816,AMD 라이젠 스레드리퍼 PRO 5965WX (샤갈 프로),"정품_2,100,000","정품_2,100,000","정품_2,100,000","정품_2,100,000","정품_2,100,000"
20685467,AMD 라이젠 스레드리퍼 PRO 5975WX (샤갈 프로),"_멀티팩 정품_3,113,320|_정품_3,228,020","_멀티팩 정품_3,113,320|_정품_3,228,020","_멀티팩 정품_3,113,330|_정품_3,228,020","_멀티팩 정품_3,113,330|_정품_3,228,020","_멀티팩 정품_3,113,330|_정품_3,228,020"
17570783,AMD 라이젠 스레드리퍼 PRO 5995WX (샤갈 프로),"정품_7,608,250","정품_7,608,190","정품_7,608,150","정품_7,608,130","정품_7,608,130"
72674036,AMD 라이젠 스레드리퍼 PRO 7955WX (스톰 픽),"_멀티팩 정품_2,403,480|_정품_2,477,070","_멀티팩 정품_2,403,480|_정품_2,477,070","_멀티팩 정품_2,403,480|_정품_2,477,070","_멀티팩 정품_2,403,480|_정품_2,477,070","_멀티팩 정품_2,403,480|_정품_2,477,070"
30143039,AMD 라이젠 스레드리퍼 PRO 7965WX (스톰 픽),"멀티팩 정품_4,211,650","멀티팩 정품_4,211,650","멀티팩 정품_4,211,630","멀티팩 정품_4,211,570","멀티팩 정품_4,211,510"
30143105,AMD 라이젠 스레드리퍼 PRO 7975WX (스톰 픽),"_멀티팩 정품_6,088,930|_해외구매_10,409,910","_멀티팩 정품_6,088,910|_해외구매_10,409,910","_멀티팩 정품_6,088,870|_해외구매_10,409,910","_멀티팩 정품_6,088,800|_해외구매_10,409,910","_멀티팩 정품_6,088,740|_해외구매_10,409,910"
30143060,AMD 라이젠 스레드리퍼 PRO 7985WX (스톰 픽),"_멀티팩 정품_9,899,990|_정품_10,050,000","_멀티팩 정품_9,899,990|_정품_10,050,000","_멀티팩 정품_9,899,990|_정품_10,050,000","_멀티팩 정품_9,899,990|_정품_10,050,000","_멀티팩 정품_9,885,990|_정품_10,050,000"
30142979,AMD 라이젠 스레드리퍼 PRO 7995WX (스톰 픽),"_멀티팩 정품_14,142,380|_정품_14,000,000|해외구매_13,800,000","_멀티팩 정품_14,142,380|_정품_14,000,000|해외구매_13,800,000","_멀티팩 정품_14,142,380|_정품_14,000,000|해외구매_13,800,000","_멀티팩 정품_14,142,380|_정품_14,000,000|해외구매_13,800,000","_멀티팩 정품_14,142,380|_정품_14,000,000|해외구매_13,800,000"
94691237,AMD 라이젠 스레드리퍼 PRO 9955WX (시마다 픽),"멀티팩 정품_2,566,110","멀티팩 정품_2,566,110","멀티팩 정품_2,582,380","멀티팩 정품_2,585,660","멀티팩 정품_2,585,660"
94690922,AMD 라이젠 스레드리퍼 PRO 9965WX (시마다 픽),"멀티팩 정품_4,503,050","멀티팩 정품_4,503,050","멀티팩 정품_4,503,050","멀티팩 정품_4,503,050","멀티팩 정품_4,503,050"
94690814,AMD 라이젠 스레드리퍼 PRO 9975WX (시마다 픽),"멀티팩 정품_6,496,040","멀티팩 정품_6,496,040","멀티팩 정품_6,496,040","멀티팩 정품_6,496,040","멀티팩 정품_6,496,040"
94690649,AMD 라이젠 스레드리퍼 PRO 9985WX (시마다 픽),"멀티팩 정품_12,549,980","멀티팩 정품_12,549,980","멀티팩 정품_12,549,980","멀티팩 정품_12,549,980","멀티팩 정품_12,549,980"
94690457,AMD 라이젠 스레드리퍼 PRO 9995WX (시마다 픽),"멀티팩 정품_18,358,970","멀티팩 정품_18,358,880","멀티팩 정품_18,358,770","멀티팩 정품_18,358,690","멀티팩 정품_18,358,640"
18704354,AMD 라이젠3 PRO 4350G (르누아르),"중고_104,990","중고_104,990","중고_104,990","중고_104,990","중고_104,990"
5565689,AMD 라이젠3-1세대 1300X (서밋 릿지),"해외구매_38,570","해외구매_37,770","해외구매_37,770","해외구매_37,770","해외구매_37,770"
11022333,AMD 라이젠3-1세대 2200G (레이븐 릿지),"_해외구매_7,600|_중고_21,900","_해외구매_7,600|_중고_21,900","_해외구매_7,600|_중고_21,900","_해외구매_7,600|_중고_21,900","_해외구매_7,600|_중고_21,900"
12401438,AMD 라이젠3-2세대 3200G (피카소),"_멀티팩 정품_91,390|정품_87,700|_해외구매_65,360|중고_58,000","_멀티팩 정품_91,390|정품_87,700|_해외구매_65,360|중고_58,000","_멀티팩 정품_91,390|정품_87,700|_해외구매_65,360|중고_58,000","_멀티팩 정품_91,390|정품_87,700|_해외구매_65,360|중고_58,000","_멀티팩 정품_91,390|정품_87,700|_해외구매_65,360|중고_58,000"
12200864,AMD 라이젠3-3세대 3100 (마티스),"해외구매_72,940","해외구매_72,940","해외구매_72,940","해외구매_72,940","해외구매_72,940"
12625094,AMD 라이젠3-3세대 3300X (마티스),"_멀티팩 정품_270,000|_해외구매_93,390|중고_62,490","_멀티팩 정품_270,000|_해외구매_93,390|중고_62,490","_멀티팩 정품_270,000|_해외구매_93,390|중고_62,490","_멀티팩 정품_270,000|_해외구매_93,390|중고_62,490","_멀티팩 정품_270,000|_해외구매_93,390|중고_62,490"
16740590,AMD 라이젠3-3세대 4100 (르누아르-X),"멀티팩 정품_81,000","멀티팩 정품_81,000","멀티팩 정품_81,000","멀티팩 정품_81,000","멀티팩 정품_81,000"
70254251,AMD 라이젠3-4세대 5300G (세잔),"멀티팩 정품_178,670","멀티팩 정품_178,670","멀티팩 정품_178,670","멀티팩 정품_178,670","멀티팩 정품_178,670"
11876443,AMD 라이젠5 PRO 4650G (르누아르),"멀티팩 정품_220,000","멀티팩 정품_220,000","멀티팩 정품_220,000","멀티팩 정품_220,000","멀티팩 정품_220,000"
29658575,AMD 라이젠5 PRO 7645 (라파엘),"멀티팩 정품_269,380","멀티팩 정품_269,380","멀티팩 정품_269,380","멀티팩 정품_269,380","멀티팩 정품_269,380"
122621789,AMD 라이젠5 PRO 8500G (피닉스),"멀티팩 정품_274,450","멀티팩 정품_274,450","멀티팩 정품_274,450","멀티팩 정품_274,450","멀티팩 정품_274,450"
106222460,AMD 라이젠5 PRO 8600G (피닉스),"멀티팩 정품_305,750","멀티팩 정품_305,750","멀티팩 정품_305,750","멀티팩 정품_305,750","멀티팩 정품_305,750"
5401751,AMD 라이젠5-1세대 1400 (서밋 릿지),"_해외구매_34,250|_중고_21,760","_해외구매_34,250|_중고_21,760","_해외구매_34,060|_중고_21,760","_해외구매_34,060|_중고_21,760","_해외구매_34,060|_중고_21,760"
5401735,AMD 라이젠5-1세대 1500X (서밋 릿지),"_해외구매_40,700|_중고_24,870","_해외구매_39,850|_중고_24,870","_해외구매_39,850|_중고_24,870","_해외구매_39,850|_중고_24,870","_해외구매_39,850|_중고_24,870"
13822442,AMD 라이젠5-1세대 1600 (서밋 릿지),"중고_36,000","중고_36,000","중고_36,000",0,0
6333162,AMD 라이젠5-2세대 2600 (피나클 릿지),"해외구매_60,430","해외구매_60,430","해외구매_60,430","해외구매_60,430","해외구매_60,430"
11026104,AMD 라이젠5-2세대 2600X (피나클 릿지),"_해외구매_70,030|_중고_108,240","_해외구매_70,030|_중고_108,240","_해외구매_70,030|_중고_108,240","_해외구매_70,030|_중고_108,240","_해외구매_70,030|_중고_108,240"
10176534,AMD 라이젠5-2세대 3400G (피카소),"_멀티팩 정품_104,870|_해외구매_89,560","_멀티팩 정품_104,870|_해외구매_89,560","_멀티팩 정품_104,870|_해외구매_89,560","_멀티팩 정품_104,870|_해외구매_89,560","_멀티팩 정품_104,870|_해외구매_89,560"
75936140,AMD 라이젠5-3세대 3500 (마티스),"_중고_60,000|_해외구매_109,810","_중고_60,000|_해외구매_109,810","_중고_60,000|_해외구매_109,810","_중고_60,000|_해외구매_109,810","_중고_60,000|_해외구매_109,810"
17744591,AMD 라이젠5-3세대 3500X (마티스),"중고_81,000",0,0,0,0
10861092,AMD 라이젠5-3세대 3600 (마티스),"_멀티팩 정품_115,380|벌크 병행_118,650|_해외구매_116,490|중고_93,790","_멀티팩 정품_115,380|벌크 병행_118,650|_해외구매_116,490|중고_93,790","_멀티팩 정품_115,380|벌크 병행_118,650|_해외구매_116,490|중고_93,790","_멀티팩 정품_115,380|벌크 병행_118,650|_해외구매_115,580|중고_93,790","_멀티팩 정품_115,380|벌크 병행_118,650|_해외구매_115,580|중고_93,790"
11024358,AMD 라이젠5-3세대 3600X (마티스),"해외구매_109,700","해외구매_109,700","해외구매_109,700","해외구매_109,700","해외구매_109,700"
16950596,AMD 라이젠5-3세대 4500 (르누아르-X),"해외구매_103,630","해외구매_103,630","해외구매_103,630","해외구매_103,630","해외구매_103,630"
17287790,AMD 라이젠5-3세대 4600G (르누아르),"_해외구매_175,240|_중고_146,000","_해외구매_175,240|_중고_146,000","_해외구매_175,240|_중고_146,000","_해외구매_175,240|_중고_146,000","_해외구매_175,240|_중고_146,000"
64465532,AMD 라이젠5-4세대 5500 (세잔),"_벌크 정품_170,700|중고_167,000|_해외구매_122,300","_벌크 정품_170,700|중고_167,000|_해외구매_122,300",0,0,0
106688090,AMD 라이젠5-4세대 5500 (세잔),"_벌크 정품_170,700|중고_167,000|_해외구매_122,300","_벌크 정품_170,700|중고_167,000|_해외구매_122,300","_벌크 정품_170,700|중고_167,000|_해외구매_122,300","_벌크 정품_170,700|중고_167,000|_해외구매_122,300","_벌크 정품_170,700|중고_167,000|_해외구매_120,960"
54218171,AMD 라이젠5-4세대 5500GT (세잔),"_멀티팩 정품_197,860|_정품_209,740|벌크 병행_196,270","_멀티팩 정품_197,840|_정품_209,740|벌크 병행_196,270","_멀티팩 정품_197,840|_정품_209,740|벌크 병행_196,270","_멀티팩 정품_197,840|_정품_209,740|벌크 병행_196,270","_멀티팩 정품_197,840|_정품_209,740|벌크 병행_196,270"
16741211,AMD 라이젠5-4세대 5600 (버미어),"_멀티팩 정품_159,890|_정품_159,890|벌크 병행_153,250|해외구매_177,250","_멀티팩 정품_158,810|_정품_158,700|벌크 병행_153,210|해외구매_175,830","_멀티팩 정품_158,810|_정품_158,700|벌크 병행_153,150|해외구매_175,830","_멀티팩 정품_158,810|_정품_158,700|벌크 병행_153,100|해외구매_175,830","_멀티팩 정품_158,810|_정품_158,700|벌크 병행_153,060|해외구매_175,830"
14927675,AMD 라이젠5-4세대 5600G (세잔),"_멀티팩 정품_225,050|_정품_219,490|벌크 병행_205,000|해외구매_178,500","_멀티팩 정품_224,940|_정품_219,490|벌크 병행_205,000|해외구매_178,500","_멀티팩 정품_224,930|_정품_219,490|벌크 병행_205,000|해외구매_178,500","_멀티팩 정품_224,930|_정품_219,490|벌크 병행_205,000|해외구매_178,500","_멀티팩 정품_224,930|_정품_219,500|벌크 병행_205,000|해외구매_178,500"
34337192,AMD 라이젠5-4세대 5600GT (세잔),"_멀티팩 정품_224,460|_정품_239,000|벌크 병행_211,500","_멀티팩 정품_224,460|_정품_239,000|벌크 병행_211,500","_멀티팩 정품_224,460|_정품_239,000|벌크 병행_211,500","_멀티팩 정품_224,460|_정품_239,000|벌크 병행_211,500","_멀티팩 정품_224,460|_정품_239,000|벌크 병행_211,500"
60167690,AMD 라이젠5-4세대 5600GT (세잔),"_멀티팩 정품_224,460|_정품_239,000|벌크 병행_211,500","_멀티팩 정품_224,460|_정품_239,000|벌크 병행_211,500","_멀티팩 정품_224,460|_정품_239,000|벌크 병행_211,500","_멀티팩 정품_224,460|_정품_239,000|벌크 병행_211,500","_멀티팩 정품_224,460|_정품_239,000|벌크 병행_211,500"
12625265,AMD 라이젠5-4세대 5600X (버미어),"_멀티팩 정품_600,000|프리즘 멀티팩 정품_550,000||_해외구매_191,370|","_멀티팩 정품_600,000|프리즘 멀티팩 정품_550,000||_해외구매_191,370|","_멀티팩 정품_600,000|프리즘 멀티팩 정품_550,000||_해외구매_191,370|","_멀티팩 정품_600,000|프리즘 멀티팩 정품_550,000||_해외구매_191,370|","_멀티팩 정품_600,000|프리즘 멀티팩 정품_550,000||_해외구매_191,370|"
74051159,AMD 라이젠5-4세대 5600XT (버미어),"멀티팩 정품_398,000","멀티팩 정품_398,000","멀티팩 정품_398,000","멀티팩 정품_398,000","멀티팩 정품_398,000"
97705163,AMD 라이젠5-5세대 7400 (라파엘),"_멀티팩 정품_195,000|_벌크 정품_210,000","_멀티팩 정품_195,000|_벌크 정품_210,000","_멀티팩 정품_195,000|_벌크 정품_210,000","_멀티팩 정품_195,000|_벌크 정품_210,000","_멀티팩 정품_195,000|_벌크 정품_210,000"
97705328,AMD 라이젠5-5세대 7400F (라파엘),"_멀티팩 정품_164,460|_해외구매_185,200","_멀티팩 정품_164,400|_해외구매_185,200","_멀티팩 정품_164,290|_해외구매_185,200","_멀티팩 정품_162,990|_해외구매_185,200","_멀티팩 정품_162,990|_해외구매_185,200"
21694499,AMD 라이젠5-5세대 7500F (라파엘),"_멀티팩 정품_173,830|벌크 정품_174,060|_벌크 병행_171,610|해외구매_173,670","_멀티팩 정품_173,830|벌크 정품_173,990|_벌크 병행_171,610|해외구매_173,670","_멀티팩 정품_173,100|벌크 정품_173,000|_벌크 병행_171,610|해외구매_173,670","_멀티팩 정품_173,090|벌크 정품_173,000|_벌크 병행_171,610|해외구매_173,670","_멀티팩 정품_173,000|벌크 정품_173,000|_벌크 병행_171,610|해외구매_173,670"
104223188,AMD 라이젠5-5세대 7500X3D (라파엘),"멀티팩 정품_324,560","멀티팩 정품_324,550","멀티팩 정품_324,550","멀티팩 정품_324,550","멀티팩 정품_324,550"
18718496,AMD 라이젠5-5세대 7600 (라파엘),"_멀티팩 정품_213,840|벌크 정품_278,000|벌크 병행_278,000|_해외구매_333,400","_멀티팩 정품_213,840|벌크 정품_278,000|벌크 병행_278,000|_해외구매_333,400","_멀티팩 정품_213,840|벌크 정품_278,000|벌크 병행_278,000|_해외구매_333,400","_멀티팩 정품_213,840|벌크 정품_278,000|벌크 병행_278,000|_해외구매_333,400","_멀티팩 정품_213,840|벌크 정품_278,000|벌크 병행_278,000|_해외구매_333,400"
27757619,AMD 라이젠5-5세대 7600X (라파엘),"_멀티팩 정품_292,390|정품_357,000|_해외구매_307,020","_멀티팩 정품_292,390|정품_357,000|_해외구매_306,960","_멀티팩 정품_292,390|정품_357,000|_해외구매_306,920","_멀티팩 정품_292,390|정품_357,000|_해외구매_304,200","_멀티팩 정품_292,390|정품_357,000|_해외구매_304,200"
53626130,AMD 라이젠5-5세대 8400F (피닉스),"_멀티팩 정품_174,180|_벌크 병행_170,000","_멀티팩 정품_174,180|_벌크 병행_170,000","_멀티팩 정품_174,170|_벌크 병행_170,000","_멀티팩 정품_174,170|_벌크 병행_170,000","_멀티팩 정품_174,170|_벌크 병행_170,000"
34336130,AMD 라이젠5-5세대 8500G (피닉스),"_멀티팩 정품_236,760|_정품_965,000|벌크 병행_253,500|해외구매_303,600","_멀티팩 정품_236,760|_정품_965,000|벌크 병행_253,500|해외구매_303,600","_멀티팩 정품_236,760|_정품_965,000|벌크 병행_253,500|해외구매_303,600","_멀티팩 정품_236,760|_정품_965,000|벌크 병행_253,500|해외구매_303,600","_멀티팩 정품_236,760|_정품_965,000|벌크 병행_253,500|해외구매_303,600"
60170150,AMD 라이젠5-5세대 8500G (피닉스),"_멀티팩 정품_236,760|_정품_965,000|벌크 병행_253,500|해외구매_303,600","_멀티팩 정품_236,760|_정품_965,000|벌크 병행_253,500|해외구매_303,600","_멀티팩 정품_236,760|_정품_965,000|벌크 병행_253,500|해외구매_303,600","_멀티팩 정품_236,760|_정품_965,000|벌크 병행_253,500|해외구매_303,600","_멀티팩 정품_236,760|_정품_965,000|벌크 병행_253,500|해외구매_303,600"
34336475,AMD 라이젠5-5세대 8600G (피닉스),"_멀티팩 정품_267,790|_정품_975,000|해외구매_260,000","_멀티팩 정품_267,680|정품_975,000|_해외구매_260,000","_멀티팩 정품_267,070|정품_975,000|_해외구매_260,000","_멀티팩 정품_267,050|_정품_975,000|해외구매_260,000","_멀티팩 정품_267,030|_정품_975,000|해외구매_260,000"
60170204,AMD 라이젠5-5세대 8600G (피닉스),"_멀티팩 정품_267,790|_정품_975,000|해외구매_260,000","_멀티팩 정품_267,680|정품_975,000|_해외구매_260,000","_멀티팩 정품_267,070|정품_975,000|_해외구매_260,000","_멀티팩 정품_267,050|_정품_975,000|해외구매_260,000","_멀티팩 정품_267,030|_정품_975,000|해외구매_260,000"
97704881,AMD 라이젠5-6세대 9500F (그래니트 릿지),"_멀티팩 정품_235,000|_벌크 정품_239,000","_멀티팩 정품_235,000|_벌크 정품_239,000","_멀티팩 정품_235,000|_벌크 정품_239,000","_멀티팩 정품_235,000|_벌크 정품_239,000","_멀티팩 정품_235,000|_벌크 정품_239,000"
76465280,AMD 라이젠5-6세대 9600 (그래니트 릿지),"_멀티팩 정품_259,900|_벌크 정품_263,750","_멀티팩 정품_259,900|_벌크 정품_263,750","_멀티팩 정품_259,900|_벌크 정품_263,750","_멀티팩 정품_259,900|_벌크 정품_263,750","_멀티팩 정품_259,900|_벌크 정품_263,750"
62794079,AMD 라이젠5-6세대 9600X (그래니트 릿지),"_멀티팩 정품_271,540|정품_399,000|벌크 정품_270,980|_벌크 병행_245,910|해외구매_251,480","_멀티팩 정품_271,540|정품_399,000|벌크 정품_270,980|_벌크 병행_245,910|해외구매_251,480","_멀티팩 정품_271,540|정품_399,000|벌크 정품_270,980|_벌크 병행_245,910|해외구매_251,480","_멀티팩 정품_271,540|정품_399,000|벌크 정품_270,980|_벌크 병행_245,910|해외구매_251,480","_멀티팩 정품_271,540|정품_399,000|벌크 정품_270,980|_벌크 병행_245,910|해외구매_251,480"
29658509,AMD 라이젠7 PRO 7745 (라파엘),"멀티팩 정품_513,620","멀티팩 정품_513,620","멀티팩 정품_513,620","멀티팩 정품_513,620","멀티팩 정품_513,620"
5565805,AMD 라이젠7-1세대 1700 (서밋 릿지),"_해외구매_71,600|_중고_36,900","_해외구매_71,600|_중고_36,900","_해외구매_71,600|_중고_36,900","_해외구매_71,600|_중고_36,900","_해외구매_71,600|_중고_36,900"
11036691,AMD 라이젠7-1세대 1700X (서밋 릿지),"중고_50,000",0,0,0,0
18172499,AMD 라이젠7-1세대 1800X (서밋 릿지),"_중고_57,890|_해외구매_111,330","_중고_57,890|_해외구매_111,330","_중고_57,890|_해외구매_111,330","_중고_57,890|_해외구매_111,330","_중고_57,890|_해외구매_111,330"
11036082,AMD 라이젠7-2세대 2700 (피나클 릿지),"해외구매_144,740","해외구매_144,740","해외구매_144,740","해외구매_144,740","해외구매_144,740"
6333353,AMD 라이젠7-2세대 2700X (피나클 릿지),"_해외구매_58,740|_중고_75,000","_해외구매_58,740|_중고_75,000","_해외구매_58,740|_중고_75,000","_해외구매_58,740|_중고_75,000","_해외구매_58,740|_중고_75,000"
9421629,AMD 라이젠7-3세대 3700X (마티스),"_멀티팩 정품_405,000|_해외구매_169,090|중고_148,990","_멀티팩 정품_405,000|_해외구매_169,090|중고_148,990","_멀티팩 정품_405,000|_해외구매_169,090|중고_148,990","_멀티팩 정품_405,000|_해외구매_169,090|중고_148,990","_멀티팩 정품_405,000|_해외구매_169,090|중고_148,990"
8459781,AMD 라이젠7-3세대 3800X (마티스),"_정품_560,760|_해외구매_137,500","_정품_560,760|_해외구매_137,500","_정품_560,760|_해외구매_137,500","_정품_560,760|_해외구매_137,500","_정품_560,760|_해외구매_137,500"
12338966,AMD 라이젠7-3세대 3800XT (마티스),"중고_168,000","중고_168,000","중고_168,000","중고_168,000","중고_168,000"
34337090,AMD 라이젠7-4세대 5700 (세잔),"멀티팩 정품_334,810","멀티팩 정품_334,810","멀티팩 정품_338,370","멀티팩 정품_338,370","멀티팩 정품_338,370"
14927759,AMD 라이젠7-4세대 5700G (세잔),"_멀티팩 정품_322,990|_해외구매_286,200","_멀티팩 정품_322,990|_해외구매_286,200","_멀티팩 정품_322,990|_해외구매_286,200","_멀티팩 정품_322,990|_해외구매_286,200","_멀티팩 정품_322,990|_해외구매_286,200"
16741349,AMD 라이젠7-4세대 5700X (버미어),"_멀티팩 정품_298,980||_해외구매_231,400","_멀티팩 정품_298,980||_해외구매_231,400","_멀티팩 정품_301,000||_해외구매_231,400","_멀티팩 정품_301,000||_해외구매_231,400","_멀티팩 정품_301,000||_해외구매_231,400"
34336865,AMD 라이젠7-4세대 5700X3D (버미어),"_멀티팩 정품_699,500|_해외구매_552,200",0,0,0,0
47839244,AMD 라이젠7-4세대 5700X3D (버미어),0,"해외구매_552,200","해외구매_552,200","해외구매_552,200","해외구매_552,200"
13902422,AMD 라이젠7-4세대 5800X (버미어),"_벌크 병행_365,000|_해외구매_332,900|중고_274,990","_벌크 병행_365,000|_해외구매_332,900|중고_274,990","_벌크 병행_365,000|_해외구매_332,900|중고_274,990","_벌크 병행_365,000|_해외구매_332,900|중고_274,990","_벌크 병행_365,000|_해외구매_332,900|중고_274,990"
27521231,AMD 라이젠7-4세대 5800X3D (버미어),"_멀티팩 정품_580,450|_정품_582,330|해외구매_589,000","_멀티팩 정품_580,450|_정품_582,330|해외구매_590,000","_멀티팩 정품_580,450|_정품_582,330|해외구매_590,000","_멀티팩 정품_580,450|_정품_582,330|해외구매_590,000","_멀티팩 정품_580,450|_정품_582,330|해외구매_590,000"
122711750,AMD 라이젠7-4세대 5800X3D AM4 10주년 기념 에디션 (버미어),"정품_581,020","정품_580,960","정품_580,920","정품_580,900","정품_580,880"
18718538,AMD 라이젠7-5세대 7700 (라파엘),"_멀티팩 정품_346,590|_해외구매_293,110","_멀티팩 정품_346,530|_해외구매_293,110","_멀티팩 정품_346,470|_해외구매_293,110","_멀티팩 정품_346,410|_해외구매_293,110","_멀티팩 정품_346,350|정품_일시품절|_해외구매_293,110"
27945140,AMD 라이젠7-5세대 7700X (라파엘),"_멀티팩 정품_362,990|_해외구매_423,760","_멀티팩 정품_362,990|_해외구매_410,220","_멀티팩 정품_362,990|_해외구매_428,270","_멀티팩 정품_362,990|_해외구매_414,740","_멀티팩 정품_362,990|_해외구매_401,210"
123234946,AMD 라이젠7-5세대 7700X3D (라파엘),"_멀티팩 정품_438,930|_정품_444,980","_멀티팩 정품_438,930|_정품_444,980","_멀티팩 정품_438,930|_정품_444,980","_멀티팩 정품_438,930|_정품_444,980","_멀티팩 정품_438,930|_정품_444,980"
19627934,AMD 라이젠7-5세대 7800X3D (라파엘),"_멀티팩 정품_431,960|정품_690,180|_벌크 병행_398,040|해외구매_400,300","_멀티팩 정품_431,790|정품_690,180|_벌크 병행_397,970|해외구매_400,300","_멀티팩 정품_428,000|정품_690,180|_벌크 병행_397,920|해외구매_400,300","_멀티팩 정품_427,940|정품_690,180|_벌크 병행_397,790|해외구매_400,300","_멀티팩 정품_427,890|정품_690,180|_벌크 병행_397,680|해외구매_400,300"
53779649,AMD 라이젠7-5세대 8700F (피닉스),"_멀티팩 정품_224,860|_해외구매_232,090","_멀티팩 정품_224,860|_해외구매_232,090","_멀티팩 정품_224,860|_해외구매_232,090","_멀티팩 정품_224,860|_해외구매_232,090","_멀티팩 정품_224,860|_해외구매_232,090"
58933169,AMD 라이젠7-5세대 8700G (피닉스),"_멀티팩 정품_412,880|_해외구매_453,490","_멀티팩 정품_412,880|_해외구매_453,490","_멀티팩 정품_412,880|_해외구매_453,500","_멀티팩 정품_412,880|_해외구매_453,500","_멀티팩 정품_412,880|_해외구매_453,500"
62794082,AMD 라이젠7-6세대 9700X (그래니트 릿지),"_멀티팩 정품_392,950|정품_686,000|벌크 정품_404,190|_벌크 병행_340,410|해외구매_432,670","_멀티팩 정품_392,940|정품_686,000|벌크 정품_404,180|_벌크 병행_340,410|해외구매_444,190","_멀티팩 정품_392,940|정품_686,000|벌크 정품_404,180|_벌크 병행_340,410|해외구매_444,190","_멀티팩 정품_392,940|정품_686,000|벌크 정품_404,180|_벌크 병행_340,410|해외구매_444,190","_멀티팩 정품_392,790|정품_686,000|벌크 정품_404,180|_벌크 병행_340,410|해외구매_444,190"
70531547,AMD 라이젠7-6세대 9800X3D (그래니트 릿지),"_멀티팩 정품_636,280|_정품_720,000|벌크 병행_600,270|","_멀티팩 정품_636,000|_정품_720,000|벌크 병행_600,240|","_멀티팩 정품_635,940|_정품_720,000|벌크 병행_600,200|","_멀티팩 정품_635,940|_정품_720,000|벌크 병행_600,140|","_멀티팩 정품_635,790|_정품_720,000|벌크 병행_600,030|"
104627873,AMD 라이젠7-6세대 9850X3D (그래니트 릿지),"_멀티팩 정품_716,080|벌크 병행_716,900|_정품_760,840","_멀티팩 정품_716,080|벌크 병행_716,900|_정품_763,350","_멀티팩 정품_716,080|벌크 병행_715,900|_정품_753,350","_멀티팩 정품_716,080|벌크 병행_715,900|_정품_750,850","_멀티팩 정품_716,080|벌크 병행_715,900|_정품_765,850"
29658350,AMD 라이젠9 PRO 7945 (라파엘),"멀티팩 정품_751,890",0,0,0,0
8457111,AMD 라이젠9-3세대 3900X (마티스),"_정품_1,500,000|멀티팩 정품_400,000|_해외구매_270,170|중고_236,990","_정품_1,500,000|멀티팩 정품_400,000|_해외구매_270,170|중고_236,990","_정품_1,500,000|멀티팩 정품_400,000|_해외구매_270,170|중고_236,990","_정품_1,500,000|멀티팩 정품_400,000|_해외구매_270,170|중고_236,990","_정품_1,500,000|멀티팩 정품_400,000|_해외구매_270,170|중고_236,990"
12338828,AMD 라이젠9-3세대 3900XT (마티스),"해외구매_500,000","해외구매_500,000","해외구매_500,000","해외구매_500,000","해외구매_500,000"
11026701,AMD 라이젠9-3세대 3950X (마티스),"해외구매_574,620","해외구매_574,620","해외구매_574,620","해외구매_574,620","해외구매_574,620"
12837425,AMD 라이젠9-4세대 5900X (버미어),"_멀티팩 정품_759,000|_해외구매_538,070|중고_398,990","_멀티팩 정품_759,000|_해외구매_538,070|중고_398,990","_멀티팩 정품_759,000|_해외구매_538,070|중고_398,990","_멀티팩 정품_759,000|_해외구매_538,070|중고_398,990","_멀티팩 정품_759,000|_해외구매_538,070|중고_398,990"
62165036,AMD 라이젠9-4세대 5900XT (버미어),"정품_700,000","정품_700,000","정품_700,000","정품_700,000","정품_700,000"
13172262,AMD 라이젠9-4세대 5950X (버미어),"_벌크 병행_735,000|_해외구매_671,900","_벌크 병행_735,000|_해외구매_671,900","_벌크 병행_735,000|_해외구매_671,900","_벌크 병행_735,000|_해외구매_671,900","_벌크 병행_735,000|_해외구매_671,900"
18718631,AMD 라이젠9-5세대 7900 (라파엘),"_멀티팩 정품_484,950|_정품_489,390|해외구매_630,100","_멀티팩 정품_484,950|_정품_489,320|해외구매_630,100","_멀티팩 정품_484,950|_정품_489,280|해외구매_630,100","_멀티팩 정품_484,950|_정품_489,220|해외구매_630,100","_멀티팩 정품_484,950|_정품_489,170|해외구매_630,100"
28402418,AMD 라이젠9-5세대 7900X (라파엘),"_멀티팩 정품_415,000|_정품_506,200|해외구매_698,890","_멀티팩 정품_415,000|_정품_506,200|해외구매_698,890","_멀티팩 정품_415,000|_정품_506,200|해외구매_702,000","_멀티팩 정품_415,000|_정품_506,200|해외구매_702,000","_멀티팩 정품_415,000|_정품_506,200|해외구매_702,000"
19627457,AMD 라이젠9-5세대 7900X3D (라파엘),"_멀티팩 정품_804,590|_해외구매_666,000","_멀티팩 정품_804,590|_해외구매_666,000","_멀티팩 정품_804,590|_해외구매_666,000","_멀티팩 정품_804,590|_해외구매_666,000","_멀티팩 정품_804,590|_해외구매_666,000"
20613197,AMD 라이젠9-5세대 7950X (라파엘),"_멀티팩 정품_1,470,000|정품_1,840,490|_해외구매_399,000","_멀티팩 정품_1,470,000|정품_1,840,490|_해외구매_395,000","_멀티팩 정품_1,470,000|정품_1,840,490|_해외구매_385,000","멀티팩 정품_1,470,000|_정품_1,840,490|_해외구매_385,000","멀티팩 정품_1,470,000|_정품_1,840,490|_해외구매_385,000"
19627601,AMD 라이젠9-5세대 7950X3D (라파엘),"_멀티팩 정품_687,030|_해외구매_666,000","_멀티팩 정품_686,970|_해외구매_666,000","_멀티팩 정품_686,910|_해외구매_666,000","_멀티팩 정품_686,890|_해외구매_666,000","_멀티팩 정품_686,870|_해외구매_666,000"
63140387,AMD 라이젠9-6세대 9900X (그래니트 릿지),"_멀티팩 정품_618,680|_정품_686,000|벌크 병행_529,490|해외구매_529,890","_멀티팩 정품_618,470|_정품_686,000|벌크 병행_529,490|해외구매_529,890","_멀티팩 정품_617,600|_정품_686,000|벌크 병행_529,490|해외구매_529,890","_멀티팩 정품_617,600|_정품_686,000|벌크 병행_529,490|해외구매_529,890","_멀티팩 정품_617,600|_정품_686,000|벌크 병행_529,490|해외구매_529,890"
77790890,AMD 라이젠9-6세대 9900X3D (그래니트 릿지),"_멀티팩 정품_809,370|_해외구매_821,000","_멀티팩 정품_809,370|_해외구매_821,000","_멀티팩 정품_809,370|_해외구매_821,000","_멀티팩 정품_809,370|_해외구매_821,000","_멀티팩 정품_809,370|_해외구매_821,000"
63140417,AMD 라이젠9-6세대 9950X (그래니트 릿지),"_멀티팩 정품_825,990|정품_878,980|_벌크 병행_658,090|해외구매_691,800","_멀티팩 정품_825,990|정품_878,980|_벌크 병행_658,090|해외구매_691,800","_멀티팩 정품_825,990|정품_878,980|_벌크 병행_658,090|해외구매_691,800","_멀티팩 정품_825,990|정품_878,980|_벌크 병행_658,090|해외구매_691,800","_멀티팩 정품_825,990|정품_878,980|_벌크 병행_658,090|해외구매_691,800"
77790914,AMD 라이젠9-6세대 9950X3D (그래니트 릿지),"_멀티팩 정품_940,900|_정품_1,501,940|해외구매_901,490","_멀티팩 정품_939,000|_정품_1,501,940|해외구매_875,210","_멀티팩 정품_938,990|_정품_1,501,940|해외구매_883,230","_멀티팩 정품_938,990|_정품_1,501,940|해외구매_875,210","_멀티팩 정품_938,990|_정품_1,501,940|해외구매_875,210"
122634011,AMD 라이젠9-6세대 9950X3D2 (그래니트 릿지),"_멀티팩 정품_1,412,660|_정품_2,022,050","_멀티팩 정품_1,412,660|_정품_2,022,050","_멀티팩 정품_1,412,660|_정품_2,022,050","_멀티팩 정품_1,412,660|_정품_2,022,050","_멀티팩 정품_1,412,660|_정품_2,022,050"
11028270,AMD 애슬론 200GE (레이븐 릿지),"_해외구매_53,240|_중고_11,620","_해외구매_53,240|_중고_11,620","_해외구매_53,240|_중고_11,620","_해외구매_53,240|_중고_11,620","_해외구매_53,240|_중고_11,620"
9968202,AMD 애슬론 3000G (레이븐 릿지),"_정품_61,230|멀티팩 정품_62,490|_벌크 + 쿨러 정품_49,900|벌크 병행_55,900|중고_24,000","_정품_61,230|멀티팩 정품_62,490|_벌크 + 쿨러 정품_47,400|벌크 병행_55,900|중고_24,000","_정품_61,230|멀티팩 정품_62,490|_벌크 + 쿨러 정품_49,900|벌크 병행_52,900|중고_24,000","_정품_61,230|멀티팩 정품_62,490|_벌크 + 쿨러 정품_47,400|벌크 병행_55,900|중고_24,000","_정품_61,230|멀티팩 정품_62,490|_벌크 + 쿨러 정품_47,400|벌크 병행_55,900|중고_24,000"
4467073,AMD 페넘II-X6 1055T (투반),"중고, 95W_25,480","중고, 95W_25,480","중고, 95W_25,480","중고, 95W_25,480","중고, 95W_25,480"
6112894,인텔 셀러론 G1830 (하스웰),"중고_1,440",0,0,0,0
2669666,인텔 셀러론 G1840 (하스웰 리프레시),"_벌크_1,950|_중고_1,490","_벌크_1,950|_중고_1,490","_벌크_1,950|_중고_1,490","_벌크_1,950|_중고_1,490","_벌크_1,950|_중고_1,490"
2783185,인텔 셀러론 G1850 (하스웰 리프레시),"_벌크_3,250|_중고_1,500","_벌크_3,250|_중고_1,500","_벌크_3,250|_중고_1,500","_벌크_3,250|_중고_1,500","_벌크_3,250|_중고_1,500"
4033502,인텔 셀러론 G3900 (스카이레이크),"벌크 + 쿨러_22,110|_벌크_3,990|_중고_3,790","벌크 + 쿨러_22,110|_벌크_3,990|_중고_3,790","벌크 + 쿨러_22,100|_벌크_3,990|_중고_3,790","벌크 + 쿨러_22,090|_벌크_3,990|_중고_3,790","벌크 + 쿨러_22,090|_벌크_3,990|_중고_3,790"
4881161,인텔 셀러론 G3930 (카비레이크),"벌크 + 쿨러_5,670|_벌크_1,590|_중고_1,480","벌크 + 쿨러_5,670|_벌크_1,590|_중고_1,480","벌크 + 쿨러_5,670|_벌크_1,590|_중고_1,480","벌크 + 쿨러_5,670|_벌크_1,590|_중고_1,480","벌크 + 쿨러_5,670|_벌크_1,590|_중고_1,480"
6060282,인텔 셀러론 G4900 (커피레이크),"_벌크 + 쿨러_21,050|벌크_5,800|해외구매_42,900|_중고_4,990","_벌크 + 쿨러_21,050|벌크_5,800|해외구매_42,900|_중고_4,990","_벌크 + 쿨러_21,040|벌크_5,800|해외구매_42,900|_중고_4,990","_벌크 + 쿨러_21,040|벌크_5,800|해외구매_42,900|_중고_4,990","_벌크 + 쿨러_21,040|벌크_5,800|해외구매_42,900|_중고_4,990"
9642015,인텔 셀러론 G4930 (커피레이크-R),"_벌크 + 쿨러_28,900|_벌크_8,290|해외구매_28,650","_벌크 + 쿨러_28,900|_벌크_8,290|해외구매_28,650","_벌크 + 쿨러_28,900|_벌크_8,290|해외구매_28,650","_벌크 + 쿨러_28,900|_벌크_8,290|해외구매_28,650","_벌크 + 쿨러_28,900|_벌크_8,290|해외구매_28,650"
1512435,인텔 셀러론 G530 (샌디브릿지),"_벌크 + 쿨러_15,790|_중고_1,890","_벌크 + 쿨러_15,780|_중고_1,890|벌크_3,410","_벌크 + 쿨러_15,780|_중고_1,890|벌크_3,410","_벌크 + 쿨러_15,780|_중고_1,890|벌크_3,410","_벌크 + 쿨러_15,780|_중고_1,890|벌크_3,410"
1705460,인텔 셀러론 G540 (샌디브릿지),"_벌크 + 쿨러_15,790|_중고_3,250|벌크_3,220","_벌크 + 쿨러_15,790|_중고_3,250|벌크_3,220","_벌크 + 쿨러_15,780|_중고_3,250|벌크_3,220","_벌크 + 쿨러_15,780|_중고_3,250|벌크_3,220","_벌크 + 쿨러_15,780|_중고_3,250|벌크_3,220"
1779781,인텔 셀러론 G550 (샌디브릿지),0,0,"중고_1,800","중고_1,800","중고_1,800"
11480157,인텔 셀러론 G5900 (코멧레이크S),"_벌크_28,990|_중고_28,820","_벌크_28,990|_중고_28,820","_벌크_28,990|_중고_28,820","_벌크_28,990|_중고_28,820","_벌크_28,990|_중고_28,820"
12122969,인텔 셀러론 G5905 (코멧레이크S),"_정품_62,000|_벌크 + 쿨러_45,530|벌크_38,720|해외구매_126,840|중고_36,000","_정품_62,000|_벌크 + 쿨러_45,000|벌크_38,710|해외구매_126,840|중고_36,000","_정품_62,000|_벌크 + 쿨러_45,000|벌크_38,710|해외구매_126,840|중고_36,000","_정품_62,000|_벌크 + 쿨러_45,000|벌크_38,710|해외구매_126,840|중고_36,000","_정품_62,000|_벌크 + 쿨러_45,000|벌크_38,710|해외구매_126,840|중고_36,000"
12387029,인텔 셀러론 G5925 (코멧레이크S),"_정품_98,640|병행수입 박스_100,020|벌크 + 쿨러_100,610|_벌크_94,770","_정품_98,640|병행수입 박스_99,960|벌크 + 쿨러_100,610|_벌크_94,770","_정품_98,640|병행수입 박스_99,950|벌크 + 쿨러_100,610|_벌크_94,760","_정품_98,640|병행수입 박스_99,940|벌크 + 쿨러_100,610|_벌크_94,750","_정품_98,640|병행수입 박스_99,940|벌크 + 쿨러_100,610|_벌크_94,700"
16233539,인텔 셀러론 G6900 (엘더레이크),"_벌크 + 쿨러_119,430|_벌크_110,220|해외구매_134,000","_벌크 + 쿨러_119,430|_벌크_110,220|해외구매_134,000","_벌크 + 쿨러_119,430|_벌크_110,220|해외구매_134,000","_벌크 + 쿨러_119,430|_벌크_110,220|해외구매_134,000","_벌크 + 쿨러_119,430|_벌크_110,220|해외구매_134,000"
15059837,인텔 제온 E 2124G (커피레이크),0,"_벌크_455,690|_벌크 + 쿨러_480,200","_벌크_455,690|_벌크 + 쿨러_480,200","_벌크_455,690|_벌크 + 쿨러_480,200","_벌크_455,690|_벌크 + 쿨러_480,200"
7271803,인텔 제온 E 2146G (커피레이크),0,"정품_598,480","정품_598,480","정품_598,480","정품_598,480"
18163370,인텔 제온 E 2174G (커피레이크),"벌크_545,690",0,0,0,0
9652455,인텔 제온 E 2224 (커피레이크-R),"_정품_630,500|_벌크 + 쿨러_375,250|벌크_591,500","정품_630,500|_벌크 + 쿨러_375,250|_벌크_485,000","정품_630,500|_벌크 + 쿨러_375,250|_벌크_485,000","정품_630,500|_벌크 + 쿨러_375,250|_벌크_485,000","정품_630,500|_벌크 + 쿨러_375,250|_벌크_485,000"
9652536,인텔 제온 E 2224G (커피레이크-R),"정품_712,000","정품_440,000","정품_440,000","정품_440,000","정품_440,000"
9652695,인텔 제온 E 2234 (커피레이크-R),0,"정품_466,000","정품_466,000","정품_466,000","정품_466,000"
14186564,인텔 제온 E3-1220 (샌디브릿지),0,0,0,0,"중고_52,000"
18158378,인텔 제온 E3-1220V5 (스카이레이크),"_해외구매_46,080|_중고_44,630","_해외구매_46,080|_중고_44,630","_해외구매_46,080|_중고_45,110","_해외구매_46,080|_중고_45,110","_해외구매_46,080|_중고_45,110"
18158663,인텔 제온 E3-1220V6 (카비레이크),"중고_112,620","중고_112,620","중고_112,870","중고_112,870","중고_112,870"
5132410,인텔 제온 E3-1225V6 (카비레이크),"정품_393,970","정품_408,000","정품_408,000","정품_408,000","정품_408,000"
5132462,인텔 제온 E3-1230V6 (카비레이크),"정품_411,380","정품_411,380","정품_411,380","정품_411,380","정품_411,380"
5132478,인텔 제온 E3-1240V6 (카비레이크),"정품_455,000","정품_455,000","정품_455,000","정품_455,000","정품_455,000"
5132511,인텔 제온 E3-1275V6 (카비레이크),"_정품_736,000|벌크_586,000|_중고_800,000","_정품_736,000|벌크_586,000|_중고_850,000","_정품_736,000|벌크_586,000|_중고_850,000","_정품_736,000|벌크_586,000|_중고_850,000","_정품_736,000|벌크_586,000|_중고_850,000"
4370096,인텔 제온 E5-2630 v4 (브로드웰-EP),"정품_770,000","정품_385,000","정품_385,000","정품_385,000","정품_385,000"
4797960,인텔 제온 E5-2680 v4 (브로드웰-EP),"_해외구매_330,000|_중고_157,000","_해외구매_330,000|_중고_157,000","_해외구매_330,000|_중고_157,000","_해외구매_330,000|_중고_157,000","_해외구매_330,000|_중고_155,870"
16909313,인텔 제온 E5-2696 v3 (하스웰-EP),"해외구매_98,700","해외구매_98,700","해외구매_98,700","해외구매_98,700","해외구매_98,700"
13501556,인텔 제온 X5680 (웨스터미어),"_해외구매_28,000|_중고_57,680","_해외구매_28,000|_중고_57,680","_해외구매_28,000|_중고_57,680","_해외구매_28,000|_중고_57,680","_해외구매_28,000|_중고_57,680"
35224235,인텔 제온 w5-2465X (사파이어 래피드),"벌크_3,705,000","벌크_3,744,000","벌크_3,744,000","벌크_3,744,000","벌크_3,744,000"
35224169,인텔 제온 w5-3435X (사파이어 래피드),"벌크_4,184,480","벌크_4,184,420","벌크_4,184,400","벌크_4,184,340","벌크_4,184,230"
35223638,인텔 제온 w7-3465X (사파이어 래피드),"벌크_4,852,000","벌크_4,875,000","벌크_4,875,000","벌크_4,875,000","벌크_4,875,000"
9308658,인텔 제온 스케일러블 골드 5218 (캐스케이드레이크),0,"정품_2,620,000","정품_2,620,000","정품_2,620,000",0
5449071,인텔 제온 스케일러블 골드 6134 (스카이레이크),0,"_정품_4,292,000|_해외구매_330,000","_정품_4,292,000|_해외구매_330,000","_정품_4,292,000|_해외구매_330,000","_정품_4,292,000|_해외구매_330,000"
5448999,인텔 제온 스케일러블 골드 6152 (스카이레이크),"_정품_3,760,000|벌크_3,310,000|_해외구매_188,000|중고_568,960","_정품_1,880,000|벌크_3,310,000|_해외구매_188,000|중고_568,960","_정품_1,880,000|벌크_3,310,000|_해외구매_188,000|중고_568,960","정품_1,880,000|벌크_3,310,000|_해외구매_188,000|_중고_568,960","_정품_1,880,000|벌크_3,310,000|_해외구매_188,000|중고_564,710"
9307587,인텔 제온 스케일러블 골드 6242 (캐스케이드레이크),"_정품_4,592,900|_벌크_3,849,000|해외구매_3,849,000","_정품_4,527,000|_벌크_2,200,000|해외구매_3,849,000","_정품_4,527,000|_벌크_2,200,000|해외구매_3,849,000","_정품_4,527,000|_벌크_2,200,000|해외구매_3,849,000","_정품_4,527,000|_벌크_2,200,000|해외구매_3,849,000"
18599837,인텔 제온 스케일러블 골드 6242R (캐스케이드레이크),"_벌크_3,500,000|_해외구매_3,876,000","_벌크_3,500,000|_해외구매_3,250,000","_벌크_3,500,000|_해외구매_3,250,000","_벌크_3,500,000|_해외구매_3,250,000","_벌크_3,500,000|_해외구매_3,250,000"
15065864,인텔 제온 스케일러블 골드 6348H (쿠퍼레이크),0,"정품_4,763,450","정품_4,763,450","정품_4,763,450","정품_4,763,450"
70153370,인텔 제온 스케일러블 골드 6526Y (에메랄드 래피드),"벌크_4,980,000","벌크_4,980,000","벌크_4,980,000","벌크_4,980,000","벌크_4,980,000"
5449308,인텔 제온 스케일러블 브론즈 3104 (스카이레이크),0,"_정품_400,000|_벌크_200,000","_정품_400,000|_벌크_200,000","_정품_400,000|_벌크_200,000","_정품_400,000|_벌크_200,000"
76071515,인텔 제온 스케일러블 브론즈 3206R (캐스케이드레이크),"중고_30,000","중고_30,000","중고_30,000","중고_30,000","중고_30,000"
14748134,인텔 제온 스케일러블 실버 4110 (스카이레이크),"벌크_456,500|_중고_35,000|_해외구매_25,400","_벌크_456,500|중고_35,000|_해외구매_25,400","_벌크_456,500|중고_35,000|_해외구매_25,400","_벌크_456,500|중고_35,000|_해외구매_25,400","_벌크_456,500|중고_35,000|_해외구매_25,400"
18158993,인텔 제온 스케일러블 실버 4112 (스카이레이크),"_벌크_98,000|_해외구매_613,000","_벌크_98,000|_해외구매_613,000","_벌크_98,000|_해외구매_613,000","_벌크_98,000|_해외구매_613,000","_벌크_98,000|_해외구매_613,000"
5449256,인텔 제온 스케일러블 실버 4114 (스카이레이크),"정품_1,010,000|_해외구매_20,530|_벌크_198,720","정품_1,010,000|_해외구매_20,530|_벌크_198,720","정품_1,010,000|_해외구매_20,530|_벌크_198,720","정품_1,010,000|_해외구매_20,530|_벌크_198,720","정품_1,010,000|_해외구매_20,530|_벌크_198,720"
5449199,인텔 제온 스케일러블 실버 4116 (스카이레이크),0,"_정품_2,100,000|_중고_49,000","_정품_2,100,000|_중고_49,000","_정품_2,100,000|_중고_49,000","_정품_2,100,000|_중고_49,000"
9309363,인텔 제온 스케일러블 실버 4208 (캐스케이드레이크),"정품_740,000|_벌크_264,000|_중고_200,000","정품_550,000|_벌크_264,000|_중고_200,000","정품_550,000|_벌크_264,000|_중고_200,000","정품_550,000|_벌크_264,000|_중고_200,000","정품_550,000|_벌크_264,000|_중고_200,000"
17241737,인텔 제온 스케일러블 실버 4210R (캐스케이드레이크),"벌크_305,000","벌크_305,000","벌크_356,000","벌크_356,000","벌크_356,000"
15062594,인텔 제온 스케일러블 실버 4310 (아이스레이크),0,"_정품_1,977,000|_병행수입_1,366,100","_정품_1,977,000|_병행수입_1,366,100","_정품_1,977,000|_병행수입_1,366,100","_정품_1,977,000|_병행수입_1,366,100"
15069152,인텔 제온 스케일러블 플래티넘 8368Q (아이스레이크),0,"정품_14,472,250","정품_14,472,250","정품_14,472,250",0
15070688,인텔 제온 스케일러블 플래티넘 8376HL (쿠퍼레이크),0,"정품_20,130,580","정품_20,130,580","정품_20,130,580","정품_20,130,580"
15069791,인텔 제온 스케일러블 플래티넘 8380 (아이스레이크),0,"정품_19,042,440","정품_19,042,440","정품_19,042,440",0
15070739,인텔 제온 스케일러블 플래티넘 8380HL (쿠퍼레이크),"정품_21,653,970","정품_11,000,000","정품_11,000,000","정품_11,000,000","정품_11,000,000"
70153127,인텔 제온 스케일러블 플래티넘 8568Y+ (에메랄드 래피드),"벌크_9,736,090","벌크_9,736,090","벌크_9,736,090","벌크_9,736,090","벌크_9,736,090"
93499739,인텔 코어 울트라5 시리즈2 225 (애로우레이크),"_정품_277,930|_벌크 정품_230,190|벌크 병행_224,140","_정품_276,880|_벌크 정품_231,810|벌크 병행_224,020","_정품_276,870|_벌크 정품_231,810|벌크 병행_224,010","_정품_276,870|_벌크 정품_231,810|벌크 병행_224,010","_정품_276,870|_벌크 정품_231,810|벌크 병행_224,010"
74123084,인텔 코어 울트라5 시리즈2 225 (애로우레이크),"_정품_277,930|_벌크 정품_230,190|벌크 병행_224,140","_정품_276,880|_벌크 정품_231,810|벌크 병행_224,020","_정품_276,870|_벌크 정품_231,810|벌크 병행_224,010","_정품_276,870|_벌크 정품_231,810|벌크 병행_224,010","_정품_276,870|_벌크 정품_231,810|벌크 병행_224,010"
76791428,인텔 코어 울트라5 시리즈2 225F (애로우레이크),"_정품_212,850|벌크 정품_204,830|_벌크 병행_184,290","_정품_212,310|벌크 정품_204,750|_벌크 병행_184,290","_정품_212,310|벌크 정품_204,710|_벌크 병행_186,190","_정품_212,310|벌크 정품_204,690|_벌크 병행_186,990","_정품_212,310|벌크 정품_204,670|_벌크 병행_186,990"
74123111,인텔 코어 울트라5 시리즈2 225F (애로우레이크),"_정품_212,850|벌크 정품_204,830|_벌크 병행_184,290","_정품_212,310|벌크 정품_204,750|_벌크 병행_184,290","_정품_212,310|벌크 정품_204,710|_벌크 병행_186,190","_정품_212,310|벌크 정품_204,690|_벌크 병행_186,990","_정품_212,310|벌크 정품_204,670|_벌크 병행_186,990"
96584438,인텔 코어 울트라5 시리즈2 225T (애로우레이크),"벌크_487,310","벌크_487,310","벌크_487,310","벌크_487,310","벌크_487,310"
79404794,인텔 코어 울트라5 시리즈2 235 (애로우레이크),"_정품_411,000|_벌크_365,430|벌크+쿨러_421,500","_정품_411,000|_벌크_373,000|벌크+쿨러_421,500","_정품_411,000|_벌크_373,000|벌크+쿨러_421,500","_정품_411,000|_벌크_373,000|벌크+쿨러_421,500","_정품_411,000|_벌크_373,000|벌크+쿨러_421,500"
74123036,인텔 코어 울트라5 시리즈2 235 (애로우레이크),"_정품_411,000|_벌크_365,430|벌크+쿨러_421,500","_정품_411,000|_벌크_373,000|벌크+쿨러_421,500","_정품_411,000|_벌크_373,000|벌크+쿨러_421,500","_정품_411,000|_벌크_373,000|벌크+쿨러_421,500","_정품_411,000|_벌크_373,000|벌크+쿨러_421,500"
96584405,인텔 코어 울트라5 시리즈2 235T (애로우레이크),"벌크_508,990","벌크_508,990","벌크_508,990","벌크_508,990","벌크_508,990"
93500243,인텔 코어 울트라5 시리즈2 245 (애로우레이크),"벌크_368,000","벌크_368,000","벌크_368,000","벌크_368,000","벌크_368,000"
71161229,인텔 코어 울트라5 시리즈2 245K (애로우레이크),"_정품_320,220|_벌크_255,100","_정품_315,190|_벌크_254,700","_정품_315,190|_벌크_254,690","_정품_315,190|_벌크_252,750","_정품_315,190|_벌크_252,750"
69059753,인텔 코어 울트라5 시리즈2 245K (애로우레이크),"_정품_315,250|_벌크_255,100","_정품_315,190|_벌크_254,700","_정품_315,190|_벌크_254,690","_정품_315,190|_벌크_252,750","_정품_315,190|_벌크_252,750"
71161580,인텔 코어 울트라5 시리즈2 245KF (애로우레이크),"_정품_289,650|_벌크_235,690","_정품_289,650|_벌크_235,690","_정품_289,640|_벌크_235,690","_정품_289,640|_벌크_235,690","_정품_289,640|_벌크_235,690"
69059771,인텔 코어 울트라5 시리즈2 245KF (애로우레이크),"_정품_289,650|_벌크_235,690","_정품_289,650|_벌크_235,690","_정품_289,640|_벌크_235,690","_정품_289,640|_벌크_235,690","_정품_289,640|_벌크_235,690"
108463454,인텔 코어 울트라5 시리즈2 250K Plus (애로우레이크 리프레시),"_정품_336,010|벌크 정품_322,500|_벌크 병행_313,300","_정품_335,990|벌크 정품_317,690|_벌크 병행_313,300","_정품_335,990|벌크 정품_317,690|_벌크 병행_313,300","_정품_335,990|벌크 정품_317,690|_벌크 병행_313,300","_정품_335,990|벌크 정품_317,690|_벌크 병행_313,300"
108424451,인텔 코어 울트라5 시리즈2 250K Plus (애로우레이크 리프레시),"_정품_336,010|벌크 정품_322,500|_벌크 병행_313,300","_정품_335,990|벌크 정품_317,690|_벌크 병행_313,300","_정품_335,990|벌크 정품_317,690|_벌크 병행_313,300","_정품_335,990|벌크 정품_317,690|_벌크 병행_313,300","_정품_335,990|벌크 정품_317,690|_벌크 병행_313,300"
108463448,인텔 코어 울트라5 시리즈2 250KF Plus (애로우레이크 리프레시),"_정품_326,650|벌크 정품_285,920|_벌크 병행_279,950","_정품_325,500|벌크 정품_284,870|_벌크 병행_279,890","_정품_325,500|벌크 정품_284,870|_벌크 병행_279,490","_정품_325,500|벌크 정품_284,870|_벌크 병행_279,490","_정품_325,500|벌크 정품_284,870|_벌크 병행_279,490"
108424457,인텔 코어 울트라5 시리즈2 250KF Plus (애로우레이크 리프레시),"_정품_326,650|벌크 정품_285,920|_벌크 병행_279,950","_정품_325,500|벌크 정품_284,870|_벌크 병행_279,890","_정품_325,500|벌크 정품_284,870|_벌크 병행_279,490","_정품_325,500|벌크 정품_284,870|_벌크 병행_279,490","_정품_325,500|벌크 정품_284,870|_벌크 병행_279,490"
96583772,인텔 코어 울트라7 시리즈2 265 (애로우레이크),"벌크 + 쿨러_540,650|_정품_559,000|_벌크_438,000","벌크 + 쿨러_540,640|_정품_559,000|_벌크_438,000","벌크 + 쿨러_536,360|_정품_559,000|_벌크_438,000","벌크 + 쿨러_536,360|_정품_559,000|_벌크_438,000","벌크 + 쿨러_536,360|_정품_559,000|_벌크_438,000"
96583820,인텔 코어 울트라7 시리즈2 265 (애로우레이크),"벌크 + 쿨러_540,650|_정품_559,000|_벌크_438,000","벌크 + 쿨러_540,640|_정품_559,000|_벌크_438,000","벌크 + 쿨러_536,360|_정품_559,000|_벌크_438,000","벌크 + 쿨러_536,360|_정품_559,000|_벌크_438,000","벌크 + 쿨러_536,360|_정품_559,000|_벌크_438,000"
78387320,인텔 코어 울트라7 시리즈2 265F (애로우레이크),"_정품_534,000|벌크 + 쿨러_508,870|_벌크_490,910","_정품_534,000|벌크 + 쿨러_503,030|_벌크_487,600","_정품_534,000|벌크 + 쿨러_503,440|_벌크_487,600","_정품_534,000|벌크 + 쿨러_503,440|_벌크_487,600","_정품_534,000|벌크 + 쿨러_503,440|_벌크_487,600"
74122937,인텔 코어 울트라7 시리즈2 265F (애로우레이크),"_정품_534,000|벌크 + 쿨러_508,870|_벌크_490,910","_정품_534,000|벌크 + 쿨러_503,030|_벌크_487,600","_정품_534,000|벌크 + 쿨러_503,440|_벌크_487,600","_정품_534,000|벌크 + 쿨러_503,440|_벌크_487,600","_정품_534,000|벌크 + 쿨러_503,440|_벌크_487,600"
71161142,인텔 코어 울트라7 시리즈2 265K (애로우레이크),"_정품_508,000|_벌크_401,820|벌크+쿨러_447,760","_정품_508,000|_벌크_401,730|벌크+쿨러_447,760","_정품_508,000|_벌크_401,670|벌크+쿨러_447,760","_정품_508,000|_벌크_401,650|벌크+쿨러_447,760","_정품_508,000|_벌크_401,650|벌크+쿨러_447,760"
69059687,인텔 코어 울트라7 시리즈2 265K (애로우레이크),"_정품_508,000|_벌크_401,820|벌크+쿨러_447,760","_정품_508,000|_벌크_401,730|벌크+쿨러_447,760","_정품_508,000|_벌크_401,670|벌크+쿨러_447,760","_정품_508,000|_벌크_401,650|벌크+쿨러_447,760","_정품_508,000|_벌크_401,650|벌크+쿨러_447,760"
71161169,인텔 코어 울트라7 시리즈2 265KF (애로우레이크),"_정품_510,000|_벌크_389,440","_정품_510,000|_벌크_389,350","_정품_510,000|_벌크_389,300","_정품_510,000|_벌크_389,280","_정품_510,000|_벌크_389,260"
69059723,인텔 코어 울트라7 시리즈2 265KF (애로우레이크),"_정품_510,000|_벌크_389,440","_정품_510,000|_벌크_389,350","_정품_510,000|_벌크_389,300","_정품_510,000|_벌크_389,280","_정품_510,000|_벌크_389,260"
96584015,인텔 코어 울트라7 시리즈2 265T (애로우레이크),"벌크_734,990","벌크_734,990","벌크_734,990","벌크_734,990","벌크_734,990"
108463445,인텔 코어 울트라7 시리즈2 270K Plus (애로우레이크 리프레시),"_정품_497,240|_벌크 정품_478,580|벌크 병행_470,000","_정품_497,190|_벌크 정품_478,580|벌크 병행_474,420","_정품_497,190|_벌크 정품_478,580|벌크 병행_475,000","_정품_497,190|_벌크 정품_478,580|벌크 병행_475,000","_정품_497,190|_벌크 정품_478,580|벌크 병행_475,000"
108424286,인텔 코어 울트라7 시리즈2 270K Plus (애로우레이크 리프레시),"_정품_497,240|_벌크 정품_478,580|","_정품_497,190|_벌크 정품_478,580|","_정품_497,190|_벌크 정품_478,580|","_정품_497,190|_벌크 정품_478,580|","_정품_497,190|_벌크 정품_478,580|"
78387125,인텔 코어 울트라9 시리즈2 285 (애로우레이크),"_정품_904,000|벌크 + 쿨러_818,630|_벌크_762,580","_정품_904,000|벌크 + 쿨러_818,630|_벌크_762,580","_정품_904,000|벌크 + 쿨러_818,630|_벌크_762,570","_정품_904,000|벌크 + 쿨러_818,630|_벌크_762,570","_정품_904,000|벌크 + 쿨러_818,630|_벌크_762,560"
74122559,인텔 코어 울트라9 시리즈2 285 (애로우레이크),"_정품_904,000|벌크 + 쿨러_818,630|_벌크_762,580","_정품_904,000|벌크 + 쿨러_818,630|_벌크_762,580","_정품_904,000|벌크 + 쿨러_818,630|_벌크_762,570","_정품_904,000|벌크 + 쿨러_818,630|_벌크_762,570","_정품_904,000|벌크 + 쿨러_818,630|_벌크_762,560"
71161073,인텔 코어 울트라9 시리즈2 285K (애로우레이크),"_정품_923,990|_벌크_703,030|벌크+쿨러_819,000","_정품_923,990|_벌크_708,330|벌크+쿨러_819,000","_정품_923,990|_벌크_708,330|벌크+쿨러_819,000","_정품_923,990|_벌크_708,330|벌크+쿨러_819,000","_정품_923,990|_벌크_708,330|벌크+쿨러_819,000"
69059459,인텔 코어 울트라9 시리즈2 285K (애로우레이크),"_정품_923,990|_벌크_703,030|벌크+쿨러_819,000","_정품_923,990|_벌크_708,330|벌크+쿨러_819,000","_정품_923,990|_벌크_708,330|벌크+쿨러_819,000","_정품_923,990|_벌크_708,330|벌크+쿨러_819,000","_정품_923,990|_벌크_708,330|벌크+쿨러_819,000"
96583643,인텔 코어 울트라9 시리즈2 285T (애로우레이크),"벌크_993,230","벌크_993,230","벌크_993,230","벌크_993,230","벌크_993,230"
4147168,인텔 코어2듀오 E7500 (울프데일),"중고_1,380","중고_1,300","중고_1,300","중고_1,300","중고_1,300"
4144290,인텔 코어2듀오 E8400 (울프데일),"중고_2,990","중고_2,990",0,0,0
686511,인텔 코어2쿼드 Q6600 (켄츠필드),"_벌크_6,950|_중고_6,520","_벌크_6,950|_중고_6,520","_벌크_6,950|_중고_6,520","_벌크_6,950|_중고_6,520","_벌크_6,950|_중고_6,520"
4144483,인텔 코어2쿼드 Q8400 (요크필드),"중고_7,700",0,0,0,0
4148284,인텔 코어2쿼드 Q9300 (요크필드),0,"중고_9,070","중고_9,070",0,0
4144494,인텔 코어2쿼드 Q9550 (요크필드),0,0,"중고_50,000","중고_50,000","중고_50,000"
6746998,인텔 코어X-시리즈 i7-9800X (스카이레이크),"정품_758,990","정품_758,990","정품_758,990","정품_758,990","정품_758,990"
11021298,인텔 코어X-시리즈 i9-10900X (캐스케이드레이크),"벌크_517,830","벌크_517,830","벌크_517,830","벌크_517,830","벌크_517,830"
6929425,인텔 코어X-시리즈 i9-9940X (스카이레이크),"정품_939,630","정품_939,630","정품_939,630","정품_939,630","정품_939,630"
11480511,인텔 코어i3-10세대 10100 (코멧레이크S),"벌크 + 쿨러_159,890|_벌크_151,220|_중고_96,900","벌크 + 쿨러_159,890|_벌크_151,220|_중고_130,000","벌크 + 쿨러_159,890|_벌크_151,220|_중고_130,000","벌크 + 쿨러_159,890|_벌크_153,620|_중고_130,000","벌크 + 쿨러_159,890|_벌크_153,620|_중고_130,000"
12487424,인텔 코어i3-10세대 10100F (코멧레이크S),"_정품_102,000|병행수입 박스_109,500|벌크 + 쿨러_109,500|_벌크_90,472|중고_89,000","_정품_102,000|병행수입 박스_109,440|벌크 + 쿨러_109,440|_벌크_90,472|중고_89,000","_정품_102,000|병행수입 박스_109,430|벌크 + 쿨러_109,410|_벌크_92,000|중고_89,000","_정품_102,000|병행수입 박스_109,420|벌크 + 쿨러_109,410|_벌크_92,000|중고_89,000","_정품_102,000|병행수입 박스_109,410|벌크 + 쿨러_109,410|_벌크_92,000|중고_89,000"
14409497,인텔 코어i3-10세대 10105 (코멧레이크S 리프레시),"벌크_152,261","벌크_152,261","벌크_155,280","벌크_155,280","벌크_155,280"
13753334,인텔 코어i3-10세대 10105F (코멧레이크S 리프레시),"정품_110,000|_벌크 + 쿨러_106,880|_벌크_90,860|중고_79,000","정품_110,000|_벌크 + 쿨러_106,880|_벌크_90,860|중고_79,000","정품_110,000|_벌크 + 쿨러_106,880|_벌크_90,850|중고_79,000","정품_110,000|_벌크 + 쿨러_106,880|_벌크_90,850|중고_79,000","정품_110,000|_벌크 + 쿨러_106,880|_벌크_90,850|중고_79,000"
16101083,인텔 코어i3-12세대 12100 (엘더레이크),"_정품_185,940|벌크 + 쿨러_161,800|_벌크_149,750|해외구매_290,090","_정품_185,820|벌크 + 쿨러_161,800|_벌크_149,750|해외구매_290,090","_정품_184,970|벌크 + 쿨러_161,800|_벌크_149,750|해외구매_290,090","_정품_184,950|벌크 + 쿨러_161,800|_벌크_149,750|해외구매_290,090","_정품_184,950|벌크 + 쿨러_161,800|_벌크_149,750|해외구매_290,090"
16101179,인텔 코어i3-12세대 12100F (엘더레이크),"_정품_189,990|벌크 + 쿨러_128,290|_벌크_115,840|해외구매_150,940","_정품_189,990|벌크 + 쿨러_127,660|_벌크_115,510|해외구매_150,940","_정품_189,990|벌크 + 쿨러_127,580|_벌크_115,500|해외구매_150,940","_정품_189,990|벌크 + 쿨러_127,520|_벌크_115,500|해외구매_150,940","_정품_189,990|벌크 + 쿨러_127,460|_벌크_115,500|해외구매_150,940"
16393682,인텔 코어i3-12세대 12100T (엘더레이크),"벌크_208,000","벌크_208,000","벌크_208,000","벌크_208,000","벌크_208,000"
18640205,인텔 코어i3-13세대 13100 (랩터레이크),"_정품_497,990|벌크 + 쿨러_166,150|_벌크_155,030","_정품_497,990|벌크 + 쿨러_166,150|_벌크_155,010","_정품_497,990|벌크 + 쿨러_166,150|_벌크_155,010","_정품_497,990|벌크 + 쿨러_166,150|_벌크_155,010","_정품_497,990|벌크 + 쿨러_166,150|_벌크_155,010"
18702614,인텔 코어i3-13세대 13100F (랩터레이크),"_벌크 + 쿨러_208,000|_벌크_188,000|해외구매_174,980","_벌크 + 쿨러_208,000|_벌크_188,000|해외구매_174,980","_벌크 + 쿨러_208,000|_벌크_188,000|해외구매_174,980","_벌크 + 쿨러_208,000|_벌크_188,000|해외구매_174,980","_벌크 + 쿨러_208,000|_벌크_188,000|해외구매_174,980"
32102738,인텔 코어i3-14세대 14100 (랩터레이크 리프레시),"_정품_192,710|벌크 정품_173,410|_벌크 병행_149,690|해외구매_358,830","_정품_192,690|벌크 정품_173,410|_벌크 병행_149,690|해외구매_358,830","_정품_192,690|벌크 정품_164,400|_벌크 병행_149,680|해외구매_358,830","_정품_192,690|벌크 정품_164,400|_벌크 병행_149,680|해외구매_358,830","_정품_192,690|벌크 정품_164,400|_벌크 병행_149,670|해외구매_358,830"
32038820,인텔 코어i3-14세대 14100 (랩터레이크 리프레시),"_정품_192,710|벌크 정품_173,410|_벌크 병행_149,690|해외구매_358,830","_정품_192,690|벌크 정품_173,410|_벌크 병행_149,690|해외구매_358,830","_정품_192,690|벌크 정품_164,400|_벌크 병행_149,680|해외구매_358,830","_정품_192,690|벌크 정품_164,400|_벌크 병행_149,680|해외구매_358,830","_정품_192,690|벌크 정품_164,400|_벌크 병행_149,670|해외구매_358,830"
32102672,인텔 코어i3-14세대 14100F (랩터레이크 리프레시),"_정품_152,080|벌크 + 쿨러_130,550|_벌크_120,620|해외구매_215,820","_정품_151,580|_벌크 + 쿨러_130,550|벌크_120,620|해외구매_215,820","_정품_151,580|벌크 + 쿨러_130,550|_벌크_120,620|해외구매_215,820","_정품_151,580|벌크 + 쿨러_130,550|_벌크_120,620|해외구매_215,820","_정품_151,580|벌크 + 쿨러_130,550|_벌크_120,620|해외구매_215,820"
32038895,인텔 코어i3-14세대 14100F (랩터레이크 리프레시),"_정품_152,080|벌크 + 쿨러_130,550|_벌크_120,620|해외구매_215,820","_정품_151,580|_벌크 + 쿨러_130,550|벌크_120,620|해외구매_215,820","_정품_151,580|벌크 + 쿨러_130,550|_벌크_120,620|해외구매_215,820","_정품_151,580|벌크 + 쿨러_130,550|_벌크_120,620|해외구매_215,820","_정품_151,580|벌크 + 쿨러_130,550|_벌크_120,620|해외구매_215,820"
32464280,인텔 코어i3-14세대 14100T (랩터레이크 리프레시),"벌크_281,280","벌크_281,280","벌크_281,280","벌크_281,280","벌크_281,280"
4148188,인텔 코어i3-1세대 540 (클락데일),"중고_3,270",0,0,0,0
4146391,인텔 코어i3-1세대 550 (클락데일),"중고_3,290","중고_3,290","중고_3,290",0,0
1376125,인텔 코어i3-2세대 2100 (샌디브릿지),"_벌크_3,600|_중고_2,400","_벌크_3,600|_중고_2,280","_벌크_3,600|_중고_2,230","_벌크_3,600|_중고_2,230","_벌크_3,600|_중고_2,230"
4144570,인텔 코어i3-2세대 2120 (샌디브릿지),"중고_3,900","중고_2,290",0,0,0
1780774,인텔 코어i3-3세대 3220 (아이비브릿지),"_벌크_4,590|_중고_2,890","_벌크_4,590|_중고_2,890","_벌크_4,590|_중고_2,890","_벌크_4,590|_중고_2,890","_벌크_4,590|_중고_2,890"
1783681,인텔 코어i3-3세대 3240 (아이비브릿지),"중고_3,340","중고_3,340","중고_3,340","중고_3,340","중고_3,340"
2216335,인텔 코어i3-4세대 4130 (하스웰),"_벌크_3,890|_중고_3,890","_벌크_3,890|_중고_3,890","_벌크_3,890|_중고_3,890","_벌크_3,890|_중고_3,890","_벌크_3,890|_중고_3,890"
4954420,인텔 코어i3-4세대 4150 (하스웰 리프레시),"_중고_3,490|벌크 + 쿨러_8,290|_벌크_3,990","_중고_3,490|벌크 + 쿨러_8,290|_벌크_3,990","_중고_3,490|벌크 + 쿨러_8,290|_벌크_3,990","_중고_3,490|벌크 + 쿨러_8,290|_벌크_3,990","_중고_3,490|벌크 + 쿨러_8,290|_벌크_3,990"
2783204,인텔 코어i3-4세대 4160 (하스웰 리프레시),"병행수입 박스_142,990|벌크 + 쿨러_7,900|_벌크_3,710|_중고_3,650","병행수입 박스_142,990|벌크 + 쿨러_7,900|_벌크_3,710|_중고_3,650","병행수입 박스_142,990|벌크 + 쿨러_7,900|_벌크_3,710|_중고_3,650","병행수입 박스_142,990|벌크 + 쿨러_7,900|_벌크_3,710|_중고_3,650","병행수입 박스_142,990|벌크 + 쿨러_7,900|_벌크_3,710|_중고_3,650"
3116506,인텔 코어i3-4세대 4170 (하스웰 리프레시),"_벌크 + 쿨러_8,640|벌크_11,460|_중고_4,440","_벌크 + 쿨러_8,640|벌크_11,460|_중고_4,440","_벌크 + 쿨러_8,640|벌크_11,460|_중고_4,440","_벌크 + 쿨러_8,640|벌크_11,460|_중고_4,440","_벌크 + 쿨러_8,640|벌크_11,460|_중고_4,440"
6112499,인텔 코어i3-4세대 4330 (하스웰),"중고_13,930","중고_13,930","중고_13,930","중고_13,930","중고_13,930"
6112509,인텔 코어i3-4세대 4370 (하스웰 리프레시),"중고_13,390","중고_13,390","중고_13,390","중고_13,390","중고_13,390"
3471458,인텔 코어i3-6세대 6100 (스카이레이크),"벌크 + 쿨러_7,620|_벌크_2,970|_중고_2,890","_벌크 + 쿨러_7,620|벌크_2,970|_중고_2,890","_벌크 + 쿨러_7,620|벌크_2,970|_중고_2,890","_벌크 + 쿨러_7,620|벌크_2,970|_중고_2,890","_벌크 + 쿨러_7,620|벌크_2,970|_중고_2,890"
3493032,인텔 코어i3-6세대 6300 (스카이레이크),"_벌크_10,870|_중고_10,180","_벌크_10,870|_중고_10,180","_벌크_10,870|_중고_10,180","_벌크_10,870|_중고_10,180","_벌크_10,870|_중고_10,180"
3493081,인텔 코어i3-6세대 6320 (스카이레이크),"_벌크_16,420|_중고_16,070","_벌크_16,420|_중고_16,070","_벌크_16,420|_중고_16,070","_벌크_16,420|_중고_16,070","_벌크_16,420|_중고_16,070"
4880955,인텔 코어i3-7세대 7100 (카비레이크),"_벌크 + 쿨러_10,970|벌크_7,500|해외구매_95,970|_중고_4,900","_벌크 + 쿨러_10,970|벌크_7,500|해외구매_95,970|_중고_4,900","_벌크 + 쿨러_10,970|벌크_7,500|해외구매_95,970|_중고_4,900","_벌크 + 쿨러_10,970|벌크_7,500|해외구매_95,970|_중고_4,900","_벌크 + 쿨러_10,970|벌크_7,500|해외구매_95,970|_중고_4,900"
5221454,인텔 코어i3-7세대 7320 (카비레이크),"_벌크_23,310|_중고_25,360","_벌크_23,310|_중고_25,290","_벌크_23,310|_중고_25,290","_벌크_23,310|_중고_25,290","_벌크_23,310|_중고_25,290"
5569026,인텔 코어i3-8세대 8100 (커피레이크),"벌크 + 쿨러_33,020|_벌크_27,190|해외구매_115,530|_중고_21,900","벌크 + 쿨러_33,010|_벌크_27,190|해외구매_115,530|_중고_21,900","벌크 + 쿨러_33,010|_벌크_27,190|해외구매_115,530|_중고_21,900","벌크 + 쿨러_33,010|_벌크_27,190|해외구매_115,530|_중고_21,900","벌크 + 쿨러_33,010|_벌크_27,190|해외구매_115,530|_중고_21,900"
10864506,인텔 코어i3-9세대 9100 (커피레이크-R),"_벌크 + 쿨러_62,360|벌크_42,300|해외구매_136,110|_중고_36,260","_벌크 + 쿨러_62,360|벌크_42,300|해외구매_136,110|_중고_36,260","_벌크 + 쿨러_62,360|벌크_42,300|해외구매_136,110|_중고_36,260","_벌크 + 쿨러_62,360|벌크_42,300|해외구매_136,110|_중고_36,260","_벌크 + 쿨러_62,330|벌크_42,300|해외구매_136,110|_중고_36,260"
7914736,인텔 코어i3-9세대 9100F (커피레이크-R),"_정품_75,130|벌크 + 쿨러_51,570|벌크_28,910|해외구매_54,100|_중고_25,690","_정품_75,080|벌크 + 쿨러_51,540|벌크_28,910|해외구매_54,100|_중고_25,690","_정품_75,080|벌크 + 쿨러_51,540|벌크_28,910|해외구매_54,100|_중고_25,690","_정품_75,080|벌크 + 쿨러_51,540|벌크_28,910|해외구매_54,100|_중고_25,690","_정품_75,080|벌크 + 쿨러_51,540|벌크_28,910|해외구매_54,100|_중고_25,690"
11480010,인텔 코어i5-10세대 10400 (코멧레이크S),"_벌크 + 쿨러_179,440|_벌크_169,990|중고_163,670","_벌크 + 쿨러_180,540|_벌크_171,220|중고_162,750","_벌크 + 쿨러_180,540|_벌크_171,220|중고_162,750","_벌크 + 쿨러_180,540|_벌크_171,220|중고_162,740","_벌크 + 쿨러_180,540|_벌크_171,220|중고_162,740"
11489973,인텔 코어i5-10세대 10400F (코멧레이크S),"_정품_173,370|병행수입 박스_179,350|_벌크 + 쿨러_172,340|벌크_161,500|해외구매_168,390|중고_144,000","_정품_173,370|병행수입 박스_179,350|_벌크 + 쿨러_172,340|벌크_161,500|해외구매_165,410|중고_142,000","_정품_173,370|병행수입 박스_181,260|_벌크 + 쿨러_172,340|벌크_161,500|해외구매_165,410|중고_142,000","_정품_173,370|병행수입 박스_181,260|벌크 + 쿨러_172,340|_벌크_161,500|해외구매_165,410|중고_142,000","_정품_173,370|병행수입 박스_181,260|벌크 + 쿨러_172,340|_벌크_161,500|해외구매_165,410|중고_142,000"
11480766,인텔 코어i5-10세대 10500 (코멧레이크S),"_벌크 + 쿨러_189,590|_벌크_164,600|중고_164,600","_벌크 + 쿨러_189,590|_벌크_163,680|중고_163,680","_벌크 + 쿨러_189,590|_벌크_164,510|중고_163,680","_벌크 + 쿨러_189,590|_벌크_164,390|중고_163,670","_벌크 + 쿨러_189,590|_벌크_164,330|중고_163,670"
11481858,인텔 코어i5-10세대 10600K (코멧레이크S),"_벌크 + 쿨러_209,200|_벌크_202,370|해외구매_288,690|중고_202,480","_벌크 + 쿨러_209,200|_벌크_202,370|해외구매_288,690|중고_202,480","_벌크 + 쿨러_209,200|_벌크_202,370|해외구매_288,690|중고_202,480","_벌크 + 쿨러_209,200|_벌크_202,370|해외구매_288,690|중고_202,480","_벌크 + 쿨러_209,200|_벌크_202,370|해외구매_288,690|중고_202,480"
12110750,인텔 코어i5-10세대 10600KF (코멧레이크S),"_벌크 + 쿨러_169,710|_벌크_163,380|해외구매_170,510","_벌크 + 쿨러_169,710|_벌크_163,380|해외구매_167,610","_벌크 + 쿨러_169,710|_벌크_163,380|해외구매_167,610","_벌크 + 쿨러_169,710|_벌크_163,380|해외구매_167,610","_벌크 + 쿨러_169,710|_벌크_163,380|해외구매_167,610"
13809185,인텔 코어i5-11세대 11400 (로켓레이크S),"_벌크_216,600|해외구매_418,900|_중고_197,000","_벌크_210,600|해외구매_418,900|_중고_197,000","_벌크_220,000|해외구매_418,900|_중고_197,000","_벌크_220,000|해외구매_418,900|_중고_197,000","_벌크_211,040|해외구매_418,900|_중고_197,000"
13824374,인텔 코어i5-11세대 11400F (로켓레이크S),"벌크_461,990|_중고_176,990|_해외구매_165,720","벌크_461,990|_중고_176,990|_해외구매_165,720","벌크_461,990|_중고_176,990|_해외구매_165,720","벌크_461,990|_중고_176,990|_해외구매_165,720","_벌크_461,990|중고_176,990|_해외구매_165,720"
13809269,인텔 코어i5-11세대 11500 (로켓레이크S),"벌크_222,450","벌크_222,450","벌크_225,000","벌크_225,000","벌크_225,000"
14096219,인텔 코어i5-11세대 11600KF (로켓레이크S),"해외구매_229,510","해외구매_229,510","해외구매_229,510","해외구매_229,510","해외구매_229,510"
16101326,인텔 코어i5-12세대 12400 (엘더레이크),"_정품_269,970|벌크 + 쿨러_209,880|_벌크_196,930|해외구매_288,610","_정품_269,960|벌크 + 쿨러_209,870|_벌크_196,920|해외구매_288,610","_정품_269,960|벌크 + 쿨러_209,870|_벌크_196,910|해외구매_288,610","_정품_269,960|벌크 + 쿨러_209,870|_벌크_196,910|해외구매_288,610","_정품_269,960|벌크 + 쿨러_209,870|_벌크_196,910|해외구매_288,610"
16101353,인텔 코어i5-12세대 12400F (엘더레이크),"_정품_217,210||_벌크_159,860|해외구매_196,460","_정품_217,090||_벌크_159,860|해외구매_196,460","_정품_216,000||_벌크_159,860|해외구매_196,460","_정품_216,000||_벌크_159,860|해외구매_196,460","_정품_216,000||_벌크_159,860|해외구매_196,460"
16101398,인텔 코어i5-12세대 12500 (엘더레이크),"_정품_363,420|벌크 + 쿨러_378,060|_벌크_353,180|해외구매_434,500","_정품_363,420|벌크 + 쿨러_355,820|_벌크_343,110|해외구매_434,500","_정품_363,420|벌크 + 쿨러_355,820|_벌크_343,110|해외구매_434,500","_정품_363,420|벌크 + 쿨러_355,820|_벌크_343,110|해외구매_434,500","_정품_363,420|벌크 + 쿨러_355,820|_벌크_343,110|해외구매_434,500"
16393835,인텔 코어i5-12세대 12500T (엘더레이크),"벌크_377,990","벌크_377,990","벌크_377,990","벌크_377,990","벌크_377,990"
16232990,인텔 코어i5-12세대 12600 (엘더레이크),"_벌크 + 쿨러_442,000|_벌크_300,000","_벌크 + 쿨러_442,000|_벌크_300,000","_벌크 + 쿨러_442,000|_벌크_300,000","_벌크 + 쿨러_442,000|_벌크_300,000","_벌크 + 쿨러_442,000|_벌크_300,000"
15752510,인텔 코어i5-12세대 12600K (엘더레이크),"_벌크 + 쿨러_320,250|_벌크_308,370|해외구매_356,210","_벌크 + 쿨러_320,250|_벌크_308,370|해외구매_356,210","_벌크 + 쿨러_320,250|_벌크_308,370|해외구매_356,220","_벌크 + 쿨러_320,250|_벌크_308,370|해외구매_356,220","_벌크 + 쿨러_320,250|_벌크_308,370|해외구매_356,220"
15752597,인텔 코어i5-12세대 12600KF (엘더레이크),"_벌크 + 쿨러_255,990|_벌크_255,260|해외구매_283,130","_벌크 + 쿨러_255,990|_벌크_255,260|해외구매_283,130","_벌크 + 쿨러_255,990|_벌크_255,260|해외구매_283,130","_벌크 + 쿨러_255,990|_벌크_255,260|해외구매_283,130","_벌크 + 쿨러_255,990|_벌크_255,260|해외구매_283,130"
18640286,인텔 코어i5-13세대 13400 (랩터레이크),"_정품_352,590|벌크 + 쿨러_215,230|_벌크_203,810|중고 + 쿨러_223,000|해외구매_496,600","_정품_352,590|_벌크 + 쿨러_215,240|벌크_203,810|중고 + 쿨러_223,000|해외구매_496,600","_정품_352,590|벌크 + 쿨러_215,240|_벌크_203,810|중고 + 쿨러_223,000|해외구매_496,600","_정품_352,590|벌크 + 쿨러_215,240|_벌크_203,810|중고 + 쿨러_223,000|해외구매_496,600","_정품_352,590|벌크 + 쿨러_215,240|_벌크_203,810|중고 + 쿨러_223,000|해외구매_496,600"
18640280,인텔 코어i5-13세대 13400F (랩터레이크),"_정품_389,000|벌크 + 쿨러_192,200|_벌크_182,190|해외구매_218,400","_정품_389,000|벌크 + 쿨러_192,200|_벌크_182,190|해외구매_218,400","_정품_389,000|벌크 + 쿨러_192,200|_벌크_182,190|해외구매_218,400","_정품_389,000|벌크 + 쿨러_192,200|_벌크_182,190|해외구매_218,400","_정품_389,000|벌크 + 쿨러_192,200|_벌크_182,190|해외구매_218,400"
18640319,인텔 코어i5-13세대 13500 (랩터레이크),"_정품_434,000|벌크 + 쿨러_354,190|_벌크_344,090|해외구매_476,910","_정품_434,000|벌크 + 쿨러_354,190|_벌크_344,090|해외구매_476,910","_정품_434,000|벌크 + 쿨러_354,190|_벌크_344,090|해외구매_476,910","_정품_434,000|벌크 + 쿨러_354,190|_벌크_344,090|해외구매_476,910","_정품_434,000|벌크 + 쿨러_354,190|_벌크_344,090|해외구매_476,910"
103125350,인텔 코어i5-13세대 13600 (랩터레이크),"_벌크_347,350|_벌크+쿨러_359,630","_벌크_347,350|_벌크+쿨러_359,630","_벌크_347,340|_벌크+쿨러_359,620","_벌크_347,340|_벌크+쿨러_359,620","_벌크_347,340|_벌크+쿨러_359,620"
18169127,인텔 코어i5-13세대 13600K (랩터레이크),"_벌크 + 쿨러_410,000|_벌크_386,000|해외구매_648,290","_벌크 + 쿨러_410,000|_벌크_386,000|해외구매_648,290","_벌크 + 쿨러_410,000|_벌크_386,000|해외구매_648,290","_벌크 + 쿨러_410,000|_벌크_386,000|해외구매_648,290","_벌크 + 쿨러_410,000|_벌크_386,000|해외구매_648,290"
18169253,인텔 코어i5-13세대 13600KF (랩터레이크),"_벌크 + 쿨러_286,830|_벌크_275,120|해외구매_367,760","_벌크 + 쿨러_286,830|_벌크_275,120|해외구매_367,760","_벌크 + 쿨러_286,830|_벌크_275,120|해외구매_367,760","_벌크 + 쿨러_286,830|_벌크_275,120|해외구매_367,760","_벌크 + 쿨러_286,830|_벌크_275,120|해외구매_367,760"
32102876,인텔 코어i5-14세대 14400 (랩터레이크 리프레시),"_정품_279,840|벌크 정품_234,290|_벌크 병행_213,740|해외구매_461,430","_정품_279,760|_벌크 정품_234,290|벌크 병행_213,740|해외구매_461,430","_정품_279,000|벌크 정품_234,290|_벌크 병행_213,740|해외구매_461,430","_정품_279,000|벌크 정품_234,290|_벌크 병행_213,740|해외구매_461,430","_정품_279,000|벌크 정품_234,290|_벌크 병행_213,740|해외구매_461,430"
32038580,인텔 코어i5-14세대 14400 (랩터레이크 리프레시),"_정품_279,840|벌크 정품_234,290|_벌크 병행_213,740|해외구매_461,430","_정품_279,760|_벌크 정품_234,290|벌크 병행_213,740|해외구매_461,430","_정품_279,000|벌크 정품_234,290|_벌크 병행_213,740|해외구매_461,430","_정품_279,000|벌크 정품_234,290|_벌크 병행_213,740|해외구매_461,430","_정품_279,000|벌크 정품_234,290|_벌크 병행_213,740|해외구매_461,430"
32102786,인텔 코어i5-14세대 14400F (랩터레이크 리프레시),"_밸류팩 정품_232,680|정품_237,330|벌크 정품_227,390|_벌크 병행_184,820|해외구매_255,770","_밸류팩 정품_232,680|정품_236,610|벌크 정품_227,390|_벌크 병행_184,820|해외구매_255,770","_밸류팩 정품_232,680|정품_235,700|벌크 정품_204,200|_벌크 병행_184,820|해외구매_255,770","_밸류팩 정품_232,680|정품_235,640|벌크 정품_204,200|_벌크 병행_184,820|해외구매_255,770","_밸류팩 정품_232,680|정품_235,170|벌크 정품_204,200|_벌크 병행_184,820|해외구매_255,770"
76555634,인텔 코어i5-14세대 14400F (랩터레이크 리프레시),"_밸류팩 정품_232,680|정품_237,330|벌크 정품_227,390|_벌크 병행_184,820|해외구매_255,770","_밸류팩 정품_232,680|정품_236,610|벌크 정품_227,390|_벌크 병행_184,820|해외구매_255,770","_밸류팩 정품_232,680|정품_235,700|벌크 정품_204,200|_벌크 병행_184,820|해외구매_255,770","_밸류팩 정품_232,680|정품_235,640|벌크 정품_204,200|_벌크 병행_184,820|해외구매_255,770","_밸류팩 정품_232,680|정품_235,170|벌크 정품_204,200|_벌크 병행_184,820|해외구매_255,770"
32102927,인텔 코어i5-14세대 14500 (랩터레이크 리프레시),"_정품_363,440||_벌크_320,000|해외구매_583,560","_정품_363,440||_벌크_320,000|해외구매_583,560","_정품_363,440||_벌크_320,000|해외구매_583,560","_정품_363,440||_벌크_320,000|해외구매_583,560","_정품_363,440||_벌크_320,000|해외구매_583,560"
32038256,인텔 코어i5-14세대 14500 (랩터레이크 리프레시),"_정품_363,440||_벌크_320,000|해외구매_583,560","_정품_363,440||_벌크_320,000|해외구매_583,560","_정품_363,440||_벌크_320,000|해외구매_583,560","_정품_363,440||_벌크_320,000|해외구매_583,560","_정품_363,440||_벌크_320,000|해외구매_583,560"
32463899,인텔 코어i5-14세대 14500T (랩터레이크 리프레시),"벌크_416,630","벌크_416,630","벌크_416,630","벌크_416,630","벌크_416,630"
28799654,인텔 코어i5-14세대 14600K (랩터레이크 리프레시),"_정품_422,500|_벌크_315,150|해외구매_527,900|벌크+쿨러_334,420","_정품_441,350|_벌크_315,130|해외구매_527,900|벌크+쿨러_333,770","_정품_441,350|_벌크_315,130|해외구매_527,900|벌크+쿨러_337,210","_정품_441,350|_벌크_315,130|해외구매_527,900|벌크+쿨러_337,210","_정품_441,350|_벌크_315,130|해외구매_527,900|벌크+쿨러_337,210"
76555685,인텔 코어i5-14세대 14600KF (랩터레이크 리프레시),"_밸류팩 정품_296,070|_정품_353,890|벌크_294,100|해외구매_315,720","_밸류팩 정품_295,940|_정품_353,890|벌크_294,100|해외구매_315,720","_밸류팩 정품_295,000|_정품_353,890|벌크_294,090|해외구매_315,720","_밸류팩 정품_295,000|_정품_353,890|벌크_294,090|해외구매_315,720","_밸류팩 정품_295,000|_정품_353,890|벌크_294,090|해외구매_315,720"
28884227,인텔 코어i5-14세대 14600KF (랩터레이크 리프레시),0,0,0,0,"_밸류팩 정품_295,000|_정품_353,890|벌크_294,090|해외구매_315,720"
4147079,인텔 코어i5-1세대 650 (클락데일),"중고_4,370","중고_4,310","중고_4,260","중고_4,190","중고_4,190"
17575589,인텔 코어i5-2세대 2300 (샌디브릿지),"중고_9,900","중고_9,900","중고_9,900","중고_9,900","중고_9,900"
4504388,인텔 코어i5-2세대 2400 (샌디브릿지),"중고_9,980","중고_9,980","중고_9,980","중고_9,980","중고_9,980"
1290175,인텔 코어i5-2세대 2500 (샌디브릿지),"_벌크_14,470|_중고_11,740","_벌크_14,400|_중고_11,740","_벌크_14,330|_중고_11,740","_벌크_14,270|_중고_11,740","_벌크_14,210|_중고_11,740"
4144246,인텔 코어i5-2세대 2500K (샌디브릿지),"중고_13,480","중고_13,480","중고_13,480","중고_13,480","중고_13,480"
1783749,인텔 코어i5-3세대 3330 (아이비브릿지),"중고_13,200","중고_13,200","중고_13,200","중고_13,200","중고_13,200"
1725177,인텔 코어i5-3세대 3470 (아이비브릿지),"중고_12,990","중고_12,990","중고_12,990","중고_12,990","중고_12,990"
4274836,인텔 코어i5-3세대 3550 (아이비브릿지),"중고_14,990","중고_14,990","중고_14,990","중고_14,990","중고_14,990"
1720040,인텔 코어i5-3세대 3570 (아이비브릿지),"벌크 + 쿨러_21,990|_벌크_17,490|_중고_13,940","벌크 + 쿨러_21,990|_벌크_17,490|_중고_13,940","벌크 + 쿨러_21,990|_벌크_17,490|_중고_13,940","벌크 + 쿨러_21,990|_벌크_17,490|_중고_13,940","벌크 + 쿨러_21,990|_벌크_17,490|_중고_13,940"
6112513,인텔 코어i5-4세대 4430 (하스웰),"중고_21,500","중고_21,500","중고_21,500","중고_21,500","중고_21,500"
2216194,인텔 코어i5-4세대 4440 (하스웰),"_벌크_22,600|_중고_18,990","_벌크_22,600|_중고_18,990","_벌크_22,600|_중고_18,990","_벌크_22,600|_중고_18,990","_벌크_22,600|_중고_18,990"
2691725,인텔 코어i5-4세대 4460 (하스웰 리프레시),"_벌크_22,890|_중고_17,900","_벌크_22,890|_중고_17,900","_벌크_23,140|_중고_17,900","_벌크_23,140|_중고_17,900","_벌크_23,140|_중고_17,900"
4905563,인텔 코어i5-4세대 4570 (하스웰),"중고_19,500","중고_19,500","중고_18,900","중고_18,900","중고_18,900"
2783216,인텔 코어i5-4세대 4590 (하스웰 리프레시),"_벌크 + 쿨러_34,740|벌크_23,570|_중고_19,350","_벌크 + 쿨러_34,740|벌크_23,570|_중고_19,350","_벌크 + 쿨러_34,710|벌크_23,570|_중고_19,340","_벌크 + 쿨러_34,710|벌크_23,570|_중고_19,340","_벌크 + 쿨러_34,710|벌크_23,570|_중고_19,340"
2081212,인텔 코어i5-4세대 4670 (하스웰),"벌크 + 쿨러_28,820|_벌크_24,940|_중고_22,550","벌크 + 쿨러_28,820|_벌크_24,940|_중고_22,550","벌크 + 쿨러_28,820|_벌크_24,940|_중고_22,550","벌크 + 쿨러_28,820|_벌크_24,940|_중고_22,550","벌크 + 쿨러_28,820|_벌크_24,940|_중고_22,550"
6112593,인텔 코어i5-4세대 4670K (하스웰),"중고_22,990","중고_22,990","중고_22,990","중고_22,990","중고_22,990"
2691212,인텔 코어i5-4세대 4690 (하스웰 리프레시),"벌크 + 쿨러_33,470|_벌크_26,970|_중고_23,490","벌크 + 쿨러_33,470|_벌크_26,970|_중고_23,490","벌크 + 쿨러_33,470|_벌크_26,970|_중고_23,490","벌크 + 쿨러_33,470|_벌크_26,970|_중고_23,490","벌크 + 쿨러_33,470|_벌크_26,970|_중고_23,490"
3441763,인텔 코어i5-6세대 6400 (스카이레이크),"벌크 + 쿨러_23,710|_벌크_18,130|_중고_18,130","벌크 + 쿨러_23,500|_벌크_17,670|_중고_17,650","벌크 + 쿨러_23,620|_벌크_17,670|_중고_17,650","벌크 + 쿨러_23,500|_벌크_17,660|_중고_17,660","벌크 + 쿨러_23,440|_벌크_17,710|_중고_17,650"
3412420,인텔 코어i5-6세대 6500 (스카이레이크),"벌크 + 쿨러_24,100|_벌크_22,490|해외구매_25,300|_중고_18,590","벌크 + 쿨러_24,100|_벌크_22,490|해외구매_25,300|_중고_18,590","벌크 + 쿨러_24,100|_벌크_22,490|해외구매_25,300|_중고_18,590","벌크 + 쿨러_24,100|_벌크_22,490|해외구매_25,300|_중고_18,590","벌크 + 쿨러_24,100|_벌크_22,490|해외구매_25,300|_중고_18,590"
7914325,인텔 코어i5-6세대 6500 + H110 패키지,"중고_72,000","중고_54,050","중고_54,050",0,0
3412423,인텔 코어i5-6세대 6600 (스카이레이크),"_벌크 + 쿨러_27,720|벌크_22,310|_중고_22,150","_벌크 + 쿨러_27,720|벌크_22,310|_중고_22,150","_벌크 + 쿨러_27,720|벌크_22,310|_중고_22,150","_벌크 + 쿨러_27,720|벌크_22,310|_중고_22,150","_벌크 + 쿨러_27,720|벌크_22,310|_중고_22,150"
3493041,인텔 코어i5-6세대 6600K (스카이레이크),"벌크 + 쿨러_28,820|_벌크_22,990|_중고_22,990|해외구매_128,430","벌크 + 쿨러_28,820|_벌크_22,990|_중고_22,990|해외구매_128,430","벌크 + 쿨러_28,820|_벌크_22,990|_중고_22,990|해외구매_128,430","벌크 + 쿨러_28,820|_벌크_22,990|_중고_22,990|해외구매_128,430","벌크 + 쿨러_28,820|_벌크_22,990|_중고_22,990|해외구매_128,430"
4881012,인텔 코어i5-7세대 7400 (카비레이크),"벌크 + 쿨러_35,330|_벌크_29,990|해외구매_52,980|_중고_28,890","벌크 + 쿨러_35,330|_벌크_29,990|해외구매_52,910|_중고_27,900","벌크 + 쿨러_35,330|_벌크_29,990|해외구매_52,860|_중고_27,900","벌크 + 쿨러_35,330|_벌크_29,990|해외구매_52,790|_중고_27,900","벌크 + 쿨러_35,330|_벌크_29,990|해외구매_52,740|_중고_27,900"
4866526,인텔 코어i5-7세대 7500 (카비레이크),"_벌크 + 쿨러_36,990|벌크_31,610|해외구매_75,310|_중고_28,900","_벌크 + 쿨러_36,990|벌크_30,990|해외구매_75,310|_중고_28,900","_벌크 + 쿨러_36,990|벌크_30,990|해외구매_75,310|_중고_28,900","벌크 + 쿨러_36,990|_벌크_30,990|해외구매_75,310|_중고_28,900","벌크 + 쿨러_36,990|_벌크_30,990|해외구매_75,310|_중고_28,900"
4820379,인텔 코어i5-7세대 7600 (카비레이크),"_벌크_41,580|해외구매_15,100|_중고_36,490","_벌크_41,580|해외구매_15,100|_중고_36,490","_벌크_41,580|해외구매_15,100|_중고_36,490","_벌크_41,580|해외구매_15,100|_중고_36,490","_벌크_41,580|해외구매_15,100|_중고_36,490"
7898119,인텔 코어i5-7세대 7600K (카비레이크),"_해외구매_64,890|_중고_50,160","_해외구매_63,540|_중고_50,160","_해외구매_63,540|_중고_50,160","_해외구매_63,540|_중고_51,570","_해외구매_63,540|_중고_51,570"
5614322,인텔 코어i5-8세대 8400 (커피레이크),"벌크 + 쿨러_68,360|_벌크_63,200|해외구매_116,160|_중고_62,770","벌크 + 쿨러_68,350|_벌크_63,200|해외구매_116,160|_중고_62,770","벌크 + 쿨러_68,350|_벌크_63,200|해외구매_116,160|_중고_62,770","벌크 + 쿨러_68,350|_벌크_63,200|해외구매_116,160|_중고_62,770","벌크 + 쿨러_68,350|_벌크_63,200|해외구매_116,160|_중고_62,770"
5950796,인텔 코어i5-8세대 8500 (커피레이크),"_벌크 + 쿨러_70,670|벌크_64,990|해외구매_120,100|_중고_64,990","_벌크 + 쿨러_70,670|벌크_64,990|해외구매_120,100|_중고_64,990","벌크 + 쿨러_70,670|_벌크_64,990|해외구매_120,100|_중고_64,990","벌크 + 쿨러_70,670|_벌크_64,990|해외구매_120,100|_중고_64,990","벌크 + 쿨러_70,670|_벌크_64,990|해외구매_120,100|_중고_64,990"
6069606,인텔 코어i5-8세대 8600 (커피레이크),"_벌크 + 쿨러_80,340|_벌크_69,600","_벌크 + 쿨러_80,340|_벌크_69,600","_벌크 + 쿨러_80,340|_벌크_69,600","_벌크 + 쿨러_80,340|_벌크_69,600","_벌크 + 쿨러_80,340|_벌크_69,600"
5614286,인텔 코어i5-8세대 8600K (커피레이크),"_벌크 + 쿨러_125,300|_벌크_84,600|해외구매_108,500","_벌크 + 쿨러_125,240|_벌크_84,600|해외구매_108,500","_벌크 + 쿨러_125,230|_벌크_84,600|해외구매_108,500","_벌크 + 쿨러_125,220|_벌크_84,600|해외구매_108,500","_벌크 + 쿨러_125,190|_벌크_84,600|해외구매_108,490"
11016699,인텔 코어i5-9세대 9400 (커피레이크-R),"_벌크 + 쿨러_127,940|_벌크_90,000|해외구매_116,100","_벌크 + 쿨러_127,930|_벌크_90,000|해외구매_116,100","_벌크 + 쿨러_127,920|_벌크_90,000|해외구매_116,100","_벌크 + 쿨러_127,910|_벌크_90,000|해외구매_116,100","_벌크 + 쿨러_127,860|_벌크_90,000|해외구매_116,100"
7097413,인텔 코어i5-9세대 9400F (커피레이크-R),"_벌크 + 쿨러_81,830|벌크_77,000|해외구매_76,260|_중고_73,890","_벌크 + 쿨러_81,830|벌크_77,000|해외구매_76,990|_중고_73,890","_벌크 + 쿨러_81,830|벌크_77,000|해외구매_76,990|_중고_73,890","_벌크 + 쿨러_81,830|벌크_77,000|해외구매_89,570|_중고_73,890","벌크 + 쿨러_81,830|_벌크_77,000|해외구매_76,990|_중고_73,890"
10728462,인텔 코어i5-9세대 9500 (커피레이크-R),"벌크 + 쿨러_96,990|_벌크_109,440|해외구매_282,780|_중고_84,620","벌크 + 쿨러_96,990|_벌크_109,440|해외구매_282,780|_중고_84,620","벌크 + 쿨러_96,990|_벌크_110,600|해외구매_282,780|_중고_84,620","_벌크 + 쿨러_96,990|벌크_110,600|해외구매_282,780|_중고_84,620","_벌크 + 쿨러_96,990|벌크_110,600|해외구매_282,780|_중고_84,620"
6705214,인텔 코어i5-9세대 9600K (커피레이크-R),"_벌크 + 쿨러_89,270|벌크_97,450|해외구매_136,470|_중고_83,690","_벌크 + 쿨러_88,350|벌크_97,450|해외구매_136,470|_중고_82,770","_벌크 + 쿨러_89,180|벌크_97,450|해외구매_136,470|_중고_82,770","_벌크 + 쿨러_89,060|벌크_97,450|해외구매_136,470|_중고_82,760","_벌크 + 쿨러_89,000|벌크_97,450|해외구매_136,470|_중고_82,760"
7565248,인텔 코어i5-9세대 9600KF (커피레이크-R),"_정품_155,890|병행수입 박스_155,890|_벌크 + 쿨러_113,740|벌크_94,800|중고_102,500|해외구매_148,170","_정품_155,890|병행수입 박스_155,890|_벌크 + 쿨러_113,740|벌크_94,800|중고_101,660|해외구매_148,170","_정품_155,890|병행수입 박스_155,890|_벌크 + 쿨러_113,730|벌크_94,800|중고_101,660|해외구매_148,170","_정품_155,890|병행수입 박스_155,890|_벌크 + 쿨러_113,720|벌크_94,800|중고_101,660|해외구매_148,170","_정품_157,560|병행수입 박스_157,560|벌크 + 쿨러_113,670|_벌크_94,800|중고_101,660|해외구매_148,170"
11481624,인텔 코어i7-10세대 10700 (코멧레이크S),"벌크 + 쿨러_265,960|_벌크_262,950|_중고_247,990","_벌크 + 쿨러_265,960|_벌크_262,890|중고_247,990","_벌크 + 쿨러_265,960|_벌크_262,830|중고_247,990","_벌크 + 쿨러_265,960|_벌크_262,810|중고_247,990","_벌크 + 쿨러_265,960|_벌크_262,810|중고_247,990"
11824861,인텔 코어i7-10세대 10700F (코멧레이크S),"_벌크_274,520|_해외구매_367,470","_벌크_274,520|_해외구매_367,470","_벌크_274,520|_해외구매_367,470","_벌크_274,520|_해외구매_367,470","_벌크_274,520|_해외구매_367,470"
11479776,인텔 코어i7-10세대 10700K (코멧레이크S),"_벌크_445,360|_해외구매_358,700","_벌크_445,360|_해외구매_358,700","_벌크_447,330|_해외구매_358,700","_벌크_448,000|_해외구매_358,700","_벌크_447,330|_해외구매_358,700"
12110075,인텔 코어i7-10세대 10700KF (코멧레이크S),"_벌크_280,900|해외구매_789,180|_중고_267,000","_벌크_280,900|해외구매_789,180|_중고_267,000","_벌크_280,900|해외구매_789,180|_중고_267,000","_벌크_280,900|해외구매_789,180|_중고_267,000","_벌크_280,900|해외구매_789,180|_중고_267,000"
13824665,인텔 코어i7-11세대 11700 (로켓레이크S),"_벌크 + 쿨러_266,900|_벌크_260,390","_벌크 + 쿨러_266,900|_벌크_260,390","_벌크 + 쿨러_266,900|_벌크_260,390","_벌크 + 쿨러_266,900|_벌크_260,390","_벌크 + 쿨러_266,900|_벌크_260,390"
13753481,인텔 코어i7-11세대 11700F (로켓레이크S),"_정품_558,000|_벌크 + 쿨러_388,580|벌크_363,400|해외구매_320,290","_정품_558,000|벌크 + 쿨러_388,580|_벌크_363,400|해외구매_320,290","_정품_558,000|벌크 + 쿨러_388,580|_벌크_363,400|해외구매_320,290","_정품_558,000|벌크 + 쿨러_388,580|_벌크_363,400|해외구매_320,290","_정품_558,000|벌크 + 쿨러_388,580|_벌크_363,400|해외구매_320,290"
13824974,인텔 코어i7-11세대 11700K (로켓레이크S),"_벌크 + 쿨러_373,290|_벌크_366,630|해외구매_475,190","_벌크 + 쿨러_373,290|_벌크_366,630|해외구매_475,190","_벌크 + 쿨러_373,290|_벌크_366,580|해외구매_475,190","_벌크 + 쿨러_373,290|_벌크_366,510|해외구매_475,190","_벌크 + 쿨러_373,290|_벌크_366,460|해외구매_475,190"
16140809,인텔 코어i7-12세대 12700 (엘더레이크),"_정품_555,980|_벌크 + 쿨러_366,540|벌크_354,060|해외구매_527,490","_정품_555,980|벌크 + 쿨러_374,590|_벌크_361,020|해외구매_527,490","_정품_555,980|벌크 + 쿨러_374,590|_벌크_361,020|해외구매_527,440","_정품_555,980|벌크 + 쿨러_374,590|_벌크_361,020|해외구매_527,370","_정품_555,980|벌크 + 쿨러_374,590|_벌크_361,020|해외구매_527,460"
16101464,인텔 코어i7-12세대 12700F (엘더레이크),"_정품_410,610|_벌크 + 쿨러_374,200|벌크_361,960|해외구매_480,110","_정품_410,550|_벌크 + 쿨러_374,190|벌크_361,940|해외구매_480,110","_정품_410,510|_벌크 + 쿨러_374,190|벌크_361,940|해외구매_480,110","_정품_410,490|_벌크 + 쿨러_374,190|벌크_361,940|해외구매_480,110","_정품_410,470|_벌크 + 쿨러_374,190|벌크_361,940|해외구매_480,110"
15594638,인텔 코어i7-12세대 12700K (엘더레이크),"_정품_469,290|병행수입 박스_484,500|벌크 + 쿨러_330,360|_벌크_318,350|해외구매_575,100","_정품_469,230|병행수입 박스_484,500|벌크 + 쿨러_330,360|_벌크_318,350|해외구매_575,100","_정품_469,190|병행수입 박스_484,500|벌크 + 쿨러_330,360|_벌크_318,350|해외구매_575,100","_정품_469,170|병행수입 박스_484,500|벌크 + 쿨러_330,360|_벌크_318,350|해외구매_575,100","_정품_469,170|병행수입 박스_484,500|벌크 + 쿨러_330,360|_벌크_318,350|해외구매_575,100"
15594701,인텔 코어i7-12세대 12700KF (엘더레이크),"_정품_494,000|벌크 + 쿨러_302,220|_벌크_290,780|해외구매_420,020","_정품_494,000|벌크 + 쿨러_302,220|_벌크_290,770|해외구매_420,020","_정품_494,000|벌크 + 쿨러_302,220|_벌크_290,770|해외구매_420,020","_정품_494,000|벌크 + 쿨러_302,220|_벌크_290,770|해외구매_420,020","_정품_494,000|벌크 + 쿨러_302,220|_벌크_290,770|해외구매_420,020"
18703751,인텔 코어i7-13세대 13700 (랩터레이크),"_벌크 + 쿨러_576,090|_벌크_552,900","_벌크 + 쿨러_576,090|_벌크_552,850","_벌크 + 쿨러_576,090|_벌크_552,850","_벌크 + 쿨러_576,090|_벌크_552,850","_벌크 + 쿨러_576,090|_벌크_552,850"
18640379,인텔 코어i7-13세대 13700F (랩터레이크),"_정품_525,000|벌크 + 쿨러_395,950|_벌크_385,980","_정품_525,000|벌크 + 쿨러_395,950|_벌크_385,980","_정품_525,000|벌크 + 쿨러_395,950|_벌크_385,980","_정품_525,000|벌크 + 쿨러_395,950|_벌크_385,980","_정품_525,000|벌크 + 쿨러_395,950|_벌크_385,980"
18039374,인텔 코어i7-13세대 13700K (랩터레이크),"_정품_649,130|벌크 + 쿨러_653,000|_벌크_617,390|해외구매_566,340",0,0,0,0
18224471,인텔 코어i7-13세대 13700K (랩터레이크),0,"_벌크 + 쿨러_653,000|_벌크_617,390|해외구매_566,340","_벌크 + 쿨러_653,000|_벌크_617,390|해외구매_566,340","_벌크 + 쿨러_653,000|_벌크_617,390|해외구매_566,340","_벌크 + 쿨러_653,000|_벌크_617,390|해외구매_566,340"
18184013,인텔 코어i7-13세대 13700KF (랩터레이크),"_벌크 + 쿨러_386,420|_벌크_397,650|해외구매_510,060","_벌크 + 쿨러_386,420|_벌크_397,650|해외구매_510,060","_벌크 + 쿨러_386,410|_벌크_397,630|해외구매_510,060","_벌크 + 쿨러_386,410|_벌크_397,620|해외구매_510,060","_벌크 + 쿨러_386,410|_벌크_397,620|해외구매_510,060"
18665336,인텔 코어i7-13세대 13700T (랩터레이크),"벌크_760,990",0,0,0,0
116660895,인텔 코어i7-14세대 14100T (랩터레이크 리프레시),"벌크_277,990","벌크_277,990","벌크_277,990","벌크_277,990","벌크_277,990"
32103143,인텔 코어i7-14세대 14700 (랩터레이크 리프레시),"_정품_568,950|벌크 + 쿨러_442,390|_벌크_423,140|해외구매_741,140","_정품_569,990|벌크 + 쿨러_441,360|_벌크_175,590|해외구매_741,140","_정품_572,680|벌크 + 쿨러_430,000|_벌크_175,590|해외구매_741,140","_정품_572,680|벌크 + 쿨러_430,000|_벌크_175,580|해외구매_741,140","_정품_572,680|벌크 + 쿨러_430,000|_벌크_215,540|해외구매_741,140"
32038001,인텔 코어i7-14세대 14700 (랩터레이크 리프레시),"_정품_568,950|벌크 + 쿨러_442,390|_벌크_423,140|해외구매_741,140","_정품_569,990|벌크 + 쿨러_441,360|_벌크_175,590|해외구매_741,140","_정품_572,680|벌크 + 쿨러_430,000|_벌크_175,590|해외구매_741,140","_정품_572,680|벌크 + 쿨러_430,000|_벌크_175,580|해외구매_741,140","_정품_572,680|벌크 + 쿨러_430,000|_벌크_215,540|해외구매_741,140"
35230379,인텔 코어i7-14세대 14700F (랩터레이크 리프레시),"_정품_527,670|_벌크_436,680|벌크 + 쿨러_446,540|해외구매_698,370","_정품_527,520|_벌크_436,590|벌크 + 쿨러_446,530|해외구매_698,370","_정품_527,510|_벌크_436,590|벌크 + 쿨러_446,530|해외구매_698,370","_정품_527,510|_벌크_436,590|벌크 + 쿨러_446,530|해외구매_698,370","_정품_527,510|_벌크_436,590|벌크 + 쿨러_446,530|해외구매_698,370"
32156936,인텔 코어i7-14세대 14700F (랩터레이크 리프레시),"_정품_527,670|_벌크_436,680|벌크 + 쿨러_446,540|해외구매_698,370","_정품_527,520|_벌크_436,590|벌크 + 쿨러_446,530|해외구매_698,370","_정품_527,510|_벌크_436,590|벌크 + 쿨러_446,530|해외구매_698,370","_정품_527,510|_벌크_436,590|벌크 + 쿨러_446,530|해외구매_698,370","_정품_527,510|_벌크_436,590|벌크 + 쿨러_446,530|해외구매_698,370"
28799435,인텔 코어i7-14세대 14700K (랩터레이크 리프레시),"_정품_780,000|_벌크_487,580|해외구매_762,000","_정품_780,000|_벌크_486,030|해외구매_761,940","_정품_780,000|_벌크_486,020|해외구매_761,890","_정품_780,000|_벌크_486,020|해외구매_761,760","_정품_780,000|_벌크_486,020|해외구매_761,650"
28799498,인텔 코어i7-14세대 14700KF (랩터레이크 리프레시),"_정품_545,110|_벌크_467,370|해외구매_595,680","_정품_545,100|_벌크_465,080|해외구매_595,680","_정품_545,100|_벌크_465,070|해외구매_595,680","_정품_545,100|_벌크_465,070|해외구매_595,680","_정품_545,100|_벌크_465,070|해외구매_595,680"
32457785,인텔 코어i7-14세대 14700T (랩터레이크 리프레시),"벌크_761,000","벌크_761,000","벌크_761,000","벌크_761,000","벌크_761,000"
1013075,인텔 코어i7-1세대 860 (린필드),"중고_7,430","중고_7,430","중고_7,430","중고_7,430","중고_7,430"
4144446,인텔 코어i7-1세대 870 (린필드),"중고_13,010","중고_13,010","중고_12,850","중고_12,850","중고_12,850"
4147680,인텔 코어i7-2세대 2600 (샌디브릿지),"중고_34,990","중고_34,990","중고_34,990","중고_34,990","중고_34,990"
1376231,인텔 코어i7-2세대 2600K (샌디브릿지),"_벌크 + 쿨러_48,830|_중고_37,660","_벌크 + 쿨러_48,820|_중고_38,990","_벌크 + 쿨러_48,820|_중고_38,990","_벌크 + 쿨러_48,820|_중고_38,990","_벌크 + 쿨러_48,820|_중고_38,990"
1678802,인텔 코어i7-3세대 3770 (아이비브릿지),"_벌크 + 쿨러_59,520|_중고_49,960","_벌크 + 쿨러_59,520|_중고_49,870","_벌크 + 쿨러_59,520|_중고_49,800","_벌크 + 쿨러_59,520|_중고_49,740","_벌크 + 쿨러_59,520|_중고_49,680"
1678803,인텔 코어i7-3세대 3770K (아이비브릿지),"_벌크_64,932|_중고_62,490","_벌크_64,932|_중고_66,050","_벌크_65,330|_중고_66,050","_벌크_65,330|_중고_67,190","_벌크_65,330|_중고_67,190"
2081225,인텔 코어i7-4세대 4770 (하스웰),"_벌크_106,820|_중고_64,960","_벌크_106,820|_중고_64,900","_벌크_106,820|_중고_64,890","_벌크_106,820|_중고_64,840","_벌크_106,820|_중고_64,780"
13611845,인텔 코어i7-4세대 4770K (하스웰),"_해외구매_91,000|_중고_71,180","_해외구매_91,000|_중고_71,180",0,"_해외구매_91,000|_중고_71,180","_해외구매_91,000|_중고_71,180"
6112722,인텔 코어i7-4세대 4790 (하스웰 리프레시),"중고_54,990","중고_54,990","중고_54,990","중고_54,990","중고_54,990"
6112865,인텔 코어i7-4세대 4790K (데빌스캐년),"중고_85,300","중고_85,300","중고_85,300","중고_85,300","중고_85,300"
3412425,인텔 코어i7-6세대 6700 (스카이레이크),"벌크 + 쿨러_63,230|_벌크_57,650|_중고_58,470|해외구매_134,320","벌크 + 쿨러_63,230|_벌크_57,650|_중고_56,290|해외구매_134,320","_벌크 + 쿨러_63,230|벌크_57,650|_중고_56,290|해외구매_134,320","벌크 + 쿨러_63,230|_벌크_57,650|_중고_56,290|해외구매_134,320","벌크 + 쿨러_63,230|_벌크_57,650|_중고_56,290|해외구매_134,320"
3444847,인텔 코어i7-6세대 6700K (스카이레이크),"벌크 + 쿨러_68,810|_벌크_63,230|_중고_58,900|해외구매_98,450","벌크 + 쿨러_68,810|_벌크_63,230|_중고_56,290|해외구매_98,450","벌크 + 쿨러_68,810|_벌크_63,230|_중고_56,290|해외구매_98,450","벌크 + 쿨러_68,810|_벌크_63,230|_중고_56,290|해외구매_98,450","벌크 + 쿨러_68,810|_벌크_63,230|_중고_56,290|해외구매_98,450"
4866420,인텔 코어i7-7세대 7700 (카비레이크),"벌크 + 쿨러_89,270|_벌크_82,450|해외구매_122,230|_중고_74,990","벌크 + 쿨러_89,270|_벌크_82,450|해외구매_119,690|_중고_74,990","벌크 + 쿨러_89,270|_벌크_82,450|해외구매_119,690|_중고_74,990","벌크 + 쿨러_89,270|_벌크_82,450|해외구매_119,690|_중고_74,990","벌크 + 쿨러_89,270|_벌크_82,450|해외구매_119,690|_중고_74,990"
4820435,인텔 코어i7-7세대 7700K (카비레이크),"_벌크_112,010|해외구매_135,020|_중고_93,790","_벌크_112,010|해외구매_135,020|_중고_93,760","_벌크_112,010|해외구매_135,020|_중고_93,690","_벌크_112,010|해외구매_135,020|_중고_93,630","벌크_112,010|_해외구매_135,020|_중고_93,570"
5627136,인텔 코어i7-8세대 8700 (커피레이크),"_벌크 + 쿨러_138,040|벌크_117,170|해외구매_207,890|_중고_99,900","_벌크 + 쿨러_138,040|벌크_117,170|해외구매_207,890|_중고_99,900","_벌크 + 쿨러_138,030|벌크_117,170|해외구매_207,890|_중고_99,900","_벌크 + 쿨러_138,030|벌크_117,170|해외구매_207,890|_중고_99,900","_벌크 + 쿨러_138,020|벌크_117,170|해외구매_207,890|_중고_116,890"
5623267,인텔 코어i7-8세대 8700K (커피레이크),"_벌크 + 쿨러_202,910|벌크_140,495|해외구매_182,700|_중고_99,900","_벌크 + 쿨러_202,910|벌크_140,495|해외구매_182,700|_중고_99,900","_벌크 + 쿨러_202,910|벌크_141,390|해외구매_182,700|_중고_99,900","_벌크 + 쿨러_202,910|벌크_141,390|해외구매_182,700|_중고_99,900","_벌크 + 쿨러_202,910|벌크_141,390|해외구매_182,700|_중고_99,900"
8650784,인텔 코어i7-9세대 9700 (커피레이크-R),"_벌크 + 쿨러_165,530|_벌크_173,870|해외구매_301,710|중고_155,000","_벌크 + 쿨러_164,610|_벌크_173,870|해외구매_301,710|중고_155,000","_벌크 + 쿨러_165,440|벌크_173,870|해외구매_301,710|_중고_154,990","_벌크 + 쿨러_165,330|벌크_173,870|해외구매_301,710|_중고_154,990","_벌크 + 쿨러_165,270|벌크_173,870|해외구매_301,710|_중고_154,990"
8372031,인텔 코어i7-9세대 9700F (커피레이크-R),"_벌크 + 쿨러_250,000|_벌크_167,200|해외구매_303,930","_벌크 + 쿨러_250,000|_벌크_161,200|해외구매_303,930","_벌크 + 쿨러_250,000|_벌크_168,040|해외구매_303,930","_벌크 + 쿨러_250,000|_벌크_168,040|해외구매_303,930","_벌크 + 쿨러_250,000|_벌크_168,040|해외구매_303,930"
6581257,인텔 코어i7-9세대 9700K (커피레이크-R),"벌크 + 쿨러_248,320|_벌크_217,140|해외구매_277,770|_중고_187,490","벌크 + 쿨러_248,320|_벌크_217,140|해외구매_277,770|_중고_187,490","벌크 + 쿨러_248,320|_벌크_217,140|해외구매_277,770|_중고_187,490","벌크 + 쿨러_248,320|_벌크_217,140|해외구매_277,770|_중고_187,490","벌크 + 쿨러_248,320|_벌크_217,140|해외구매_277,770|_중고_187,490"
7517686,인텔 코어i7-9세대 9700KF (커피레이크-R),"_정품_507,280|병행수입 박스_509,390|벌크 + 쿨러_350,000|_벌크_204,440|해외구매_248,160","_정품_507,280|병행수입 박스_509,390|벌크 + 쿨러_350,000|_벌크_204,440|해외구매_248,160","_정품_507,280|병행수입 박스_509,390|벌크 + 쿨러_350,000|_벌크_204,440|해외구매_248,160","_정품_507,280|병행수입 박스_509,390|벌크 + 쿨러_350,000|_벌크_204,440|해외구매_248,160","_정품_507,280|병행수입 박스_509,390|벌크 + 쿨러_350,000|_벌크_204,440|해외구매_248,160"
11870941,인텔 코어i9-10세대 10900 (코멧레이크S),"_벌크 + 쿨러_715,630|_벌크_709,000|중고_700,000","_벌크 + 쿨러_715,600|_벌크_709,000|중고_700,000","_벌크 + 쿨러_715,500|_벌크_709,000|중고_700,000","_벌크 + 쿨러_715,430|_벌크_709,000|중고_700,000","_벌크 + 쿨러_715,380|_벌크_709,000|중고_700,000"
12309857,인텔 코어i9-10세대 10900K (코멧레이크S),"_벌크 + 쿨러_563,990|_벌크_556,930|해외구매_849,540","_벌크 + 쿨러_563,990|_벌크_556,930|해외구매_849,540","_벌크 + 쿨러_563,990|_벌크_556,930|해외구매_849,540","_벌크 + 쿨러_563,990|_벌크_556,930|해외구매_849,540","_벌크 + 쿨러_563,990|_벌크_556,930|해외구매_849,540"
13825493,인텔 코어i9-11세대 11900 (로켓레이크S),"_벌크_748,000|_해외구매_509,560","_벌크_748,000|_해외구매_509,560","_벌크_748,000|_해외구매_509,560","_벌크_748,000|_해외구매_509,560","_벌크_748,000|_해외구매_509,560"
13825319,인텔 코어i9-11세대 11900F (로켓레이크S),"_벌크 + 쿨러_520,180|_해외구매_493,420",0,0,"_벌크 + 쿨러_520,180|_해외구매_493,420","_벌크 + 쿨러_520,180|_해외구매_493,420"
14867984,인텔 코어i9-11세대 11900K (로켓레이크S),0,0,0,0,"해외구매_558,470"
16101545,인텔 코어i9-12세대 12900 (엘더레이크),"_정품_727,000|벌크 + 쿨러_581,590|_벌크_568,000|중고_690,000","_정품_727,000|벌크 + 쿨러_581,590|_벌크_568,000|중고_690,000","_정품_727,000|벌크 + 쿨러_581,590|_벌크_568,000|중고_690,000","_정품_727,000|벌크 + 쿨러_581,590|_벌크_568,000|중고_690,000","_정품_727,000|벌크 + 쿨러_581,590|_벌크_568,000|중고_690,000"
16233314,인텔 코어i9-12세대 12900F (엘더레이크),"_벌크 + 쿨러_605,000|_벌크_585,000","_벌크 + 쿨러_605,000|_벌크_585,000","_벌크 + 쿨러_605,000|_벌크_585,000","_벌크 + 쿨러_605,000|_벌크_585,000","_벌크 + 쿨러_605,000|_벌크_585,000"
15594887,인텔 코어i9-12세대 12900K (엘더레이크),"_정품_824,990|벌크 + 쿨러_533,920|_벌크_513,690|병행수입 박스_548,570|해외구매_751,990|중고_550,700","_정품_833,990|벌크 + 쿨러_533,920|_벌크_513,690|병행수입 박스_548,570|해외구매_751,990|중고_550,700","_정품_830,990|벌크 + 쿨러_533,920|_벌크_513,690|병행수입 박스_548,570|해외구매_753,870|중고_553,190","_정품_821,990|벌크 + 쿨러_533,920|_벌크_513,690|병행수입 박스_548,570|해외구매_753,870|중고_553,190","_정품_818,990|벌크 + 쿨러_533,920|_벌크_513,690|병행수입 박스_548,570|해외구매_753,870|중고_553,190"
16797257,인텔 코어i9-12세대 12900KF (엘더레이크),"병행수입 박스_515,440|_벌크 + 쿨러_497,080|_벌크_479,970|해외구매_651,240","병행수입 박스_515,440|_벌크 + 쿨러_497,080|_벌크_479,960|해외구매_651,240","병행수입 박스_515,440|_벌크 + 쿨러_497,070|_벌크_479,960|해외구매_651,240","병행수입 박스_515,440|_벌크 + 쿨러_497,070|_벌크_479,960|해외구매_651,240","병행수입 박스_515,440|_벌크 + 쿨러_497,070|_벌크_479,960|해외구매_651,240"
18640472,인텔 코어i9-13세대 13900 (랩터레이크),"_정품_1,043,700|벌크 + 쿨러_712,700|_벌크_689,640|해외구매_1,102,500","_정품_1,043,700|벌크 + 쿨러_712,700|_벌크_689,640|해외구매_1,102,500","_정품_1,043,700|벌크 + 쿨러_712,700|_벌크_689,640|해외구매_1,102,500","_정품_1,043,700|벌크 + 쿨러_712,700|_벌크_689,640|해외구매_1,102,500","_정품_1,043,700|벌크 + 쿨러_712,700|_벌크_689,640|해외구매_1,102,500"
18640442,인텔 코어i9-13세대 13900F (랩터레이크),"_정품_757,940|벌크 + 쿨러_773,330|_벌크_737,580","_정품_757,940|벌크 + 쿨러_773,340|_벌크_737,580","_정품_755,440|벌크 + 쿨러_773,340|_벌크_737,580","_정품_757,940|벌크 + 쿨러_773,340|_벌크_737,580","_정품_757,940|벌크 + 쿨러_773,340|_벌크_737,580"
18039569,인텔 코어i9-13세대 13900K (랩터레이크),"_정품_10,000,000|_벌크 + 쿨러_626,410|벌크_609,300|해외구매_886,000","_정품_10,000,000|벌크 + 쿨러_626,410|_벌크_609,300|해외구매_886,000","_정품_10,000,000|_벌크 + 쿨러_626,400|벌크_609,290|해외구매_886,000","_정품_10,000,000|벌크 + 쿨러_626,400|_벌크_609,290|해외구매_886,000","_정품_10,000,000|벌크 + 쿨러_626,400|_벌크_609,290|해외구매_886,000"
18039512,인텔 코어i9-13세대 13900KF (랩터레이크),"_정품_703,080|벌크 + 쿨러_546,230|_벌크_529,140|해외구매_1,412,560","_정품_703,080|벌크 + 쿨러_546,230|_벌크_529,140|해외구매_1,412,560","_정품_703,080|벌크 + 쿨러_546,220|_벌크_529,130|해외구매_1,412,560","_정품_703,080|벌크 + 쿨러_546,220|_벌크_529,130|해외구매_1,412,560","_정품_703,080|벌크 + 쿨러_546,220|_벌크_529,130|해외구매_1,412,560"
18925844,인텔 코어i9-13세대 13900KS (랩터레이크),"_벌크_1,100,000|_해외구매_1,365,340","_벌크_1,100,000|_해외구매_1,365,340","_벌크_1,100,000|_해외구매_1,365,340","_벌크_1,100,000|_해외구매_1,365,340","_벌크_1,100,000|_해외구매_1,365,340"
32103329,인텔 코어i9-14세대 14900 (랩터레이크 리프레시),"_정품_862,310|벌크 + 쿨러_680,240|_벌크_658,980","_정품_862,310|벌크 + 쿨러_680,240|_벌크_658,980","_정품_887,360|벌크 + 쿨러_680,240|_벌크_658,980","_정품_887,360|벌크 + 쿨러_680,240|_벌크_658,980","_정품_887,360|벌크 + 쿨러_680,240|_벌크_658,980"
32037824,인텔 코어i9-14세대 14900 (랩터레이크 리프레시),"_정품_862,310|벌크 + 쿨러_680,240|_벌크_658,980","_정품_862,310|벌크 + 쿨러_680,240|_벌크_658,980","_정품_887,360|벌크 + 쿨러_680,240|_벌크_658,980","_정품_887,360|벌크 + 쿨러_680,240|_벌크_658,980","_정품_887,360|벌크 + 쿨러_680,240|_벌크_658,980"
32103278,인텔 코어i9-14세대 14900F (랩터레이크 리프레시),"_정품_824,990|벌크 + 쿨러_825,500|_벌크_808,690","_정품_824,990|벌크 + 쿨러_825,500|_벌크_808,690","_정품_824,990|벌크 + 쿨러_825,500|_벌크_808,690","_정품_824,990|벌크 + 쿨러_825,510|_벌크_808,690","_정품_824,990|벌크 + 쿨러_825,500|_벌크_808,690"
32037701,인텔 코어i9-14세대 14900F (랩터레이크 리프레시),"_정품_824,990|벌크 + 쿨러_825,500|_벌크_808,690","_정품_824,990|벌크 + 쿨러_825,500|_벌크_808,690","_정품_824,990|벌크 + 쿨러_825,500|_벌크_808,690","_정품_824,990|벌크 + 쿨러_825,510|_벌크_808,690","_정품_824,990|벌크 + 쿨러_825,500|_벌크_808,690"
28798964,인텔 코어i9-14세대 14900K (랩터레이크 리프레시),"_정품_768,000|_벌크_649,910|해외구매_462,410|벌크+쿨러_693,770","_정품_768,000|_벌크_653,290|해외구매_462,410|벌크+쿨러_691,130","_정품_768,000|_벌크_653,290|해외구매_462,410|벌크+쿨러_691,150","_정품_768,000|_벌크_653,290|해외구매_462,410|벌크+쿨러_688,790","_정품_768,000|_벌크_653,290|해외구매_462,410|벌크+쿨러_688,790"
28799180,인텔 코어i9-14세대 14900KF (랩터레이크 리프레시),"_정품_738,990|_벌크_583,510|해외구매_945,000|벌크+쿨러_618,910","_정품_738,990|_벌크_583,480|해외구매_945,000|벌크+쿨러_618,910","_정품_738,990|_벌크_583,480|해외구매_945,000|벌크+쿨러_618,900","_정품_738,990|_벌크_583,480|해외구매_945,000|벌크+쿨러_618,900","_정품_738,990|_벌크_583,480|해외구매_945,000|벌크+쿨러_618,900"
63032399,인텔 코어i9-14세대 14900KS (랩터레이크 리프레시),"_정품_1,150,000|_벌크_1,000,000|해외구매_1,507,680","_정품_1,150,000|_벌크_1,000,000|해외구매_1,507,680","_정품_1,150,000|_벌크_1,000,000|해외구매_1,507,680","_정품_1,150,000|_벌크_1,000,000|해외구매_1,507,680","_정품_1,150,000|_벌크_1,000,000|해외구매_1,507,680"
40895423,인텔 코어i9-14세대 14900KS (랩터레이크 리프레시),"_정품_1,150,000|_벌크_1,000,000|해외구매_1,507,680","_정품_1,150,000|_벌크_1,000,000|해외구매_1,507,680","_정품_1,150,000|_벌크_1,000,000|해외구매_1,507,680","_정품_1,150,000|_벌크_1,000,000|해외구매_1,507,680","_정품_1,150,000|_벌크_1,000,000|해외구매_1,507,680"
32444732,인텔 코어i9-14세대 14900T (랩터레이크 리프레시),"벌크_978,990","벌크_978,990","벌크_978,990","벌크_978,990","벌크_978,990"
6515580,인텔 코어i9-9세대 9900K (커피레이크-R),"_정품_750,000|벌크 + 쿨러_750,000|벌크_750,000|_중고_324,000|병행수입 박스_750,000|해외구매_722,600","_정품_750,000|벌크 + 쿨러_750,000|벌크_750,000|_중고_324,000|병행수입 박스_750,000|해외구매_722,600","_정품_750,000|벌크 + 쿨러_750,000|벌크_750,000|_중고_324,000|병행수입 박스_750,000|해외구매_722,600","_정품_750,000|벌크 + 쿨러_750,000|벌크_750,000|_중고_324,000|병행수입 박스_750,000|해외구매_722,600","_정품_750,000|벌크 + 쿨러_750,000|벌크_750,000|_중고_324,000|병행수입 박스_750,000|해외구매_722,600"
7892971,인텔 코어i9-9세대 9900KF (커피레이크-R),"_벌크_399,900|_해외구매_450,240","_벌크_399,900|_해외구매_450,240","_벌크_399,900|_해외구매_450,240","_벌크_399,900|_해외구매_450,240","_벌크_399,900|_해외구매_450,240"
4147874,인텔 펜티엄 E6600 (울프데일),"중고_6,296",0,0,0,"중고_6,296"
2099732,인텔 펜티엄 G2030 (아이비브릿지),"중고_3,300",0,0,0,0
6112933,인텔 펜티엄 G3220 (하스웰),"_중고_2,000|_벌크_6,090","_중고_2,000|_벌크_6,090","_중고_2,000|_벌크_6,090","_중고_2,000|_벌크_6,090","_중고_2,000|_벌크_6,090"
6112992,인텔 펜티엄 G3240 (하스웰 리프레시),"중고_2,000","중고_2,000","중고_2,000","중고_2,000","중고_2,000"
6112998,인텔 펜티엄 G3250 (하스웰 리프레시),"중고_1,990","중고_1,990","중고_1,990","중고_1,990","중고_1,990"
6113009,인텔 펜티엄 G3258 (하스웰),0,0,0,"중고_12,250","중고_12,250"
3169328,인텔 펜티엄 G3260 (하스웰 리프레시),"_벌크_4,600|_중고_2,490","_벌크_4,600|_중고_2,490","_벌크_4,600|_중고_2,490","_벌크_4,600|_중고_2,490","_벌크_4,600|_중고_2,490"
2216200,인텔 펜티엄 G3420 (하스웰),"_벌크_3,000|_중고_2,490","_벌크_3,000|_중고_2,490","_벌크_3,000|_중고_2,490","_벌크_3,000|_중고_2,490","_벌크_3,000|_중고_2,490"
2783200,인텔 펜티엄 G3460 (하스웰 리프레시),"_벌크_4,330|_중고_3,900","_벌크_4,330|_중고_3,900","_벌크_4,330|_중고_3,900","_벌크_4,330|_중고_3,900","_벌크_4,330|_중고_3,900"
3493026,인텔 펜티엄 G4400 (스카이레이크),"_벌크 + 쿨러_6,220|벌크_2,190|_중고_1,990","_벌크 + 쿨러_6,230|벌크_2,190|_중고_1,990","_벌크 + 쿨러_6,230|벌크_2,190|_중고_1,990","_벌크 + 쿨러_6,230|벌크_2,190|_중고_1,990","_벌크 + 쿨러_6,230|벌크_2,190|_중고_1,990"
7467193,인텔 펜티엄 G4500 (스카이레이크),"중고_2,000","중고_2,000","중고_1,990","중고_1,990","중고_1,990"
4866397,인텔 펜티엄 G4560 (카비레이크),"벌크 + 쿨러_10,780|_벌크_4,120|해외구매_19,470|_중고_3,500","벌크 + 쿨러_10,780|_벌크_4,110|해외구매_19,470|_중고_3,500","벌크 + 쿨러_10,780|_벌크_4,110|해외구매_19,470|_중고_3,500","벌크 + 쿨러_10,780|_벌크_4,110|해외구매_19,470|_중고_3,500","벌크 + 쿨러_10,780|_벌크_4,110|해외구매_19,470|_중고_3,500"
5221419,인텔 펜티엄 G4600 (카비레이크),"_벌크_6,890|해외구매_30,530|_중고_3,440","_벌크_6,890|해외구매_30,530|_중고_3,440","_벌크_6,890|해외구매_30,530|_중고_3,440","_벌크_6,890|해외구매_30,530|_중고_3,440","_벌크_6,890|해외구매_30,530|_중고_3,440"
1376157,인텔 펜티엄 G620 (샌디브릿지),"_벌크_1,800|_중고_1,800",0,0,0,0
1824690,인텔 펜티엄 G645 (샌디브릿지),"중고_16,180","중고_16,180","중고_16,180","중고_16,180","중고_16,180"
6060229,인텔 펜티엄 골드 G5400 (커피레이크),"_벌크 + 쿨러_17,500|_벌크_11,620|해외구매_28,710|중고_10,890","_벌크 + 쿨러_17,500|_벌크_11,620|해외구매_28,710|중고_6,500","_벌크 + 쿨러_17,500|_벌크_11,620|해외구매_28,710|중고_6,500","_벌크 + 쿨러_17,500|벌크_11,620|해외구매_28,710|_중고_6,500","_벌크 + 쿨러_17,500|벌크_11,620|해외구매_28,710|_중고_6,500"
10535205,인텔 펜티엄 골드 G5420 (커피레이크-R),"_벌크_12,540|해외구매_30,690|_중고_8,890","_벌크_12,540|해외구매_30,690|_중고_8,890","_벌크_12,670|해외구매_30,690|_중고_8,890","_벌크_12,670|해외구매_30,690|_중고_8,890","_벌크_12,670|해외구매_30,690|_중고_8,890"
11480307,인텔 펜티엄 골드 G6400 (코멧레이크S),"_벌크 + 쿨러_66,950|_벌크_61,990|해외구매_188,040|중고_61,970","_벌크 + 쿨러_66,950|_벌크_61,990|해외구매_188,040|중고_61,880","_벌크 + 쿨러_66,950|_벌크_61,990|해외구매_188,040|중고_61,810","_벌크 + 쿨러_66,950|_벌크_61,990|해외구매_188,040|중고_61,750","_벌크 + 쿨러_66,950|_벌크_61,990|해외구매_188,040|중고_61,690"
13620101,인텔 펜티엄 골드 G6405 (코멧레이크S 리프레시),"_정품_159,000|_벌크 + 쿨러_81,260|벌크_77,870","_정품_159,000|_벌크 + 쿨러_81,250|벌크_77,870","_정품_159,000|_벌크 + 쿨러_81,250|벌크_77,870","_정품_159,000|_벌크 + 쿨러_81,250|벌크_77,870","_정품_159,000|_벌크 + 쿨러_81,250|벌크_77,870"
38452358,인텔 프로세서 300 (랩터레이크 리프레시),"_정품_464,990|_벌크_166,500","_정품_464,990|_벌크_156,000","_정품_464,990|_벌크_156,000","_정품_464,990|_벌크_163,000","_정품_464,990|_벌크_170,000"
32039399,인텔 프로세서 300 (랩터레이크 리프레시),"_정품_464,990|_벌크_166,500","_정품_464,990|_벌크_156,000","_정품_464,990|_벌크_156,000","_정품_464,990|_벌크_163,000","_정품_464,990|_벌크_170,000"
