Id,Name,2026-10-01 14:14:24,2026-10-02 14:04:09,2026-10-03 13:46:55,2026-10-04 14:18:29,2026-10-05 14:02:12
56153096,1MORE PistonBuds Pro Q30,"정품_46,940","정품_46,940","정품_46,940","정품_46,940","정품_46,460"
64296371,1MORE Q10K,"정품_28,900|해외구매_39,800","정품_28,900|해외구매_39,800","정품_28,900|해외구매_39,800","정품_28,900|해외구매_39,800","정품_28,900|해외구매_39,800"
64296410,1MORE Q20K,"정품_34,890","정품_34,890","정품_34,890","정품_34,890","정품_34,890"
90437822,1MORE S51,"정품_93,560|해외구매_170,500","정품_93,560|해외구매_170,500","정품_93,560|해외구매_170,500","정품_93,560|해외구매_170,500","정품_93,190|해외구매_170,500"
22102217,1MORE 네오,"해외구매_35,570","해외구매_35,570","해외구매_35,570","해외구매_35,570","해외구매_35,570"
56153114,1MORE 피스톤 버즈 프로 Q30,"해외구매_62,620","해외구매_62,620","해외구매_62,620","해외구매_62,620","해외구매_62,620"
54217994,1Mii Ankbit E35,"109,900","109,900","109,900","109,900","109,900"
27735314,ADV.Sound 니즈모 주니어,"정품_36,900","정품_36,900","정품_36,900","정품_36,900","정품_36,900"
53523125,ANKER Soundcore A20i,"해외구매_67,600","해외구매_67,600","해외구매_67,600","해외구매_67,600","해외구매_67,600"
86740952,ANKER Soundcore K20i A3994,"해외구매_85,200","해외구매_85,200","해외구매_85,200","해외구매_85,200","해외구매_85,200"
18454823,ANKER Soundcore P10 A3850,"해외구매_80,040","해외구매_80,040","해외구매_78,300","해외구매_78,300","해외구매_78,300"
53421806,ANKER Soundcore P20i A3949,"해외구매_40,300","해외구매_40,300","해외구매_40,300","해외구매_40,300","해외구매_40,300"
78176216,ANKER Soundcore P40i A3955,"정품_51,900|해외구매_70,130","정품_51,900|해외구매_70,130","정품_51,900|해외구매_70,130","정품_51,900|해외구매_70,130","정품_51,900|해외구매_70,130"
71721911,ANKER Soundcore 에어로핏 2 A3874,"해외구매_89,140","해외구매_89,140","해외구매_89,140","해외구매_89,140","해외구매_89,140"
122624903,ANKER Soundcore 에어로핏 2 A3874X,"정품_169,900|해외구매_87,815","정품_169,900|해외구매_87,795","정품_169,900|해외구매_87,950","정품_169,900|해외구매_88,164","정품_158,900|해외구매_88,164"
5973958,APOINT QC4,"16,330","16,330","16,330","16,330","16,330"
28208783,APPLE 에어팟 프로2 맥세이프 USB-C MTJV3KH/A,"정품_315,000|해외구매_213,750","정품_314,990|해외구매_213,750","정품_214,090|해외구매_213,750","정품_218,990|해외구매_213,750","정품_208,990|해외구매_213,750"
17941787,APPLE 에어팟 프로2 맥세이프 라이트닝 MQD83KH/A,"정품_338,500|해외구매_463,700","정품_338,500|해외구매_463,700","정품_338,500|해외구매_463,700","정품_338,500|해외구매_463,700","정품_338,500|해외구매_463,700"
15099020,ASUS ROG CETRA II CORE,"정품_226,750|해외구매_135,630","정품_226,750|해외구매_135,630","정품_226,750|해외구매_135,630","정품_226,750|해외구매_135,630","정품_226,750|해외구매_135,630"
20131415,ASUS ROG CETRA II CORE Moonlight White,"해외구매_160,030","해외구매_160,030","해외구매_160,030",0,"해외구매_160,030"
20131424,ASUS ROG CETRA II USB-C 게이밍 이어폰,"해외구매_113,500","해외구매_120,500","해외구매_113,500","해외구매_120,500","해외구매_127,500"
16904846,ASUS ROG CETRA TRUE WIRELESS,"블랙, 정품_168,490|화이트, 정품_105,660|블랙, 해외구매_157,000","블랙, 정품_168,490|화이트, 정품_105,660|블랙, 해외구매_157,000","블랙, 정품_168,490|화이트, 정품_105,660|블랙, 해외구매_157,000","블랙, 정품_168,490|화이트, 정품_102,420|블랙, 해외구매_157,000","블랙, 정품_168,490|화이트, 정품_102,420|블랙, 해외구매_157,000"
32091956,ASUS ROG CETRA TRUE WIRELESS SPEEDNOVA,"정품_379,000|해외구매_201,910","정품_379,000|해외구매_201,910","정품_379,000|해외구매_201,910","정품_379,000|해외구매_201,910","정품_379,000|해외구매_201,910"
6539647,Actto GERP-01 빅토,"16,560","16,560","16,560","16,560","16,560"
8044897,Actto GERP-02 배틀,"21,300","21,300","21,300","21,300","21,300"
15603419,Actto 러쉬 게이밍 이어폰 GERP-06,"21,900","21,900","21,900","21,900","21,900"
10274523,Actto 시저 GERP-03,"27,742","27,742","27,742","27,742","27,742"
14771015,Actto 인텐스 게이밍 이어폰 GERP-05,"13,900","13,900","13,900","13,900","13,900"
11747957,Actto 트리플 GERP-04,"37,400","37,400","37,400","37,400","37,400"
15604337,Actto 트리플 드라이버 게이밍 이어폰 GERP-07,"26,400","26,400","26,400","26,400","26,400"
18833957,Angry Miao CYBERBLADE,"해외구매_559,460","해외구매_559,460","해외구매_559,460","해외구매_559,460","해외구매_559,460"
19569521,Axxen SK106,"88,940","88,940","88,940","88,940","88,930"
67512923,BOSE QC 이어버드 2024년형,"정품_195,000","정품_195,000","정품_195,000","정품_195,000","정품_195,000"
100691606,BUTTONS CLIP,"정품_259,000","정품_259,000","정품_259,000","정품_259,000","정품_269,100"
67371431,Britz BZ-GT05,"정품_34,900","정품_34,900","정품_34,900","정품_34,900","정품_34,900"
13469678,Britz 브리츠인터내셔널 Acoustic ANC 3,"97,010","97,010","97,010","97,010","97,010"
13794788,Britz 브리츠인터내셔널 AcousticANC1,"79,000","79,000","79,000","79,000","79,000"
17145536,Britz 브리츠인터내셔널 AcousticPods,"45,380","45,380","45,380","45,380","45,380"
28605899,Britz 브리츠인터내셔널 AcousticSnap5,"64,000","64,000","64,000","64,000","64,000"
31465079,Britz 브리츠인터내셔널 BR-E1 Pro,"99,000","99,000","99,000","99,000","99,000"
77205101,Britz 브리츠인터내셔널 BZ-D100X,"정품_49,900","정품_49,900","정품_49,900","정품_49,900","정품_49,900"
90889994,Britz 브리츠인터내셔널 BZ-DR5 Pro,"정품_49,900","정품_49,900","정품_49,900","정품_49,900","정품_49,900"
73694930,Britz 브리츠인터내셔널 BZ-HJ10,"정품_41,460","정품_41,460","정품_41,460","정품_41,460","정품_41,460"
61545470,Britz 브리츠인터내셔널 BZ-Mode3,"정품_18,230","정품_18,230","정품_18,230","정품_18,230","정품_18,230"
52157786,Britz 브리츠인터내셔널 BZ-OWS7,"49,900","49,900","49,900","49,900","49,900"
64377458,Britz 브리츠인터내셔널 Fit5Pro,"정품_54,900|중고_42,600","정품_54,900","정품_54,900","정품_54,900","정품_54,900"
5891784,Britz 브리츠인터내셔널 KP590,"정품_25,990","정품_25,990","정품_25,990","정품_25,990","정품_25,990"
31949270,Britz 브리츠인터내셔널 ProPods9 ANC,"39,900","39,900","39,900","39,900","39,900"
92357294,Britz 브리츠인터내셔널 Propods5 Plus,"정품_34,900","정품_34,900","정품_34,900","정품_34,900","정품_34,900"
91351889,CVJ Shadow Blade,"정품_80,550","정품_80,550","정품_80,550","정품_80,550","정품_80,550"
91351922,CVJ 어쌔신,"정품_75,580|해외구매_61,480","정품_75,580|해외구매_61,480","정품_75,530|해외구매_61,480","정품_75,400|해외구매_61,480","정품_75,280|해외구매_61,480"
20656436,Creative Outlier Free,"해외구매_199,900","해외구매_199,900","해외구매_199,900","해외구매_199,900","해외구매_118,110"
20656886,Creative Outlier Free Pro,"정품_143,000|해외구매_280,270","정품_143,000|해외구매_280,270","정품_143,000|해외구매_280,270","정품_143,000|해외구매_280,270","정품_143,000|해외구매_280,270"
78848345,Creative Outlier Free Pro Plus,"해외구매_176,460","해외구매_176,420","해외구매_176,320","해외구매_176,240","해외구매_176,180"
66138872,Creative ZEN AIR SXFI,"정품_82,770|해외구매_168,240","정품_82,770|해외구매_168,240","정품_82,770|해외구매_168,240","정품_82,770|해외구매_168,240","정품_82,770|해외구매_168,240"
122695616,ENZO 크리스탈 인이어 유선 이어폰,"정품_19,080","정품_19,080","정품_19,080","정품_19,080","정품_19,080"
13578926,EPOS 젠하이저 GTW 270 하이브리드,"정품_557,050|해외구매_177,960","정품_557,050|해외구매_177,960","정품_557,000|해외구매_177,960","정품_556,930|해외구매_177,960","정품_556,870|해외구매_177,960"
93861260,EPZ G20,"정품_69,000|해외구매_83,160","정품_69,000|해외구매_83,160","정품_69,000","정품_69,000","정품_69,000"
17998988,FAE Tech Korea 아이작 G7,"정품_34,600","정품_34,600","정품_34,600","정품_34,600","정품_34,600"
19394675,FIIL CC Pro2,"해외구매_76,704","해외구매_76,704","해외구매_76,704","해외구매_76,704","해외구매_76,704"
95932712,FiiO FW3,"해외구매_115,520","해외구매_115,520","해외구매_115,520","해외구매_115,520","해외구매_115,520"
92763194,GZ G-Z01,"정품_19,350","정품_19,350","정품_19,350","정품_23,360","정품_19,350"
98415824,Google Pixel Buds Pro 2,"해외구매_353,000","해외구매_353,000","해외구매_353,000","해외구매_353,000","해외구매_353,000"
77278529,HAYLOU AirFree,"해외구매_26,490","해외구매_26,490","해외구매_26,490","해외구매_26,490","해외구매_26,490"
102912680,HAYLOU X1 NEO,"해외구매_69,800","해외구매_69,800",0,0,0
94884929,HyperX Cirro Buds Pro,"정품_118,870","정품_118,870","정품_118,870","정품_118,870","정품_118,870"
27944486,HyperX Cloud Earbuds II,"정품_49,760|해외구매_45,310","정품_49,760|해외구매_45,310","정품_49,760|해외구매_45,310","정품_49,760|해외구매_45,310","정품_49,760|해외구매_45,310"
124198819,HyperX Cloud Earbuds III S,"정품_89,900","정품_89,900","정품_89,900","정품_89,900","정품_89,900"
17618555,HyperX Cloud MIX Buds,"해외구매_216,080","해외구매_216,080","해외구매_216,080","해외구매_216,080","해외구매_216,080"
76463735,HyperX Cloud MIX Buds 2 7D0A4AA,"정품_149,270","정품_149,270","정품_149,270","정품_149,270","정품_149,270"
17790365,JBL QUANTUM 50,"정품_50,320","정품_50,320","정품_50,320","정품_50,320","정품_50,320"
73693946,JBL QUANTUM 50C,"정품_39,520","정품_39,510","정품_39,510","정품_39,510","정품_39,510"
17952506,JBL QUANTUM TWS,"해외구매_198,400","해외구매_198,400","해외구매_198,400","해외구매_198,400","해외구매_198,400"
73693430,JBL QUANTUM TWS AIR,"정품_93,986|해외구매_268,900","정품_93,986|해외구매_268,900","정품_93,986|해외구매_268,900","정품_93,986|해외구매_268,900","정품_94,660|해외구매_268,900"
72114464,JVC Victor HA-FX150T,"해외구매_219,000","해외구매_219,000","해외구매_219,000","해외구매_219,000","해외구매_219,000"
72114614,JVC Victor HA-FX550T,"해외구매_197,600","해외구매_197,600","해외구매_197,600","해외구매_197,600","해외구매_197,600"
91039280,JVC Victor HA-XC72T,"해외구매_120,000","해외구매_120,000","해외구매_120,000","해외구매_120,000","해외구매_120,000"
16400516,LG전자 톤프리 TONE-TFP3,"234,600","234,560","234,500","234,440","234,380"
17738081,LG전자 톤프리 TONE-UT90Q,"223,040","223,020","222,960","222,900","222,840"
102491744,LG전자 톤프리 TONE-UT90Q 이어버드 단품,"화이트, 오른쪽_91,900","화이트, 오른쪽_91,900","화이트, 오른쪽_91,900","화이트, 오른쪽_91,900","화이트, 오른쪽_91,900"
76791440,MAXTILL GM-8D100,"정품_23,310","정품_23,310","정품_23,310","정품_23,310","정품_23,310"
54959189,MONKA BE-965,"61,900","61,900","49,900","49,900","49,900"
6294045,MSI GH10,"해외구매_135,040","해외구매_135,040","해외구매_135,040","해외구매_135,040","해외구매_135,040"
49163018,Nothing CMF Buds,"해외구매_67,110","해외구매_67,110","해외구매_67,110","해외구매_67,110","해외구매_67,110"
88207364,Nothing CMF Buds 2,"정품_105,300|해외구매_113,600","정품_105,300|해외구매_113,600","정품_105,300|해외구매_113,600","정품_105,300|해외구매_113,600","정품_105,300|해외구매_113,600"
95203241,Nothing CMF Buds 2a,"정품_61,100","정품_62,510","정품_65,620","정품_65,620","정품_65,620"
62161217,Nothing CMF Buds Pro 2,"정품_79,000|해외구매_79,000","정품_79,000|해외구매_79,000","정품_74,260|해외구매_79,000","정품_74,260|해외구매_79,000","정품_74,260|해외구매_79,000"
51549122,Nothing Ear,"정품_247,200|해외구매_119,490","정품_247,200|해외구매_119,490","정품_247,200|해외구매_122,120","정품_247,200|해외구매_122,120","정품_247,200|해외구매_122,120"
19504880,Nothing Ear (2),"해외구매_203,400","해외구매_203,400","해외구매_203,400","해외구매_203,400","해외구매_203,400"
99127763,Nothing Ear (3),"정품_219,000|해외구매_376,800","정품_219,000|해외구매_376,800","정품_219,000|해외구매_376,800","정품_219,000|해외구매_376,800","정품_219,000|해외구매_376,800"
51548801,Nothing Ear (a),"정품_99,000|해외구매_90,400","정품_99,000|해외구매_90,400","정품_93,060|해외구매_90,450","정품_93,060|해외구매_90,450","정품_93,060|해외구매_90,450"
72472355,Nothing Ear (open),"정품_159,000|해외구매_159,610","정품_159,000|해외구매_159,610","정품_158,860|해외구매_162,420","정품_158,860|해외구매_162,420","정품_158,860|해외구매_162,420"
29825432,PSI코리아 Nutz 오르골 T200,"정품_49,000","정품_49,000","정품_49,000","정품_49,000","정품_49,000"
62162780,QCY AilyBuds Clear T32,"해외구매_33,780","해외구매_33,780","해외구매_33,780","해외구매_33,780","해외구매_33,780"
78240839,QCY AilyBuds E10 QT35,"해외구매_17,570","해외구매_17,570","해외구매_17,570","해외구매_17,570","해외구매_17,570"
86101646,QCY AilyBuds E20 HT13,"해외구매_17,700","해외구매_17,700","해외구매_17,700","해외구매_17,700","해외구매_17,700"
54963269,QCY AilyBuds Lite QT29,"정품_26,900|해외구매_18,860","정품_26,900|해외구매_18,860","정품_26,900|해외구매_18,850","정품_26,900|해외구매_18,850","정품_26,900|해외구매_18,840"
64468826,QCY AilyBuds Pro HT10,"정품_39,900|해외구매_47,500","정품_39,900|해외구매_47,500","정품_39,900|해외구매_47,500","정품_39,900|해외구매_47,500","정품_39,900|해외구매_47,500"
64468982,QCY AilyBuds Pro+ HT10-Hires,"정품_46,990|해외구매_48,260","정품_46,990|해외구매_48,260","정품_46,990|해외구매_48,260","정품_46,990|해외구매_50,440","정품_46,990|해외구매_50,440"
17830622,QCY AilyPods T20,"정품_50,730","정품_50,730","정품_50,730","정품_50,730","정품_50,730"
28370681,QCY ArcBuds HT07,"정품_78,990|해외구매_39,910","정품_78,990|해외구매_39,910","정품_78,990|해외구매_39,910","정품_78,990|해외구매_39,910","정품_78,990|해외구매_39,910"
20640293,QCY ArcBuds Lite T27,"해외구매_151,870","해외구매_151,870","해외구매_151,870","해외구매_151,870","해외구매_151,870"
30257801,QCY C1,"정품_19,900","정품_19,900","정품_19,900","정품_19,900","정품_19,900"
20640557,QCY C2,"해외구매_53,400","해외구매_53,400","해외구매_53,400","해외구매_53,400","해외구매_53,400"
78241076,QCY Crossky C30S,"해외구매_36,990","해외구매_36,990","해외구매_36,990","해외구매_36,990","해외구매_36,990"
123807035,QCY Crossky C50,"정품_54,900|해외구매_43,020","정품_54,900|해외구매_43,020","정품_54,900|해외구매_43,020","정품_54,900|해외구매_43,020","정품_54,900|해외구매_43,020"
123971895,QCY Crossky C50i,"2개, 해외구매_81,680|해외구매_36,440","2개, 해외구매_81,680|해외구매_36,440","2개, 해외구매_81,680|해외구매_36,440","2개, 해외구매_81,680|해외구매_36,440","2개, 해외구매_81,680|해외구매_36,440"
65910779,QCY Crossky GTR2 T30,"정품_33,500|해외구매_31,070","정품_33,500|해외구매_31,070","정품_33,500|해외구매_31,070","정품_33,500|해외구매_31,070","정품_33,500|해외구매_31,070"
21533051,QCY Crossky Link T22,"정품_26,500","정품_26,500","정품_26,500","정품_26,500","정품_26,500"
16809392,QCY G1,"정품_266,570","정품_266,570","정품_266,570","정품_266,570","정품_266,570"
106693007,QCY MeloBuds N20,"해외구매_25,500","해외구매_25,500","해외구매_25,500","해외구매_25,500","해외구매_25,500"
92968457,QCY MeloBuds N30 HT16,"정품_25,800|해외구매_29,900","정품_25,800|해외구매_29,900","정품_25,800|해외구매_29,900","정품_25,800|해외구매_29,900","정품_25,800|해외구매_29,900"
100190570,QCY MeloBuds N60 HT19,"해외구매_46,900","해외구매_46,900","해외구매_46,900","해외구매_46,900","해외구매_46,900"
95423273,QCY MeloBuds N70 HT18,"해외구매_78,210","해외구매_78,210","해외구매_78,210","해외구매_78,210","해외구매_78,210"
71645780,QCY MeloBuds Pro HT08,"정품_46,900|해외구매_47,904","정품_46,900|해외구매_47,904","정품_46,900|해외구매_47,904","정품_46,900|해외구매_47,904","정품_46,900|해외구매_47,904"
62322620,QCY MeloBuds neo T31,"정품_29,900|해외구매_17,700","정품_29,900|해외구매_17,700",0,0,"정품_29,900|해외구매_17,700"
100383947,QCY MeloBuds neo T31,"정품_29,900|해외구매_17,700","정품_29,900|해외구매_17,700","정품_29,900|해외구매_17,700","정품_29,900|해외구매_17,700","정품_29,900|해외구매_17,700"
19927838,QCY T13 ANC,"정품_28,200|해외구매_35,330","정품_28,200|해외구매_35,330","정품_28,200|해외구매_35,330","정품_28,200|해외구매_35,330","정품_28,200|해외구매_35,330"
52367075,QCY T13 ANC 2,"정품_28,900|해외구매_38,320","정품_28,900|해외구매_38,320","정품_28,900|해외구매_38,320","정품_28,900|해외구매_38,320","정품_28,900|해외구매_38,320"
30257405,QCY T13X,"정품_25,900|해외구매_37,990","정품_25,900|해외구매_37,990","정품_25,900|해외구매_37,990","정품_25,900|해외구매_37,990","정품_25,900|해외구매_37,990"
16818110,QCY T17,"정품_34,300|해외구매_31,890","정품_34,300|해외구매_34,160","정품_34,300|해외구매_32,680","정품_34,300|해외구매_34,160","정품_37,990|해외구매_32,680"
16914116,QCY T18,"정품_272,340","정품_272,340","정품_272,340","정품_272,340","정품_272,340"
96258452,QCY T41 AIR,"정품_27,270","정품_27,270","정품_27,260","정품_27,260","정품_27,250"
94814210,QCY T43 Buds,"정품_19,900","정품_19,900","정품_19,900","정품_19,900","정품_19,900"
18066026,ROCCAT SYN Buds Air,"정품_119,900","정품_119,900","정품_119,900","정품_119,900","정품_119,900"
19427309,Razer Hammerhead HyperSpeed PS5 Licensed,"정품_229,000|해외구매_216,680","정품_229,000|해외구매_216,590","정품_229,000|해외구매_216,520","정품_229,000|해외구매_216,470","정품_229,000|해외구매_216,400"
20429402,Razer Hammerhead Pro Hyperspeed,"해외구매_211,410","해외구매_211,410","해외구매_211,410","해외구매_211,410","해외구매_211,410"
14227610,Razer Hammerhead True Wireless Pro,"해외구매_202,200","해외구매_202,200","해외구매_202,200","해외구매_202,200","해외구매_202,200"
94934597,Razer Hammerhead V3,"블랙_79,000|화이트_79,000","블랙_79,000|화이트_79,000","블랙_79,000|화이트_79,000","블랙_79,000|화이트_79,000","블랙_79,000|화이트_79,000"
122634182,Razer Hammerhead V3 HyperSpeed,"정품_229,000","정품_229,000","정품_229,000","정품_229,000","정품_229,000"
122628299,Razer Hammerhead V3 X HyperSpeed,"정품_139,000|해외구매_181,080","정품_139,000|해외구매_181,080","정품_139,000|해외구매_181,080","정품_139,000|해외구매_181,080","정품_139,000|해외구매_181,080"
123537759,Razer Hammerhead V3 X HyperSpeed for PlayStation,"정품_159,000","정품_159,000","정품_159,000","정품_159,000","정품_159,000"
123537698,Razer Hammerhead V3 X HyperSpeed for Xbox,"정품_159,000","정품_159,000","정품_159,000","정품_159,000","정품_159,000"
37825949,SIE 플레이스테이션 PULSE Explore,"정품_226,000|해외구매_255,990","정품_226,000|해외구매_255,990","정품_226,000|해외구매_255,990","정품_229,000|해외구매_255,990","정품_226,000|해외구매_255,990"
79408250,SKY 핏 버즈 S IM-S34,"정품_53,970","정품_53,970","정품_53,970","정품_53,970","정품_53,970"
72304982,SKY 핏 버즈 X IM-A26,"정품_18,990","정품_18,990","정품_18,990","정품_18,990","정품_18,990"
72304559,SKY 핏 페블 IM-A27,"정품_49,990","정품_49,990","정품_49,990","정품_49,990","정품_49,990"
28775405,SONY INZONE Buds WF-G700N,"정품_216,600|해외구매_192,020","정품_219,000|해외구매_192,020","정품_219,000|해외구매_192,020","정품_219,000|해외구매_192,020","정품_219,000|해외구매_192,020"
97305107,SONY INZONE E9 IER-G900,"정품_154,400|해외구매_195,190","정품_154,400|해외구매_195,190","정품_154,400|해외구매_195,190","정품_154,400|해외구매_195,190","정품_154,400|해외구매_195,190"
99739352,SONY INZONE E9 IER-G900,"정품_154,400|해외구매_195,190","정품_154,400|해외구매_195,190","정품_154,400|해외구매_195,190","정품_154,400|해외구매_195,190","정품_154,400|해외구매_195,190"
14929901,Saramonic Games Monic SR-BH60,"113,345","113,345","113,345","113,345","114,821"
122683760,Smartek STBT-TW1300,"정품_12,900","정품_12,900","정품_12,900","정품_12,900","정품_12,900"
96310748,Smartek STBT-TW6500LCD,"정품_26,420","정품_26,420","정품_26,420","정품_26,420","정품_26,420"
67680776,Smartek STE-GM1,"16,900","16,900","16,900","16,900","16,900"
27943439,SoundPEATS Air 4 Lite,"해외구매_71,340","해외구매_71,340","해외구매_71,340","해외구매_71,340","해외구매_71,340"
79115312,SoundPEATS Air 5,"해외구매_141,570","해외구매_141,570","해외구매_141,570","해외구매_141,570","해외구매_141,570"
75470201,SoundPEATS Air 5 Lite,"해외구매_68,210","해외구매_68,210","해외구매_68,210","해외구매_68,210","해외구매_68,210"
91191932,SoundPEATS Air 5 Pro,"정품_87,690","정품_87,690","정품_87,690","정품_87,690","정품_87,690"
77278421,SoundPEATS CC Pearlclip Pro,"정품_67,000|해외구매_68,400","정품_67,000|해외구매_68,400","정품_67,000|해외구매_68,400","정품_67,000|해외구매_68,400","정품_67,000|해외구매_68,400"
21459455,SoundPEATS Capsule 3 Pro,"해외구매_72,100","해외구매_72,100","해외구매_72,100","해외구매_72,100","해외구매_72,100"
21441473,SoundPEATS Engine 4,"해외구매_154,640","해외구매_154,640","해외구매_154,640","해외구매_154,640","해외구매_154,640"
97357622,SoundPEATS H3,"해외구매_135,370","해외구매_135,370","해외구매_135,360","해외구매_135,360","해외구매_135,350"
124260325,SoundPEATS T3 Pro,"정품_17,900|2개, 정품_30,770|해외구매_59,800","정품_17,900|2개, 정품_30,770|해외구매_59,800","정품_17,900|2개, 정품_30,260|해외구매_59,800","정품_17,900|2개, 정품_30,260|해외구매_59,800","정품_17,900|2개, 정품_32,300|해외구매_59,800"
79603781,SoundPEATS T3 Pro,"정품_17,900|2개, 정품_30,770|해외구매_59,800","정품_17,900|2개, 정품_30,770|해외구매_59,800","정품_17,900|2개, 정품_30,260|해외구매_59,800","정품_17,900|2개, 정품_30,260|해외구매_59,800","정품_17,900|2개, 정품_32,300|해외구매_59,800"
21461741,SoundPEATS Wings 2,"해외구매_35,830","해외구매_35,830","해외구매_35,830","해외구매_35,830","해외구매_35,830"
14511092,Sounder X4,"해외구매_67,930","해외구매_67,930","해외구매_67,930","해외구매_67,930","해외구매_67,930"
73696388,TANCHJIM MINO Asano,"해외구매_87,600","해외구매_87,600","해외구매_87,600","해외구매_87,600","해외구매_87,600"
96856463,TOZO 오픈라임,"정품_49,000","정품_49,000","정품_49,000","정품_49,000","정품_49,000"
63139517,XTRA gni-310,"41,600","41,600","41,600","41,600","41,600"
20747429,그라바스타 Sirius P5,"크리스탈, 해외구매_180,010","크리스탈, 해외구매_180,010","크리스탈, 해외구매_180,010","크리스탈, 해외구매_180,010","크리스탈, 해외구매_180,010"
50000789,그린솔루션 펭카 언즈 PO100,"39,000","39,000","39,000","39,000","39,000"
20612951,노키아 Go Earbuds 2 Pro TWS-222,"49,900","49,900","49,900","49,900","49,900"
29486825,노키아 Go Earbuds 2 TWS-112,"47,900","47,900","47,900","47,900","47,900"
27918824,누심비 트리플 드라이버 게이밍 이어폰,"24,370","24,370","24,370","24,370","24,370"
43532429,두원통상 디보이스 GE-200BC,"25,110","25,110","25,110","25,110","25,110"
92967485,디알고 ANCEP,"정품_18,900","정품_18,900","정품_18,900","정품_18,900","정품_18,900"
14973056,디알고 EP01,"22,500","22,500","22,500","22,500","22,500"
14960540,디알고 EP05C,"26,230","26,230","26,230","26,230","26,230"
15044618,디알고 게이밍 RGB 이어폰 GT03,"37,180","37,180","37,180","37,180","37,180"
16815374,디에이치컴퍼니 듀얼홈 듀터스 DH-AE100,"59,000","59,000","59,000","59,000","59,000"
91767884,라이트컴 COMS FU145,"정품_25,500","정품_25,500","정품_25,500","정품_25,500","정품_25,500"
97775282,라익미 사운드미 LE10,"화이트_9,900|베이지_9,900","화이트_9,900|베이지_9,900","화이트_9,900|베이지_9,900","화이트_9,900|베이지_9,900","화이트_9,900|베이지_9,900"
97775270,라익미 사운드미 LE10,"화이트_9,900|베이지_9,900","화이트_9,900|베이지_9,900","화이트_9,900|베이지_9,900","화이트_9,900|베이지_9,900","화이트_9,900|베이지_9,900"
104373767,램스혼 터치스크린 WE-1,"정품_43,870","정품_43,870","정품_43,870","정품_43,870","정품_43,870"
20242811,레노버 GM2 PRO,"해외구매_21,200","해외구매_21,200","해외구매_21,200","해외구매_21,200","해외구매_21,200"
20338559,레노버 LP6,"해외구매_36,500","해외구매_36,500","해외구매_36,500","해외구매_36,500","해외구매_36,500"
43524818,레노버 Lecoo EW302,"34,900","34,900","34,900","34,900","34,900"
43524569,레노버 Lecoo EW303,"45,410","45,410","45,410","45,410","45,410"
62651033,레노버 씽크플러스 TW60,"해외구매_18,180","해외구매_18,180",0,0,0
19747940,레노버 씽크플러스 XT80,"해외구매_9,690","해외구매_9,690","해외구매_9,690","해외구매_9,690","해외구매_9,690"
30122966,레노버 씽크플러스 XT83II,"해외구매_13,870","해외구매_13,870","해외구매_13,870","해외구매_13,870","해외구매_13,870"
64271096,로지텍 G333,"해외구매_76,680","해외구매_76,680","해외구매_76,680","해외구매_76,680","해외구매_76,680"
15123737,로지텍 G333 K/DA 게이밍 이어셋,"해외구매_70,300","해외구매_70,300","해외구매_70,300","해외구매_70,300","해외구매_70,300"
74810654,롯데하이마트 하이메이드 X 블라우풍트 블루투스 이어폰 HMTWS-BL01,"정품_14,950",0,0,0,0
98484326,리썬즈몰 밥튠 8D,"정품_102,000","정품_102,000","정품_102,000","정품_102,000","정품_102,000"
54324596,마이크로스톤 젤센 ZELPODS PRO,"48,200","48,200","48,200","48,200","48,200"
92108039,마이크로스톤 젤센 젤팟 액티브 스윔,"정품_94,850","정품_92,880","정품_92,880","정품_92,880","정품_92,880"
96480161,마이크로스톤 젤센 젤팟 액티브 클래식,"정품_198,000","정품_198,000","정품_198,000","정품_198,000","정품_198,000"
92965946,마타스튜디오 에어튠,"정품_32,000","정품_32,000","정품_32,000","정품_32,000","정품_32,000"
21702560,맨큐 A13,"정품_59,200","정품_59,200","정품_59,200","정품_59,200","정품_59,200"
8489697,메이커스잼 ES-300,"9,350","9,350","9,350","9,350","9,350"
63140600,몬스터 OPEN FREE AC100,"해외구매_42,470","해외구매_42,470","해외구매_42,470","해외구매_42,470","해외구매_42,470"
79039673,몬스터 XKT10 PRO,"해외구매_41,160","해외구매_41,160","해외구매_41,160","해외구매_41,160","해외구매_41,160"
78990095,몬스터 XKT12,"해외구매_36,990","해외구매_38,120","해외구매_38,120","해외구매_38,120","해외구매_38,120"
97307663,몬스터이어 쉐도우 X,"정품_88,990|+4.4mm 케이블_121,260","정품_88,990|+4.4mm 케이블_121,260","정품_88,990|+4.4mm 케이블_121,260","정품_88,990|+4.4mm 케이블_121,260","정품_88,990|+4.4mm 케이블_121,260"
97307648,몬스터이어 쉐도우 X,"정품_88,990|+4.4mm 케이블_121,260","정품_88,990|+4.4mm 케이블_121,260","정품_88,990|+4.4mm 케이블_121,260","정품_88,990|+4.4mm 케이블_121,260","정품_88,990|+4.4mm 케이블_121,260"
91423970,미니소 M98,"해외구매_40,940","해외구매_40,940","해외구매_40,940","해외구매_40,940","해외구매_40,940"
95989898,미니소 X28,"해외구매_28,200","해외구매_28,200","해외구매_28,200","해외구매_28,200","해외구매_28,200"
59760254,베이스어스 Bowie 35,"36,990","36,950","36,950","36,950","36,950"
53421704,베이스어스 Bowie EZ10,"해외구매_19,100","해외구매_19,100","해외구매_19,100","해외구매_19,100","해외구매_19,100"
52157846,베이스어스 Bowie M2s,"정품_28,970|해외구매_30,600","정품_28,970|해외구매_30,600","정품_28,960|해외구매_30,600","정품_28,960|해외구매_30,600","정품_28,950|해외구매_30,600"
55384679,베이스어스 Bowie MA10S,"정품_27,100","정품_27,090","정품_24,800","정품_26,100","정품_26,100"
17613134,베이스어스 Bowie WM02,"해외구매_31,680","해외구매_31,680","해외구매_31,680","해외구매_31,680","해외구매_31,680"
20597147,블라우풍트 BLP-BE331,"블랙_48,900|화이트_29,900|레드_48,900|퍼플_48,900|옐로우_48,900","블랙_48,900|화이트_29,900|레드_48,900|퍼플_48,900|옐로우_48,900","블랙_48,900|화이트_29,900|레드_48,900|퍼플_48,900|옐로우_48,900","블랙_54,900|화이트_29,900|레드_54,900|퍼플_54,900|옐로우_54,900","블랙_54,900|화이트_29,900|레드_54,900|퍼플_54,900|옐로우_54,900"
24709895,블라우풍트 BLP-BE341,"블랙_39,600","블랙_39,600","블랙_39,600","블랙_39,600","블랙_39,600"
53883353,블라우풍트 BLP-BE352,"43,900","43,900","43,900","55,800","55,800"
67372736,블라우풍트 BLP-BE363,"정품_26,900","정품_26,900","정품_26,900","정품_26,900","정품_26,900"
79028411,블라우풍트 BLP-BE365,"정품_26,900","정품_26,900","정품_26,900","정품_26,900","정품_26,900"
28531961,삼성전자 갤럭시 버즈 FE SM-R400,"정품_164,480|해외구매_118,000|해외리퍼비시_147,870","정품_164,480|해외구매_118,000|해외리퍼비시_147,870","정품_164,460|해외구매_117,950|해외리퍼비시_147,870","정품_164,400|해외구매_117,820|해외리퍼비시_147,870","정품_164,340|해외구매_117,710|해외리퍼비시_147,870"
28856237,삼성전자 갤럭시 버즈 FE SM-R400N,"해외구매_150,810","해외구매_150,750","해외구매_150,700","해외구매_150,630","해외구매_150,570"
11915881,삼성전자 갤럭시 버즈 라이브 SM-R180,"정품_595,000","정품_595,000","정품_595,000","정품_595,000","정품_595,000"
13010462,삼성전자 갤럭시 버즈 프로 SM-R190,"정품_239,800|해외리퍼비시_148,390","정품_239,800|해외리퍼비시_148,390","정품_239,800|해외리퍼비시_148,390","정품_239,800|해외리퍼비시_148,390","정품_239,800|해외리퍼비시_148,390"
10567197,삼성전자 갤럭시 버즈 플러스 SM-R175,"해외구매_386,430","해외구매_386,430","해외구매_386,430","해외구매_386,430","해외구매_386,430"
14986085,삼성전자 갤럭시 버즈2 SM-R177,"정품_220,000|해외구매_127,200","정품_220,000|해외구매_127,140","정품_220,000|해외구매_127,130","정품_220,000|해외구매_127,120","정품_220,000|해외구매_127,060"
17641574,삼성전자 갤럭시 버즈2 프로 SM-R510,"정품_281,000|해외구매_231,750","정품_281,000|해외구매_231,750","정품_281,000|해외구매_231,750","정품_281,000|해외구매_231,750","정품_281,000|해외구매_231,750"
59541506,삼성전자 갤럭시 버즈3 SM-R530N,"정품_178,990|해외구매_181,900","정품_158,640|해외구매_181,900","정품_178,990|해외구매_181,900","정품_178,990|해외구매_181,900","정품_178,990|해외구매_181,900"
122709919,삼성전자 갤럭시 버즈3 SM-R530N + 아몬드브리즈 오리지널 케이스,"정품_200,460","정품_200,460","정품_200,460","정품_200,460","정품_200,460"
59537216,삼성전자 갤럭시 버즈3 프로 SM-R630N,"정품_219,530|해외구매_170,465|중고_180,420","정품_219,530|해외구매_170,465|중고_180,420","정품_219,530|해외구매_170,465|중고_180,420","정품_219,530|해외구매_170,465|중고_180,420","정품_219,530|해외구매_170,465|중고_180,420"
122709988,삼성전자 갤럭시 버즈3 프로 SM-R630N + 아머 케이스 카키,"정품_265,640","정품_265,640","정품_265,640","정품_265,640","정품_265,640"
122709970,삼성전자 갤럭시 버즈3 프로 SM-R630N + 아몬드브리즈 케이스,"정품_261,530","정품_261,530","정품_261,530","정품_261,530","정품_261,530"
122709925,삼성전자 갤럭시 버즈3 프로 SM-R630N + 카라비너 클립 케이스,"정품_263,500","정품_263,500","정품_263,500","정품_263,500","정품_263,500"
106702613,삼성전자 갤럭시 버즈4 SM-R540,"정품_218,860|해외구매_173,213","정품_218,850|해외구매_173,727","정품_218,730|해외구매_173,213","정품_218,600|해외구매_173,213","정품_218,490|해외구매_173,213"
106702589,삼성전자 갤럭시 버즈4 프로 SM-R640,"정품_304,660|해외구매_209,200","정품_304,660|해외구매_209,200","정품_314,930|해외구매_209,200","정품_314,800|해외구매_209,200","정품_314,680|해외구매_209,200"
16475345,삼지아이티 피스넷 게이밍 이어폰,"41,330","41,330","41,330","41,330","41,330"
72969116,삼지아이티 피스넷 마이크본,"정품_116,790","정품_116,790","정품_116,790","정품_116,790","정품_116,790"
64296605,삼지아이티 피스넷 워터본,"99,900","99,900","99,900","99,900","99,900"
74417189,상도아이앤티 ANYZONE ANY-E2 ProFit,"정품_20,400","정품_20,400","정품_21,000","정품_21,000","정품_21,000"
20299799,샤오미 레드미 버즈 4 라이트 M2231E1,"정품_16,060|해외구매_17,800","정품_16,060|해외구매_17,800","정품_16,060|해외구매_17,800","정품_16,060|해외구매_17,800","정품_16,060|해외구매_17,800"
24708662,샤오미 레드미 버즈4 액티브 M2232E1,"해외구매_36,900","해외구매_36,900","해외구매_36,900","해외구매_36,900","해외구매_36,900"
17719820,샤오미 레드미 버즈4 프로 M2132E1,"해외구매_113,900","해외구매_113,900","해외구매_113,900","해외구매_113,900","해외구매_113,900"
86492555,수월우 X 붕괴 스타레일 로빈,"해외구매_195,300","해외구매_195,300","해외구매_195,300","해외구매_195,300","해외구매_195,300"
90648590,수월우 레이스,"해외구매_83,620","해외구매_83,620","해외구매_83,620","해외구매_83,620","해외구매_83,620"
92236130,수월우 블록,"해외구매_36,140","해외구매_36,140","해외구매_36,140","해외구매_36,140","해외구매_36,140"
95058239,수월우 스페이스 트래블 2,"해외구매_40,370","해외구매_40,370","해외구매_40,370","해외구매_40,370","해외구매_40,370"
99323759,수월우 스페이스 트래블 2 울트라,"해외구매_81,290","해외구매_81,290","해외구매_81,290","해외구매_81,290","해외구매_81,290"
27889643,수월우 스페이스 트레블,"해외구매_36,000","해외구매_36,000","해외구매_36,000","해외구매_36,000","해외구매_36,000"
96426449,수월우 필,"해외구매_50,160","해외구매_50,160","해외구매_50,160","해외구매_50,160","해외구매_50,160"
70098014,스틸시리즈 Arctis Gamebuds,"정품_199,000|해외구매_208,200|병행수입_183,840","정품_199,000|해외구매_208,200|병행수입_183,840","정품_222,270|해외구매_208,200|병행수입_183,840","정품_199,000|해외구매_208,200|병행수입_183,840","정품_199,000|해외구매_208,200|병행수입_183,840"
73886861,스틸시리즈 Arctis Gamebuds X,"정품_186,150|해외구매_298,400","정품_186,150|해외구매_298,400","정품_186,150|해외구매_298,540","정품_186,150|해외구매_295,850","정품_186,150|해외구매_295,850"
13395971,스틸시리즈 TUSQ,"66,450","66,450","66,450","66,450","66,450"
12296723,싸코 BJ,"18,810","18,810","18,810","18,810","18,810"
97227146,아이리버 Go Free Air30,"정품_39,170","정품_39,130","정품_39,060","정품_39,060","정품_39,100"
31981469,아이리버 IB-T5011BT,"57,000","57,000","57,000","57,000","57,000"
31981343,아이리버 IB-T5013BT,"26,270","26,200","26,150","26,020","25,960"
28837613,아이리버 IB-TWA9,"57,190","57,190","57,190","57,190","57,190"
17128076,아이리버 IBC-AIR9,"정품_64,500","정품_64,500","정품_64,500","정품_64,500","정품_64,500"
72592136,아이리버 IBC-AIR9 PLUS,"정품_89,500","정품_89,500","정품_89,500","정품_89,500","정품_89,500"
41614652,아이리버 IBE-G08,"37,090","37,000","36,890","36,810","36,760"
28027556,아이리버 IBE-G10P,"19,790","19,790","19,790","19,790","19,790"
7998838,아이리버 IGE-101,"14,900","14,900","14,900","14,900","14,900"
19564940,아이리버 IGE-202C,"18,470","18,470","18,470","18,470","18,470"
40567520,아이리버 IGE-606C,"14,900","14,900","14,900","14,900","14,900"
56062097,아이리버 IGE-8D10C,"정품_32,020","정품_32,020","정품_32,020","정품_32,020","정품_32,020"
33386075,아이리버 IGE-8D20C,"37,800","37,800","37,800","37,800","37,800"
33386003,아이리버 IGE-8D30C,"정품_29,800","정품_29,800","정품_29,800","정품_29,800","정품_29,800"
33385949,아이리버 IGE-8D40C,"29,800","29,800","29,800","29,800","29,800"
47832563,아이리버 IGE-8D60C,"32,630","32,630","32,630","32,630","32,630"
18938993,아이리버 IGE-C303,"28,400","28,400","28,400","28,400","28,400"
18939542,아이리버 IGE-GE30,"39,000","39,000","39,000","39,000","39,000"
58664093,아이리버 IGE-S2,"블랙_39,800|화이트_39,800","블랙_39,800|화이트_39,800","블랙_39,800|화이트_39,800","블랙_39,800|화이트_39,800","블랙_39,800|화이트_39,800"
18134255,아이리버 IGE-V1C,"블랙_62,910","블랙_62,910","블랙_63,580","블랙_63,580","블랙_63,580"
18581489,아이리버 IGE-V2C,"정품_34,800","정품_34,800","정품_34,800","정품_34,800","정품_34,800"
18265100,아이리버 IGE-V3C,"48,000","48,000","48,000","48,000","48,000"
18991427,아이리버 IGE-V4C,"38,500","38,500","38,500","38,500","38,500"
78978971,아이리버 IHBT-TP30,"정품_29,600","정품_29,600","정품_29,600","정품_29,600","정품_29,600"
58011269,아이리버 IHT-A03,"39,900","39,900","39,900","39,900","39,900"
101721890,아이리버 IOW-L90,"정품_32,890","정품_32,890","정품_32,890","정품_32,890","정품_32,890"
28890416,아이리버 IR-TWS100 S4,"블랙_54,000|화이트_55,200|핑크_54,100","블랙_54,000|화이트_55,200|핑크_54,100","블랙_54,000|화이트_55,200|핑크_54,100","블랙_54,000|화이트_55,200|핑크_54,100","블랙_54,000|화이트_55,200|핑크_54,100"
28219163,아이리버 ITW-AE7,"46,300","46,300","46,300","46,300","46,300"
24133706,아이리버 i.Shell ITW-A1,"75,900","75,900","75,900","75,900","75,900"
91347482,아이리버 마카롱 MC50,"정품_34,900","정품_34,900","정품_34,900","정품_34,900","정품_34,900"
7585840,아이리버 블랭크 IGE-301,"정품_29,900","정품_29,900","정품_29,900","정품_29,900","정품_29,900"
37350872,아이리버 오픈핏 에어 IBW-20,"55,000","55,000","55,000","55,000","55,000"
79117406,아이리버 오픈핏 에어 IOW-10,"정품_91,080","정품_91,080","정품_91,080","정품_91,080","정품_91,080"
79117442,아이리버 오픈핏 에어 IOW-22,"정품_36,270","정품_36,270","정품_36,270","정품_36,270","정품_36,270"
79100483,아이엠듀 게이밍 이어폰,"정품_19,950","정품_19,950","정품_19,950","정품_19,950","정품_19,950"
7756912,아이젠 GE-2200,"정품_3,450","정품_3,450","정품_3,450","정품_3,450","정품_3,450"
7757314,아이젠 GE-5000,"12,900","12,900","12,900","12,900","12,900"
28469633,아즈라 AIM 8,"정품_51,650","정품_51,980","정품_52,000","정품_51,990","정품_51,990"
19317128,아즈라 아젤 에디션 G 2세대,"정품_244,860","정품_244,860","정품_244,860","정품_244,860","정품_244,860"
78389927,아즈라 아젤 에디션 G 3세대,"정품_99,000","정품_99,000","정품_99,000","정품_99,000","정품_99,000"
28884713,아즈라 에이왁스,"정품_79,000","정품_79,000","정품_79,000","정품_79,000","정품_79,000"
19065407,야마하 TW-E3C,"해외구매_72,790","해외구매_72,790","해외구매_72,790","해외구매_72,790","해외구매_72,790"
18322034,야마하 TW-E7B,"정품_360,050|해외구매_292,500","정품_360,050|해외구매_292,500","정품_360,050|해외구매_292,500","정품_360,050|해외구매_292,500","정품_360,050|해외구매_292,500"
56155115,야마하 TW-EF3A,"해외구매_141,000","해외구매_141,000","해외구매_141,000","해외구매_141,000","해외구매_141,000"
78984941,에디파이어 Comfo C R1,"정품_79,000","정품_79,000","정품_79,000","정품_79,000","정품_79,000"
124259451,에디파이어 Comfo CC,"해외구매_56,000","해외구매_56,000","해외구매_56,000","해외구매_56,000","해외구매_56,000"
78985019,에디파이어 Comfo Flex,"정품_79,000","정품_79,000","정품_79,000","정품_79,000","정품_79,000"
96426566,에디파이어 NeoBuds Planar,"정품_289,000|해외구매_389,900","정품_289,000|해외구매_389,900","정품_289,000|해외구매_389,900","정품_289,000|해외구매_389,900","정품_289,000|해외구매_389,900"
96311348,에디파이어 NeoBuds Pro 3,"정품_189,000|해외구매_200,830","정품_189,000|해외구매_200,860","정품_189,000|해외구매_200,840","정품_189,000|해외구매_218,300","정품_189,000|해외구매_218,300"
76792865,에디파이어 STAX SPIRIT S10,"정품_399,000|해외구매_462,830","정품_399,000|해외구매_462,830","정품_399,000|해외구매_462,830","정품_399,000|해외구매_462,830","정품_399,000|해외구매_462,830"
27761015,에디파이어 W210BT,"해외구매_70,410","해외구매_70,410","해외구매_70,410","해외구매_70,410","해외구매_70,410"
122691620,에이투 GE130,"정품_24,900","정품_24,900","정품_24,900","정품_24,900","정품_24,900"
100618403,에이투 GE5,"정품_53,910","정품_53,910","정품_53,910","정품_53,910","정품_53,910"
95201216,엠지텍 지링크,"정품_99,900","정품_99,900","정품_99,900","정품_99,900","정품_99,900"
63141164,오디오테크니카 ATH-CKS30TW+,"정품_129,000|해외구매_122,600","정품_139,000|해외구매_109,290","정품_139,000|해외구매_122,600","정품_139,000|해외구매_137,730","정품_139,000|해외구매_122,920"
16430957,오디오테크니카 ATH-CKS50TW,"해외구매_141,490","해외구매_141,490","해외구매_141,490","해외구매_139,490","해외구매_141,490"
41615006,오디오테크니카 ATH-SQ1TW2,"정품_79,000","정품_79,000","정품_79,000","정품_79,000","정품_79,000"
46743992,오디오테크니카 ATH-TWX7,"정품_178,560|해외구매_223,840","정품_188,990|해외구매_223,840","정품_188,990|해외구매_223,840","정품_188,990|해외구매_223,840","정품_188,990|해외구매_223,840"
18634628,오디오테크니카 ATH-TWX9,"정품_329,000|해외구매_260,100","정품_329,000|해외구매_260,100","정품_329,000|해외구매_260,100","정품_329,000|해외구매_260,100","정품_329,000|해외구매_260,100"
98547329,오디오테크니카 ATH-TWX9MK2,"정품_331,550|해외구매_314,400","정품_331,550|해외구매_314,390","정품_331,550|해외구매_314,390","정품_330,280|해외구매_315,000","정품_331,550|해외구매_311,250"
7160989,웨이코스 씽크웨이 TONE BOB SHOCK 8D 2BA,"102,000","102,000","102,000","102,000","102,000"
6399841,웨이코스 씽크웨이 TONE BOB SHOCK BA,"334,810","334,810","334,810","334,810","334,810"
20731976,이어락 G9 MK3,"정품_96,900","정품_96,900","정품_96,900",0,0
122711390,이어펀 AirPro4,"정품_105,540|해외구매_85,360","정품_105,540|해외구매_85,360","정품_105,540|해외구매_85,360","정품_105,540|해외구매_85,360","정품_105,540|해외구매_85,320"
21483227,인비츠 비트젠 AET-101,"79,790","79,790","79,790","79,790","79,790"
19866440,잇서 배그롤 게이밍 이어폰,"3.5mm_40,790|USB-C_38,000","3.5mm_41,630|USB-C_38,000","3.5mm_41,630|USB-C_38,000","3.5mm_41,630|USB-C_38,000","3.5mm_41,630|USB-C_38,000"
3025663,제닉스 STORMX ECLIPSE,"정품_157,690","정품_155,000","정품_162,500","정품_157,500","정품_170,000"
79407215,제닉스 TITAN GE3,"정품_59,170","정품_59,170","정품_59,170","정품_59,170","정품_59,170"
122686403,제닉스 TITAN GE5,"정품_50,900","정품_50,900","정품_50,900","정품_50,900","정품_50,900"
36205724,젠하이저 모멘텀 트루 와이어리스 4 MTW4,"정품_299,000|해외구매_427,900","정품_299,000|해외구매_430,920","정품_299,000|해외구매_430,920","정품_299,000|해외구매_430,920","정품_299,000|해외구매_430,920"
57292517,젠하이저 엑센텀 트루 와이어리스 ATW1,"정품_229,000|해외구매_233,570","정품_229,000|해외구매_233,570","정품_229,000|해외구매_233,570","정품_229,000|해외구매_233,570","정품_229,000|해외구매_233,570"
17276369,조이트론 버즈비트,"24,800","24,800","24,800","24,800","24,800"
79553000,조이트론 버즈비트 A3,"정품_39,800","정품_39,800","정품_39,800","정품_39,800","정품_39,800"
79552847,조이트론 버즈비트 G24,"정품_74,800","정품_74,800","정품_74,800","정품_74,800","정품_74,800"
43523813,주닉스 GM-007,"16,280","16,280","16,280","16,280","16,280"
33334004,청연MnS naVee NV2-OWE1,"18,300","28,630","28,900","28,900","28,900"
100736297,청연MnS naVee NV88-NTW1,"정품_38,800","정품_38,800","정품_38,800","정품_38,800","정품_38,800"
93446054,카렉스 붐마스터 Airo-04,"정품_11,770","정품_11,770","정품_64,510","정품_64,510","정품_64,510"
96256430,캠브리지오디오 Melomania A100,"정품_235,000|해외구매_240,110","정품_235,000|해외구매_240,110","정품_235,000|해외구매_260,990","정품_235,000|해외구매_260,990","정품_235,000|해외구매_260,990"
40019327,컴길 빌보드 BL-ANC002,"68,990","68,990","68,990","68,990","68,990"
15601559,코시 EP2072G,"27,100","27,100","27,100","27,100","32,550"
18639767,코시 EP2153BTW,"26,990","26,990","26,990","26,990","26,990"
17941004,코시 EP4057BTW,"21,000","21,000","21,000","21,000","21,000"
17830121,코시 카오스 EP2106G,"31,250","31,250","31,250","31,250","31,250"
21520130,쿠팡 홈플래닛 무선 블루투스 5.1 이어폰,"블랙_40,100","블랙_40,100","블랙_40,100","블랙_40,100","블랙_40,100"
60244043,키밍 KM1941-70,"13,200","13,200","13,200","13,200","13,200"
19170722,터틀비치 RECON Air Chat,"정품_43,660","정품_43,660","정품_43,660","정품_43,660","정품_43,660"
18066953,터틀비치 Recon Battle Buds,"블랙, 정품_29,740|화이트, 정품_35,000","블랙, 정품_31,140|화이트, 정품_35,000","블랙, 정품_31,140|화이트, 정품_35,000","블랙, 정품_31,140|화이트, 정품_35,000","블랙, 정품_31,140|화이트, 정품_35,000"
16638656,터틀비치 SCOUT Air,"정품_110,260","정품_110,260","정품_110,260","정품_110,260","정품_110,260"
97959233,톰슨 TBE-201,"정품_31,530","정품_31,530","정품_31,530","정품_31,530","정품_31,530"
90579482,트랜스포머 TF-T01,"해외구매_28,990","해외구매_29,580","해외구매_29,580","해외구매_29,580","해외구매_29,580"
54811430,트랜스포머 TF-T23,"해외구매_25,930","해외구매_25,930","해외구매_25,930","해외구매_25,930","해외구매_25,930"
18460763,티앤에스인터내셔널 NOX Maeve G25,"34,900","34,900","34,900","34,900","34,900"
28609022,파이널 VR2000,"정품_98,000|해외구매_76,210","정품_98,000|해외구매_76,140","정품_98,000|해외구매_76,110","정품_98,000|해외구매_75,980","정품_98,000|해외구매_75,860"
13055135,파이널 VR3000,"정품_112,000|해외구매_99,000","정품_112,000|해외구매_99,000","정품_112,000|해외구매_99,000","정품_112,000|해외구매_99,000","정품_112,000|해외구매_99,000"
92236217,파이널 VR3000 Wireless,"해외구매_190,330","해외구매_190,330","해외구매_197,160","해외구매_197,160","해외구매_197,160"
43529903,파이널 VR500,"정품_49,000|해외구매_53,620","정품_49,000|해외구매_53,620","정품_49,000|해외구매_53,620","정품_49,000|해외구매_53,620","정품_49,000|해외구매_53,620"
92236343,파이널 ZE3000 SV,"정품_123,140|해외구매_420,260","정품_123,140|해외구매_420,260","정품_123,140|해외구매_420,260","정품_123,140|해외구매_420,260","정품_123,140|해외구매_420,260"
7712632,판다인터내셔널 사운드판다 SPE-G9,"37,070","37,070","37,070","37,070","37,070"
15075545,판다인터내셔널 사운드판다 SPE-G9 Light,"정품_23,620","정품_23,620","정품_23,870","정품_23,870","정품_23,870"
11475708,판다인터내셔널 사운드판다 SPE-G9 Plus,"정품_57,800|해외구매_56,800","정품_57,800|해외구매_56,800","정품_58,890|해외구매_56,800","정품_58,890|해외구매_56,800","정품_58,890|해외구매_56,800"
94814459,포스텍 윙플레이어 WP-101,"정품_48,990","정품_48,990","정품_48,990","정품_48,990","정품_48,990"
95344259,프리라이프 미니 수면 이어폰 SK19,"정품_23,250|해외구매_10,970","정품_23,250|해외구매_10,970","정품_23,250|해외구매_10,970","정품_23,250|해외구매_10,970","정품_23,250|해외구매_10,970"
15717143,피에스이 벤처스 PENTON 보이스,"정품_79,800","정품_79,800","정품_79,800","정품_79,800","정품_79,800"
73694369,필립스 TAT1109,"정품_19,900","정품_19,900","정품_19,900","정품_19,900","정품_19,900"
108390980,필립스 TAT1139,"정품_19,900","정품_19,900","정품_19,900","정품_19,900","정품_19,900"
31476512,하나인더스트리 파리생제르망 오픈 웨어러블 이어폰 BLP-OE381,"115,600","115,600","115,600","115,600","115,600"
28397972,현원 모비블루 BE02,"36,490","36,490","36,490","36,490","36,490"
