Id,Name,2021-07-01 10:04:46,2021-07-02 10:01:13,2021-07-03 10:00:10,2021-07-04 10:03:02
13233428,DELL 55H49 SAS/7200/해외구매,"3TB_17원/1GB_51,410 ","3TB_17원/1GB_51,410 ","3TB_17원/1GB_51,410 ","3TB_17원/1GB_51,410 "
4341054,HGST Deskstar 5K4000 SATA/5400/32M/해외구매,"HDS5C4040ALE630, 4TB_116원/1GB_462,780 ","HDS5C4040ALE630, 4TB_116원/1GB_462,780 ","HDS5C4040ALE630, 4TB_116원/1GB_462,780 ","HDS5C4040ALE630, 4TB_116원/1GB_462,780 "
2324371,HGST Deskstar 7K1000.C SATA2/7200/16M/리퍼비시,"HDS721050CLA362, 500GB_68원/1GB_34,040 HDS721032CLA362, 320GB_94원/1GB_30,190 ","HDS721050CLA362, 500GB_68원/1GB_34,040 HDS721032CLA362, 320GB_94원/1GB_30,190 ","HDS721050CLA362, 500GB_68원/1GB_34,040 HDS721032CLA362, 320GB_94원/1GB_30,190 ","HDS721050CLA362, 500GB_68원/1GB_34,040 HDS721032CLA362, 320GB_94원/1GB_30,190 "
1580767,HGST Deskstar 7K1000.D 7200/32M,"HDS721010DLE630, 1TB_109원/1GB_109,020 ","HDS721010DLE630, 1TB_107원/1GB_106,650 ","HDS721010DLE630, 1TB_107원/1GB_106,650 ","HDS721010DLE630, 1TB_107원/1GB_106,650 "
3318233,HGST Deskstar 7K3000 7200/64M/해외구매,"HDS723030ALA640, 3TB_29원/1GB_86,750 HDS723020BLA642, 2TB_55원/1GB_109,440 ","HDS723030ALA640, 3TB_29원/1GB_86,750 HDS723020BLA642, 2TB_55원/1GB_109,440 ","HDS723030ALA640, 3TB_29원/1GB_86,750 HDS723020BLA642, 2TB_55원/1GB_109,440 ","HDS723030ALA640, 3TB_29원/1GB_86,750 HDS723020BLA642, 2TB_55원/1GB_109,440 "
4897524,HGST Deskstar NAS 7200/128M,"HDN726040ALE614, 4TB_60원/1GB_239,000 ","HDN726040ALE614, 4TB_60원/1GB_239,000 ","HDN726040ALE614, 4TB_60원/1GB_239,000 ","HDN726040ALE614, 4TB_60원/1GB_239,000 "
4841049,HGST Deskstar NAS 패키지 7200/128M,"HDN728080ALE604, 4x8TB_75원/1GB_2,400,000 HDN726060ALE614, 4x6TB_43원/1GB_1,040,000 HDN728080ALE604, 2x8TB_46원/1GB_730,000 HDN728080ALE604, 8TB_46원/1GB_369,000 HDN726060ALE610, 4x6TB_51원/1GB_1,220,000 HDN726060ALE614, 2x6TB_44원/1GB_530,000 HDN726060ALE614, 6TB_57원/1GB_339,000 HDN726040ALE614, 4x4TB_88원/1GB_1,400,000 HDN726040ALE614, 2x4TB_60원/1GB_478,000 HDN726040ALE614, 4TB_47원/1GB_189,000 ","HDN728080ALE604, 4x8TB_75원/1GB_2,400,000 HDN726060ALE614, 4x6TB_43원/1GB_1,040,000 HDN728080ALE604, 2x8TB_46원/1GB_730,000 HDN728080ALE604, 8TB_46원/1GB_369,000 HDN726060ALE610, 4x6TB_51원/1GB_1,220,000 HDN726060ALE614, 2x6TB_44원/1GB_530,000 HDN726060ALE614, 6TB_57원/1GB_339,000 HDN726040ALE614, 4x4TB_88원/1GB_1,400,000 HDN726040ALE614, 2x4TB_60원/1GB_478,000 HDN726040ALE614, 4TB_47원/1GB_189,000 ","HDN728080ALE604, 4x8TB_75원/1GB_2,400,000 HDN726060ALE614, 4x6TB_43원/1GB_1,040,000 HDN728080ALE604, 2x8TB_46원/1GB_730,000 HDN728080ALE604, 8TB_46원/1GB_369,000 HDN726060ALE610, 4x6TB_51원/1GB_1,220,000 HDN726060ALE614, 2x6TB_44원/1GB_530,000 HDN726060ALE614, 6TB_57원/1GB_339,000 HDN726040ALE614, 4x4TB_88원/1GB_1,400,000 HDN726040ALE614, 2x4TB_60원/1GB_478,000 HDN726040ALE614, 4TB_47원/1GB_189,000 ","HDN728080ALE604, 4x8TB_75원/1GB_2,400,000 HDN726060ALE614, 4x6TB_43원/1GB_1,040,000 HDN728080ALE604, 2x8TB_46원/1GB_730,000 HDN728080ALE604, 8TB_46원/1GB_369,000 HDN726060ALE610, 4x6TB_51원/1GB_1,220,000 HDN726060ALE614, 2x6TB_44원/1GB_530,000 HDN726060ALE614, 6TB_57원/1GB_339,000 HDN726040ALE614, 4x4TB_88원/1GB_1,400,000 HDN726040ALE614, 2x4TB_60원/1GB_478,000 HDN726040ALE614, 4TB_47원/1GB_189,000 "
3327104,HGST HUA723030ALA640 7200/64M/해외구매,"HUA723030ALA640, 3TB_18원/1GB_54,980 ","HUA723030ALA640, 3TB_19원/1GB_57,650 ","HUA723030ALA640, 3TB_18원/1GB_53,790 ","HUA723030ALA640, 3TB_18원/1GB_55,340 "
2911798,HGST Travelstar 5K500.B SATA2/5400/8M/노트북용/해외구매,"HTS545050B9A300, 500GB_177원/1GB_88,730 ","HTS545050B9A300, 500GB_177원/1GB_88,730 ",0,0
3338806,HGST Travelstar 5K750 SATA2/5400/8M/해외구매,0,"HTS547575A9E384, 750GB_128원/1GB_95,700 HTS547564A9E384, 640GB_90원/1GB_57,430 ",0,0
3351961,HGST Travelstar 5K750 SATA2/5400/8M/해외구매,0,0,0,"HTS547575A9E384, 750GB_128원/1GB_95,700 HTS547564A9E384, 640GB_90원/1GB_57,430 "
1943072,HGST Travelstar 7K1000 7200/32M/노트북용,"HTS721010A9E630, 1TB_99원/1GB_98,900 ","HTS721010A9E630, 1TB_97원/1GB_96,750 ","HTS721010A9E630, 1TB_97원/1GB_96,750 ","HTS721010A9E630, 1TB_97원/1GB_96,750 "
3354216,HGST Travelstar 7K1000 7200/32M/해외구매,"HTS721010A9E630, 1TB_75원/1GB_75,220 ","HTS721010A9E630, 1TB_75원/1GB_75,220 ","HTS721010A9E630, 1TB_75원/1GB_75,220 ","HTS721010A9E630, 1TB_75원/1GB_75,220 "
3323785,HGST Travelstar 7K750 SATA2/7200/16M/해외구매,"HTS727550A9E364, 500GB_108원/1GB_53,900 ","HTS727550A9E364, 500GB_108원/1GB_53,900 ","HTS727550A9E364, 500GB_108원/1GB_53,900 ","HTS727550A9E364, 500GB_108원/1GB_53,900 "
5378051,HGST Travelstar Z5K1 5400/128M/노트북용,"HTS541010B7E610, 1TB_99원/1GB_99,360 ","HTS541010B7E610, 1TB_97원/1GB_97,200 ","HTS541010B7E610, 1TB_97원/1GB_97,200 ","HTS541010B7E610, 1TB_97원/1GB_97,200 "
2498167,HGST Travelstar Z5K500 5400/8M/노트북용,"HTS545050A7E680, 500GB_88원/1GB_44,240 ","HTS545050A7E680, 500GB_88원/1GB_44,150 ","HTS545050A7E680, 500GB_88원/1GB_44,150 ","HTS545050A7E680, 500GB_88원/1GB_44,060 "
4367853,HGST Travelstar Z5K500.B 5400/16M/노트북용,"HTS545050B7E660, 500GB_80원/1GB_40,020 ","HTS545050B7E660, 500GB_78원/1GB_39,150 ","HTS545050B7E660, 500GB_78원/1GB_39,150 ","HTS545050B7E660, 500GB_78원/1GB_39,150 "
1943077,HGST Travelstar Z7K500 7200/32M/노트북용,"HTS725050A7E630, 500GB_105원/1GB_52,620 ","HTS725050A7E630, 500GB_105원/1GB_52,560 ","HTS725050A7E630, 500GB_105원/1GB_52,560 ","HTS725050A7E630, 500GB_105원/1GB_52,470 "
2934075,HGST Travelstar Z7K500 7200/32M/노트북용/해외구매,0,0,"HTS725050A7E630, 500GB_171원/1GB_85,690 ","HTS725050A7E630, 500GB_171원/1GB_85,690 "
3338477,HGST Ultrastar 15K600 SAS/15K/64M/해외구매,"HUS156060VLS600, 600GB_116원/1GB_69,800 HUS156030VLS600, 300GB_657원/1GB_197,000 ","HUS156060VLS600, 600GB_116원/1GB_69,800 HUS156030VLS600, 300GB_657원/1GB_197,000 ","HUS156060VLS600, 600GB_116원/1GB_69,800 HUS156030VLS600, 300GB_591원/1GB_177,300 ","HUS156060VLS600, 600GB_116원/1GB_69,800 HUS156030VLS600, 300GB_591원/1GB_177,300 "
4449808,HGST Ultrastar 7K2 7200/128M,"HUS722T2TALA604, 2TB_100원/1GB_199,000 HUS722T1TALA604, 1TB_149원/1GB_149,000 ","HUS722T2TALA604, 2TB_100원/1GB_199,000 HUS722T1TALA604, 1TB_149원/1GB_149,000 ",0,0
4449847,HGST Ultrastar 7K2 7200/128M,0,0,"HUS722T2TALA604, 2TB_100원/1GB_199,000 HUS722T1TALA604, 1TB_149원/1GB_149,000 ","HUS722T2TALA604, 2TB_100원/1GB_199,000 HUS722T1TALA604, 1TB_149원/1GB_149,000 "
2703536,HGST Ultrastar 7K3000 7200/64M/해외구매,"HUA723020ALA640, 2TB_28원/1GB_55,300 ","HUA723020ALA640, 2TB_28원/1GB_55,300 ","HUA723020ALA640, 2TB_28원/1GB_55,300 ","HUA723020ALA640, 2TB_28원/1GB_55,300 "
3308727,HGST Ultrastar 7K3000 SAS/7200/64M/해외구매,0,"HUS723030ALS640, 3TB_36원/1GB_109,440 ","HUS723030ALS640, 3TB_36원/1GB_109,440 ","HUS723030ALS640, 3TB_36원/1GB_109,440 "
2154603,HGST Ultrastar 7K4000 7200/64M,"HUS724040ALA640, 4TB_70원/1GB_279,450 ","HUS724040ALA640, 4TB_70원/1GB_279,450 ","HUS724040ALA640, 4TB_70원/1GB_279,450 ","HUS724040ALA640, 4TB_70원/1GB_279,450 "
2865774,HGST Ultrastar 7K4000 7200/64M/해외구매,"HUS724040ALE640, 4TB_36원/1GB_142,600 HUS724020ALA640, 2TB_42원/1GB_84,110 HUS724020ALE640, 2TB_29원/1GB_57,900 ","HUS724040ALE640, 4TB_36원/1GB_142,600 HUS724020ALA640, 2TB_42원/1GB_84,110 HUS724020ALE640, 2TB_29원/1GB_57,900 ","HUS724040ALE640, 4TB_36원/1GB_142,600 HUS724020ALA640, 2TB_42원/1GB_84,110 HUS724020ALE640, 2TB_29원/1GB_57,900 ","HUS724040ALE640, 4TB_36원/1GB_142,600 HUS724020ALA640, 2TB_42원/1GB_84,110 HUS724020ALE640, 2TB_29원/1GB_57,900 "
3323758,HGST Ultrastar 7K4000 SAS/7200/64M/해외구매,"HUS724040ALS640, 4TB_33원/1GB_132,120 HUS724030ALS640, 3TB_23원/1GB_67,940 ",0,"HUS724040ALS640, 4TB_33원/1GB_132,120 HUS724030ALS640, 3TB_23원/1GB_67,940 ","HUS724040ALS640, 4TB_33원/1GB_132,120 HUS724030ALS640, 3TB_23원/1GB_67,940 "
3323688,HGST Ultrastar 7K4000 SAS/7200/64M/해외구매,0,"HUS724040ALS640, 4TB_33원/1GB_132,120 HUS724030ALS640, 3TB_23원/1GB_67,940 ",0,0
4785854,HGST Ultrastar 7K6000 7200/128M,"HUS726060ALE610, 6TB_50원/1GB_299,000 HUS726060ALE614, 6TB_73원/1GB_436,000 HUS726040ALA610, 4TB_65원/1GB_259,000 ","HUS726060ALE610, 6TB_50원/1GB_299,000 HUS726060ALE614, 6TB_73원/1GB_436,000 HUS726040ALA610, 4TB_65원/1GB_259,000 ","HUS726060ALE610, 6TB_50원/1GB_299,000 HUS726060ALE614, 6TB_73원/1GB_436,000 HUS726040ALA610, 4TB_65원/1GB_259,000 ","HUS726060ALE610, 6TB_50원/1GB_299,000 HUS726060ALE614, 6TB_73원/1GB_436,000 HUS726040ALA610, 4TB_65원/1GB_259,000 "
2998413,HGST Ultrastar 7K6000 7200/128MB,0,0,"HUS726050ALE614, 5TB_65원/1GB_323,950 ",0
4987889,HGST Ultrastar 7K6000 SAS/7200/128M,"HUS726060AL5210, 6TB_101원/1GB_605,530 HUS726040ALS210, 4TB_62원/1GB_249,000 ","HUS726060AL5210, 6TB_101원/1GB_605,530 HUS726040ALS210, 4TB_62원/1GB_249,000 ","HUS726060AL5210, 6TB_101원/1GB_605,530 HUS726040ALS210, 4TB_62원/1GB_249,000 ","HUS726060AL5210, 6TB_101원/1GB_605,530 HUS726040ALS210, 4TB_62원/1GB_249,000 "
3330265,HGST Ultrastar A7K1000 SATA2/7200/32M/해외구매,"HUA721010KLA330, 1TB_77원/1GB_76,650 HUA721050KLA330, 500GB_165원/1GB_82,600 ","HUA721010KLA330, 1TB_77원/1GB_76,650 HUA721050KLA330, 500GB_165원/1GB_82,600 ","HUA721010KLA330, 1TB_77원/1GB_76,650 HUA721050KLA330, 500GB_165원/1GB_82,600 ","HUA721010KLA330, 1TB_77원/1GB_76,650 HUA721050KLA330, 500GB_165원/1GB_82,600 "
3711924,HGST Ultrastar A7K2000 7200/32M,"HUA722010CLA630, 1TB_133원/1GB_133,490 ",0,0,0
3330126,HGST Ultrastar A7K2000 SATA1/7200/해외구매,"HUA722050CLA330, 500GB_126원/1GB_62,940 ","HUA722050CLA330, 500GB_126원/1GB_62,940 ","HUA722050CLA330, 500GB_126원/1GB_62,940 ",0
2612136,HGST Ultrastar A7K2000 SATA2/7200/32M/해외구매,"HUA722010CLA330, 1TB_42원/1GB_41,880 ","HUA722010CLA330, 1TB_42원/1GB_41,880 ","HUA722010CLA330, 1TB_42원/1GB_41,880 ","HUA722010CLA330, 1TB_42원/1GB_41,880 "
2790724,HGST Ultrastar C15K600 SAS 12Gb/s/15K/128M,"HUC156060CSS200, 600GB_817원/1GB_490,400 ","HUC156060CSS200, 600GB_817원/1GB_490,400 ","HUC156060CSS200, 600GB_817원/1GB_490,400 ","HUC156060CSS200, 600GB_817원/1GB_490,400 "
4140498,HGST Ultrastar He10 7200/256M,"HUH721010ALE600, 10TB_66원/1GB_660,000 HUH721008ALE600, 8TB_69원/1GB_555,360 ","HUH721010ALE600, 10TB_66원/1GB_660,000 HUH721008ALE600, 8TB_69원/1GB_555,360 ","HUH721010ALE600, 10TB_66원/1GB_660,000 HUH721008ALE600, 8TB_69원/1GB_555,360 ","HUH721010ALE600, 10TB_66원/1GB_660,000 HUH721008ALE600, 8TB_69원/1GB_555,360 "
3127585,HGST Ultrastar He8 7200/128M,"HUH728080ALE600, 8TB_94원/1GB_752,000 ","HUH728080ALE600, 8TB_94원/1GB_752,000 ","HUH728080ALE600, 8TB_94원/1GB_752,000 ","HUH728080ALE600, 8TB_94원/1GB_752,000 "
13233350,HP Proliant SAS/10000/해외구매,"653955-001, 300GB_140원/1GB_41,920 ","653955-001, 300GB_140원/1GB_41,920 ","653955-001, 300GB_140원/1GB_41,920 ","653955-001, 300GB_140원/1GB_41,920 "
8385051,HP 미드라인 SAS/7.2K,"765464-B21, 1TB_496원/1GB_495,880 ","765464-B21, 1TB_496원/1GB_495,870 ","765464-B21, 1TB_496원/1GB_495,870 ","765464-B21, 1TB_496원/1GB_495,870 "
7308796,HP 미드라인 SATA3/7200,"655710-B21, 1TB_484원/1GB_483,910 ","655710-B21, 1TB_484원/1GB_483,910 ","655710-B21, 1TB_484원/1GB_483,910 ","655710-B21, 1TB_484원/1GB_483,910 "
7309750,HP 미드라인 SATA3/7200/해외구매,"655710-B21, 1TB_214원/1GB_214,000 ","655710-B21, 1TB_214원/1GB_214,000 ","655710-B21, 1TB_214원/1GB_214,000 ","655710-B21, 1TB_214원/1GB_214,000 "
7309063,HP 엔터프라이즈 SAS/10K,"872477-B21, 600GB_482원/1GB_289,000 781516-B21, 600GB_805원/1GB_482,990 785067-B21, 300GB_810원/1GB_243,000 ","872477-B21, 600GB_482원/1GB_289,000 781516-B21, 600GB_805원/1GB_482,990 785067-B21, 300GB_810원/1GB_243,000 ","872477-B21, 600GB_482원/1GB_289,000 781516-B21, 600GB_805원/1GB_482,990 785067-B21, 300GB_810원/1GB_243,000 ","872477-B21, 600GB_482원/1GB_289,000 781516-B21, 600GB_805원/1GB_482,990 785067-B21, 300GB_810원/1GB_243,000 "
7309756,HP 엔터프라이즈 SAS/10K/해외구매,"781518-B21, 1.2TB_191원/1GB_229,430 781516-B21, 600GB_375원/1GB_224,880 785067-B21, 300GB_753원/1GB_225,800 ","781518-B21, 1.2TB_191원/1GB_229,430 781516-B21, 600GB_375원/1GB_224,880 785067-B21, 300GB_753원/1GB_225,800 ","781518-B21, 1.2TB_191원/1GB_229,430 781516-B21, 600GB_375원/1GB_224,880 785067-B21, 300GB_753원/1GB_225,800 ","781518-B21, 1.2TB_191원/1GB_229,430 781516-B21, 600GB_375원/1GB_224,880 785067-B21, 300GB_753원/1GB_225,800 "
13475540,MARSHAL MAL38000SA-T72 SATA/256M/리퍼비시,"8TB_28원/1GB_223,560 ","8TB_28원/1GB_223,560 ","8TB_27원/1GB_218,700 ","8TB_27원/1GB_218,700 "
3632478,Seagate Archive HDD 5900/128M,"ST8000AS0002, 8TB_50원/1GB_400,000 ST6000AS0002, 6TB_37원/1GB_220,000 ","ST8000AS0002, 8TB_50원/1GB_400,000 ST6000AS0002, 6TB_37원/1GB_220,000 ","ST8000AS0002, 8TB_50원/1GB_400,000 ST6000AS0002, 6TB_37원/1GB_220,000 ","ST8000AS0002, 8TB_50원/1GB_400,000 ST6000AS0002, 6TB_37원/1GB_220,000 "
4607468,Seagate BarraCuda 5400/128M/노트북용,"ST4000LM024, 4TB_77원/1GB_309,980 ST2000LM015, 2TB_44원/1GB_87,000 ST1000LM048, 1TB_57원/1GB_56,790 ST500LM030, 500GB_112원/1GB_56,000 ","ST4000LM024, 4TB_77원/1GB_309,980 ST2000LM015, 2TB_44원/1GB_87,000 ST1000LM048, 1TB_58원/1GB_58,000 ST500LM030, 500GB_112원/1GB_56,000 ","ST4000LM024, 4TB_77원/1GB_309,980 ST2000LM015, 2TB_44원/1GB_87,000 ST1000LM048, 1TB_58원/1GB_58,000 ST500LM030, 500GB_112원/1GB_56,000 ","ST4000LM024, 4TB_77원/1GB_309,980 ST2000LM015, 2TB_44원/1GB_87,000 ST1000LM048, 1TB_58원/1GB_58,000 ST500LM030, 500GB_112원/1GB_56,000 "
5173062,Seagate BarraCuda 5400/256M,"ST8000DM004, 8TB_31원/1GB_249,990 ST6000DM003, 6TB_29원/1GB_175,000 ST4000DM004, 4TB_31원/1GB_122,060 ST3000DM007, 3TB_34원/1GB_102,890 ","ST8000DM004, 8TB_31원/1GB_249,900 ST6000DM003, 6TB_31원/1GB_185,000 ST4000DM004, 4TB_31원/1GB_122,060 ST3000DM007, 3TB_35원/1GB_105,000 ","ST8000DM004, 8TB_29원/1GB_230,000 ST6000DM003, 6TB_31원/1GB_185,000 ST4000DM004, 4TB_31원/1GB_122,690 ST3000DM007, 3TB_35원/1GB_104,990 ","ST8000DM004, 8TB_29원/1GB_230,000 ST6000DM003, 6TB_31원/1GB_185,000 ST4000DM004, 4TB_31원/1GB_122,070 ST3000DM007, 3TB_35원/1GB_104,990 "
9721383,Seagate BarraCuda 5400/256M/해외구매,"ST8000DM004, 8TB_23원/1GB_183,000 ST6000DM003, 6TB_23원/1GB_139,550 ST4000DM004, 4TB_18원/1GB_72,580 ST3000DM007, 3TB_32원/1GB_96,950 ST2000DM005, 2TB_38원/1GB_75,090 ","ST8000DM004, 8TB_23원/1GB_183,000 ST6000DM003, 6TB_23원/1GB_139,550 ST4000DM004, 4TB_19원/1GB_77,900 ST3000DM007, 3TB_32원/1GB_96,900 ST2000DM005, 2TB_38원/1GB_75,090 ","ST8000DM004, 8TB_23원/1GB_183,000 ST6000DM003, 6TB_23원/1GB_139,550 ST4000DM004, 4TB_18원/1GB_72,860 ST3000DM007, 3TB_32원/1GB_96,710 ST2000DM005, 2TB_38원/1GB_75,090 ","ST8000DM004, 8TB_23원/1GB_183,000 ST6000DM003, 6TB_23원/1GB_139,550 ST4000DM004, 4TB_18원/1GB_72,680 ST3000DM007, 3TB_32원/1GB_96,710 ST2000DM005, 2TB_38원/1GB_75,090 "
4519087,Seagate BarraCuda 5900/64M,"ST4000DM005, 4TB_62원/1GB_248,000 ","ST4000DM005, 4TB_62원/1GB_248,000 ","ST4000DM005, 4TB_62원/1GB_248,000 ","ST4000DM005, 4TB_62원/1GB_248,000 "
432246,Seagate BarraCuda 7200.10 EIDE/7200/2M,"ST3160215A, 160GB_394원/1GB_63,000 ST380215A, 80GB_541원/1GB_43,240 ","ST3160215A, 160GB_394원/1GB_63,000 ST380215A, 80GB_540원/1GB_43,180 ","ST3160215A, 160GB_394원/1GB_63,000 ST380215A, 80GB_539원/1GB_43,090 ","ST3160215A, 160GB_394원/1GB_63,000 ST380215A, 80GB_538원/1GB_43,000 "
1531954,Seagate BarraCuda 7200.10 EIDE/7200/8M,"ST3500830A, 500GB_291원/1GB_145,360 ST3160815A, 160GB_480원/1GB_76,820 ","ST3500830A, 500GB_284원/1GB_142,200 ST3160815A, 160GB_470원/1GB_75,150 ","ST3500830A, 500GB_284원/1GB_142,200 ST3160815A, 160GB_470원/1GB_75,150 ","ST3500830A, 500GB_284원/1GB_142,200 ST3160815A, 160GB_470원/1GB_75,150 "
563293,Seagate BarraCuda 7200.11 SATA2/7200/32M,"ST31500341AS, 1.5TB_128원/1GB_191,510 ST31000340AS, 1TB_63원/1GB_63,390 ST31000333AS, 1TB_187원/1GB_186,900 ST3750330AS, 750GB_211원/1GB_158,420 ST3500320AS, 500GB_296원/1GB_148,000 ","ST31500341AS, 1.5TB_128원/1GB_191,450 ST31000340AS, 1TB_62원/1GB_62,010 ST31000333AS, 1TB_187원/1GB_186,900 ST3750330AS, 750GB_211원/1GB_158,420 ST3500320AS, 500GB_296원/1GB_148,000 ","ST31500341AS, 1.5TB_128원/1GB_191,270 ST31000340AS, 1TB_62원/1GB_62,010 ST31000333AS, 1TB_187원/1GB_186,900 ST3750330AS, 750GB_211원/1GB_158,420 ST3500320AS, 500GB_296원/1GB_148,000 ","ST31500341AS, 1.5TB_127원/1GB_191,210 ST31000340AS, 1TB_62원/1GB_62,010 ST31000333AS, 1TB_187원/1GB_186,900 ST3750330AS, 750GB_211원/1GB_158,420 ST3500320AS, 500GB_296원/1GB_148,000 "
1304447,Seagate BarraCuda 7200.12 7200/16M,"ST3500413AS, 500GB_181원/1GB_90,440 ",0,0,0
843831,Seagate BarraCuda 7200.12 SATA2/7200/16M,"ST3500418AS, 500GB_117원/1GB_58,490 ST3320418AS, 320GB_199원/1GB_63,760 ","ST3500418AS, 500GB_117원/1GB_58,490 ST3320418AS, 320GB_195원/1GB_62,370 ","ST3500418AS, 500GB_117원/1GB_58,490 ST3320418AS, 320GB_195원/1GB_62,370 ","ST3500418AS, 500GB_117원/1GB_58,490 ST3320418AS, 320GB_195원/1GB_62,370 "
881139,Seagate BarraCuda 7200.12 SATA2/7200/8M,"ST3250318AS, 250GB_255원/1GB_63,760 ST3160318AS, 160GB_447원/1GB_71,480 ","ST3250318AS, 250GB_249원/1GB_62,370 ST3160318AS, 160GB_446원/1GB_71,420 ","ST3250318AS, 250GB_249원/1GB_62,370 ST3160318AS, 160GB_446원/1GB_71,420 ","ST3250318AS, 250GB_249원/1GB_62,370 ST3160318AS, 160GB_446원/1GB_71,390 "
66985,Seagate BarraCuda 7200.7 EIDE/7200/2M,"ST3160021A, 160GB_425원/1GB_68,000 ST380011A, 80GB_907원/1GB_72,590 ","ST3160021A, 160GB_425원/1GB_68,000 ST380011A, 80GB_888원/1GB_71,010 ","ST3160021A, 160GB_425원/1GB_68,000 ST380011A, 80GB_888원/1GB_71,010 ",0
66979,Seagate BarraCuda 7200.7 EIDE/7200/2M,0,0,0,"ST3160021A, 160GB_425원/1GB_68,000 ST380011A, 80GB_888원/1GB_71,010 "
432137,Seagate BarraCuda 7200.9 EIDE/7200/2M,"ST3160212A, 160GB_363원/1GB_58,000 ST3802110A, 80GB_539원/1GB_43,120 ","ST3160212A, 160GB_363원/1GB_58,000 ST3802110A, 80GB_538원/1GB_43,060 ","ST3160212A, 160GB_363원/1GB_58,000 ST3802110A, 80GB_537원/1GB_42,970 ","ST3160212A, 160GB_363원/1GB_58,000 ST3802110A, 80GB_537원/1GB_42,940 "
1464268,Seagate BarraCuda 7200/16M,"ST500DM002, 500GB_130원/1GB_64,990 ","ST500DM002, 500GB_130원/1GB_64,990 ","ST500DM002, 500GB_130원/1GB_64,990 ","ST500DM002, 500GB_130원/1GB_64,990 "
6545078,Seagate BarraCuda 7200/256M,"ST2000DM008, 2TB_33원/1GB_65,290 ","ST2000DM008, 2TB_33원/1GB_65,260 ","ST2000DM008, 2TB_33원/1GB_65,490 ","ST2000DM008, 2TB_33원/1GB_65,470 "
4556071,Seagate BarraCuda 7200/32M,"ST500DM009, 500GB_113원/1GB_56,300 ","ST500DM009, 500GB_115원/1GB_57,500 ","ST500DM009, 500GB_115원/1GB_57,490 ","ST500DM009, 500GB_115원/1GB_57,490 "
4490034,Seagate BarraCuda 7200/64M,"ST3000DM008, 3TB_83원/1GB_249,580 ST3000DM001, 3TB_86원/1GB_257,000 ST2000DM006, 2TB_33원/1GB_66,000 ST2000DM001, 2TB_48원/1GB_95,790 ST1000DM003, 1TB_113원/1GB_112,500 ST1000DM010, 1TB_56원/1GB_55,970 ","ST3000DM008, 3TB_83원/1GB_249,580 ST3000DM001, 3TB_86원/1GB_257,000 ST2000DM006, 2TB_33원/1GB_66,000 ST2000DM001, 2TB_48원/1GB_95,790 ST1000DM003, 1TB_113원/1GB_112,500 ST1000DM010, 1TB_58원/1GB_58,480 ","ST3000DM008, 3TB_83원/1GB_249,580 ST3000DM001, 3TB_86원/1GB_257,000 ST2000DM006, 2TB_33원/1GB_66,000 ST2000DM001, 2TB_48원/1GB_95,790 ST1000DM003, 1TB_113원/1GB_112,500 ST1000DM010, 1TB_58원/1GB_57,970 ","ST3000DM008, 3TB_83원/1GB_249,580 ST3000DM001, 3TB_86원/1GB_257,000 ST2000DM006, 2TB_33원/1GB_66,000 ST2000DM001, 2TB_48원/1GB_95,790 ST1000DM003, 1TB_113원/1GB_112,500 ST1000DM010, 1TB_55원/1GB_55,110 "
638180,Seagate BarraCuda ES.2 SATA2/7200/32M,"ST31000340NS, 1TB_201원/1GB_200,560 ST3500320NS, 500GB_291원/1GB_145,360 ","ST31000340NS, 1TB_196원/1GB_196,200 ST3500320NS, 500GB_284원/1GB_142,200 ","ST31000340NS, 1TB_196원/1GB_196,200 ST3500320NS, 500GB_284원/1GB_142,200 ","ST31000340NS, 1TB_196원/1GB_196,200 ST3500320NS, 500GB_284원/1GB_142,200 "
1240393,Seagate BarraCuda Green 5900/64M,0,"ST2000DL003, 2TB_85원/1GB_170,190 ","ST2000DL003, 2TB_85원/1GB_170,010 ","ST2000DL003, 2TB_89원/1GB_177,870 "
937230,Seagate BarraCuda LP SATA2/5900/32M,"ST31000520AS, 1TB_170원/1GB_170,200 ","ST31000520AS, 1TB_167원/1GB_166,500 ",0,0
4857319,Seagate BarraCuda Pro 7200/128M,"ST4000DM006, 4TB_67원/1GB_268,890 ST2000DM009, 2TB_100원/1GB_200,400 ","ST4000DM006, 4TB_67원/1GB_268,890 ST2000DM009, 2TB_100원/1GB_200,400 ","ST4000DM006, 4TB_67원/1GB_268,890 ST2000DM009, 2TB_100원/1GB_200,400 ","ST4000DM006, 4TB_67원/1GB_268,890 ST2000DM009, 2TB_100원/1GB_200,400 "
6108325,Seagate BarraCuda Pro 7200/128M/노트북용,"ST1000LM049, 1TB_80원/1GB_79,500 ST500LM034, 500GB_138원/1GB_69,000 ","ST1000LM049, 1TB_80원/1GB_79,500 ST500LM034, 500GB_138원/1GB_69,000 ","ST1000LM049, 1TB_80원/1GB_79,500 ST500LM034, 500GB_138원/1GB_69,000 ","ST1000LM049, 1TB_80원/1GB_79,500 ST500LM034, 500GB_138원/1GB_69,000 "
6456666,Seagate BarraCuda Pro 7200/256M,"ST14000DM001, 14TB_58원/1GB_817,060 ST12000DM0007, 12TB_---_일시품절 ST10000DM0004, 10TB_105원/1GB_1,046,450 ST8000DM0004, 8TB_---_일시품절 ST8000DM005, 8TB_92원/1GB_739,960 ST6000DM004, 6TB_60원/1GB_359,100 ","ST14000DM001, 14TB_58원/1GB_812,920 ST12000DM0007, 12TB_---_일시품절 ST10000DM0004, 10TB_105원/1GB_1,046,450 ST8000DM0004, 8TB_---_일시품절 ST8000DM005, 8TB_92원/1GB_739,960 ST6000DM004, 6TB_60원/1GB_359,100 ","ST14000DM001, 14TB_58원/1GB_812,740 ST12000DM0007, 12TB_---_일시품절 ST10000DM0004, 10TB_105원/1GB_1,046,450 ST8000DM0004, 8TB_---_일시품절 ST8000DM005, 8TB_92원/1GB_739,960 ST6000DM004, 6TB_60원/1GB_359,100 ","ST14000DM001, 14TB_58원/1GB_812,680 ST10000DM0004, 10TB_105원/1GB_1,046,450 ST8000DM005, 8TB_92원/1GB_739,960 ST6000DM004, 6TB_60원/1GB_359,100 "
1434303,Seagate Cheetah 15K.6 SA-SCSI/15K/16M,0,0,"ST3300657SS, 300GB_833원/1GB_250,000 ","ST3300657SS, 300GB_833원/1GB_250,000 "
1511054,Seagate Constellation ES 7200/64M,"ST1000NM0011, 1TB_182원/1GB_182,160 ST500NM0011, 500GB_364원/1GB_182,160 ",0,0,0
1511045,Seagate Constellation ES SATA2/7200/32M,"ST31000524NS, 1TB_178원/1GB_178,200 ST3500514NS, 500GB_350원/1GB_174,840 ","ST31000524NS, 1TB_178원/1GB_178,200 ST3500514NS, 500GB_350원/1GB_174,790 ","ST31000524NS, 1TB_178원/1GB_178,200 ST3500514NS, 500GB_349원/1GB_174,600 ","ST31000524NS, 1TB_178원/1GB_178,200 ST3500514NS, 500GB_349원/1GB_174,600 "
1158266,Seagate Constellation ES SATA2/7200/64M,"ST32000644NS, 2TB_138원/1GB_275,190 ","ST32000644NS, 2TB_138원/1GB_275,140 ","ST32000644NS, 2TB_138원/1GB_275,130 ","ST32000644NS, 2TB_138원/1GB_275,080 "
2128426,Seagate Constellation ES.3 7200/128M,"ST4000NM0033, 4TB_92원/1GB_366,160 ST3000NM0033, 3TB_93원/1GB_279,450 ST2000NM0033, 2TB_132원/1GB_264,990 ST1000NM0033, 1TB_182원/1GB_182,160 ","ST4000NM0033, 4TB_90원/1GB_358,200 ST3000NM0033, 3TB_93원/1GB_279,450 ST2000NM0033, 2TB_132원/1GB_264,990 ST1000NM0033, 1TB_178원/1GB_178,200 ","ST4000NM0033, 4TB_90원/1GB_358,200 ST3000NM0033, 3TB_93원/1GB_279,450 ST2000NM0033, 2TB_132원/1GB_264,990 ST1000NM0033, 1TB_178원/1GB_178,200 ","ST4000NM0033, 4TB_90원/1GB_358,200 ST3000NM0033, 3TB_93원/1GB_279,450 ST2000NM0033, 2TB_132원/1GB_264,990 ST1000NM0033, 1TB_178원/1GB_178,200 "
2324226,Seagate Constellation ES.3 SAS/7200/128M,"ST4000NM0023, 4TB_77원/1GB_307,800 ST2000NM0023, 2TB_99원/1GB_198,000 ST1000NM0023, 1TB_170원/1GB_169,740 ","ST4000NM0023, 4TB_77원/1GB_307,800 ST2000NM0023, 2TB_99원/1GB_198,000 ST1000NM0023, 1TB_170원/1GB_169,740 ","ST4000NM0023, 4TB_77원/1GB_307,800 ST2000NM0023, 2TB_99원/1GB_198,000 ST1000NM0023, 1TB_170원/1GB_169,740 ","ST4000NM0023, 4TB_77원/1GB_307,800 ST2000NM0023, 2TB_99원/1GB_198,000 ST1000NM0023, 1TB_170원/1GB_169,740 "
3515477,Seagate Desktop HDD 7200/128M,"ST6000DM001, 6TB_67원/1GB_400,000 ","ST6000DM001, 6TB_67원/1GB_400,000 ","ST6000DM001, 6TB_67원/1GB_400,000 ","ST6000DM001, 6TB_67원/1GB_400,000 "
1961610,Seagate Desktop HDD.15 5900/64M,"ST4000DM000, 4TB_58원/1GB_232,760 ","ST4000DM000, 4TB_58원/1GB_232,760 ","ST4000DM000, 4TB_57원/1GB_227,700 ","ST4000DM000, 4TB_57원/1GB_227,700 "
2222363,Seagate Desktop SSHD 8G/64M,"ST1000DX001. 1TB_122원/1GB_122,360 ","ST1000DX001. 1TB_120원/1GB_119,700 ","ST1000DX001. 1TB_120원/1GB_119,700 ","ST1000DX001. 1TB_120원/1GB_119,700 "
2660716,Seagate Enterprise Capacity 7200/128M,"ST6000NM0024, 6TB_55원/1GB_331,000 ST3000NM0005, 3TB_86원/1GB_259,000 ST2000NM0055, 2TB_94원/1GB_187,000 ST1000NM0055, 1TB_123원/1GB_123,000 ","ST6000NM0024, 6TB_55원/1GB_331,000 ST3000NM0005, 3TB_86원/1GB_259,000 ST2000NM0055, 2TB_94원/1GB_187,000 ST1000NM0055, 1TB_123원/1GB_123,000 ","ST6000NM0024, 6TB_55원/1GB_331,000 ST3000NM0005, 3TB_86원/1GB_259,000 ST2000NM0055, 2TB_94원/1GB_187,000 ST1000NM0055, 1TB_123원/1GB_123,000 ","ST6000NM0024, 6TB_55원/1GB_331,000 ST3000NM0005, 3TB_86원/1GB_259,000 ST2000NM0055, 2TB_94원/1GB_187,000 ST1000NM0055, 1TB_123원/1GB_123,000 "
4560205,Seagate Enterprise Capacity 7200/256M,"ST8000NM0055, 8TB_54원/1GB_431,000 ST8000NM0206, 8TB_54원/1GB_431,000 ","ST8000NM0055, 8TB_54원/1GB_431,000 ST8000NM0206, 8TB_54원/1GB_431,000 ","ST8000NM0055, 8TB_54원/1GB_431,000 ST8000NM0206, 8TB_54원/1GB_431,000 ","ST8000NM0055, 8TB_54원/1GB_431,000 ST8000NM0206, 8TB_54원/1GB_431,000 "
5030516,Seagate Enterprise Capacity SATA/7200/128M,"ST2000NM0008, 2TB_84원/1GB_167,000 ST1000NM0008, 1TB_142원/1GB_142,000 ","ST2000NM0008, 2TB_84원/1GB_167,000 ST1000NM0008, 1TB_142원/1GB_142,000 ",0,0
5030503,Seagate Enterprise Capacity SATA/7200/128M,0,0,"ST2000NM0008, 2TB_84원/1GB_167,000 ST1000NM0008, 1TB_142원/1GB_142,000 ","ST2000NM0008, 2TB_84원/1GB_167,000 ST1000NM0008, 1TB_142원/1GB_142,000 "
3014284,Seagate Enterprise NAS HDD +Rescue 7200/128M,"ST6000VN0011, 6TB_60원/1GB_360,000 ST5000VN0011, 5TB_120원/1GB_600,000 ST4000VN0011, 4TB_125원/1GB_500,000 ST3000VN0011, 3TB_74원/1GB_221,000 ST2000VN0011, 2TB_101원/1GB_201,820 ","ST6000VN0011, 6TB_60원/1GB_360,000 ST5000VN0011, 5TB_120원/1GB_600,000 ST4000VN0011, 4TB_125원/1GB_500,000 ST3000VN0011, 3TB_74원/1GB_221,000 ST2000VN0011, 2TB_101원/1GB_201,820 ","ST6000VN0011, 6TB_60원/1GB_360,000 ST5000VN0011, 5TB_120원/1GB_600,000 ST4000VN0011, 4TB_125원/1GB_500,000 ST3000VN0011, 3TB_74원/1GB_221,000 ST2000VN0011, 2TB_101원/1GB_201,820 ","ST6000VN0011, 6TB_60원/1GB_360,000 ST5000VN0011, 5TB_120원/1GB_600,000 ST4000VN0011, 4TB_125원/1GB_500,000 ST3000VN0011, 3TB_74원/1GB_221,000 ST2000VN0011, 2TB_101원/1GB_201,820 "
3014235,Seagate Enterprise NAS HDD 7200/128M,"ST6000VN0001, 6TB_59원/1GB_353,000 ST5000VN0001, 5TB_90원/1GB_450,000 ST4000VN0001, 4TB_70원/1GB_279,450 ST3000VN0001, 3TB_70원/1GB_210,000 ST2000VN0001, 2TB_120원/1GB_240,000 ","ST6000VN0001, 6TB_59원/1GB_353,000 ST5000VN0001, 5TB_90원/1GB_450,000 ST4000VN0001, 4TB_70원/1GB_279,450 ST3000VN0001, 3TB_70원/1GB_210,000 ST2000VN0001, 2TB_120원/1GB_240,000 ","ST6000VN0001, 6TB_59원/1GB_353,000 ST5000VN0001, 5TB_90원/1GB_450,000 ST4000VN0001, 4TB_70원/1GB_279,450 ST3000VN0001, 3TB_70원/1GB_210,000 ST2000VN0001, 2TB_120원/1GB_240,000 ","ST6000VN0001, 6TB_59원/1GB_353,000 ST5000VN0001, 5TB_90원/1GB_450,000 ST4000VN0001, 4TB_70원/1GB_279,450 ST3000VN0001, 3TB_70원/1GB_210,000 ST2000VN0001, 2TB_120원/1GB_240,000 "
4560425,Seagate Enterprise Performance SAS/10K/128M,"ST1800MM0128, 1.8TB_317원/1GB_571,000 ST1200MM0088, 1.2TB_332원/1GB_398,000 ST900MM0168, 900GB_413원/1GB_371,330 ST600MM0208, 600GB_413원/1GB_248,000 ST300MM0048, 300GB_717원/1GB_215,000 ","ST1800MM0128, 1.8TB_317원/1GB_571,000 ST1200MM0088, 1.2TB_332원/1GB_398,000 ST900MM0168, 900GB_413원/1GB_371,330 ST600MM0208, 600GB_413원/1GB_248,000 ST300MM0048, 300GB_717원/1GB_215,000 ","ST1800MM0128, 1.8TB_317원/1GB_571,000 ST1200MM0088, 1.2TB_332원/1GB_398,000 ST900MM0168, 900GB_413원/1GB_371,330 ST600MM0208, 600GB_413원/1GB_248,000 ST300MM0048, 300GB_717원/1GB_215,000 ","ST1800MM0128, 1.8TB_317원/1GB_571,000 ST1200MM0088, 1.2TB_332원/1GB_398,000 ST900MM0168, 900GB_413원/1GB_371,330 ST600MM0208, 600GB_413원/1GB_248,000 ST300MM0048, 300GB_717원/1GB_215,000 "
4560435,Seagate Enterprise Performance SAS/15K/128M,"ST600MP0005, 600GB_663원/1GB_398,000 ","ST600MP0005, 600GB_663원/1GB_398,000 ","ST600MP0005, 600GB_663원/1GB_398,000 ",0
6526384,Seagate Exos 10E2400 SAS/10K/256M,"ST2400MM0129, 2.4TB_310원/1GB_745,000 ST1800MM0129, 1.8TB_331원/1GB_595,000 ST1200MM0129, 1.2TB_363원/1GB_435,000 ST600MM0099, 600GB_458원/1GB_275,000 ","ST2400MM0129, 2.4TB_310원/1GB_745,000 ST1800MM0129, 1.8TB_331원/1GB_595,000 ST1200MM0129, 1.2TB_363원/1GB_435,000 ST600MM0099, 600GB_458원/1GB_275,000 ","ST2400MM0129, 2.4TB_310원/1GB_745,000 ST1800MM0129, 1.8TB_331원/1GB_595,000 ST1200MM0129, 1.2TB_363원/1GB_435,000 ST600MM0099, 600GB_458원/1GB_275,000 ","ST2400MM0129, 2.4TB_310원/1GB_745,000 ST1800MM0129, 1.8TB_331원/1GB_595,000 ST1200MM0129, 1.2TB_363원/1GB_435,000 ST600MM0099, 600GB_458원/1GB_275,000 "
6655927,Seagate Exos 15E900 SAS/15K/256M,"ST900MP0146, 900GB_599원/1GB_539,000 ST600MP0136, 600GB_692원/1GB_415,000 ST300MP0106, 300GB_1,097원/1GB_329,000 ","ST900MP0146, 900GB_599원/1GB_539,000 ST600MP0136, 600GB_692원/1GB_415,000 ST300MP0106, 300GB_1,097원/1GB_329,000 ","ST900MP0146, 900GB_599원/1GB_539,000 ST600MP0136, 600GB_692원/1GB_415,000 ST300MP0106, 300GB_1,097원/1GB_329,000 ","ST900MP0146, 900GB_599원/1GB_539,000 ST600MP0136, 600GB_692원/1GB_415,000 ST300MP0106, 300GB_1,097원/1GB_329,000 "
6110577,Seagate Exos 5E8 5400/256M,"ST8000AS0003, 8TB_37원/1GB_297,700 ","ST8000AS0003, 8TB_37원/1GB_297,700 ","ST8000AS0003, 8TB_37원/1GB_297,700 ","ST8000AS0003, 8TB_37원/1GB_297,700 "
6453213,Seagate Exos 7E2 7200/128M,"ST2000NM0008, 2TB_96원/1GB_191,710 ST1000NM0008, 1TB_149원/1GB_149,000 ","ST2000NM0008, 2TB_96원/1GB_191,710 ST1000NM0008, 1TB_149원/1GB_149,000 ","ST2000NM0008, 2TB_96원/1GB_191,710 ST1000NM0008, 1TB_149원/1GB_149,000 ","ST2000NM0008, 2TB_96원/1GB_191,710 ST1000NM0008, 1TB_149원/1GB_149,000 "
9724134,Seagate Exos 7E2 패키지 7200/128M,"ST2000NM0008, 4x2TB_94원/1GB_748,000 ","ST2000NM0008, 4x2TB_94원/1GB_748,000 ","ST2000NM0008, 4x2TB_94원/1GB_748,000 ","ST2000NM0008, 4x2TB_94원/1GB_748,000 "
12700472,Seagate Exos 7E2000 7200/128M,"ST2000NX0253, 2TB_250원/1GB_499,000 ST1000NX0313, 1TB_315원/1GB_315,000 ","ST2000NX0253, 2TB_250원/1GB_499,000 ST1000NX0313, 1TB_315원/1GB_315,000 ","ST2000NX0253, 2TB_250원/1GB_499,000 ST1000NX0313, 1TB_315원/1GB_315,000 ","ST2000NX0253, 2TB_250원/1GB_499,000 ST1000NX0313, 1TB_315원/1GB_315,000 "
12700412,Seagate Exos 7E2000 SAS/7200/128M,"ST2000NX0273, 2TB_265원/1GB_529,000 ST1000NX0333, 1TB_345원/1GB_345,000 ","ST2000NX0273, 2TB_265원/1GB_529,000 ST1000NX0333, 1TB_345원/1GB_345,000 ","ST2000NX0273, 2TB_265원/1GB_529,000 ST1000NX0333, 1TB_345원/1GB_345,000 ","ST2000NX0273, 2TB_265원/1GB_529,000 ST1000NX0333, 1TB_345원/1GB_345,000 "
6452481,Seagate Exos 7E8 7200/128M,"ST4000NM0035, 4TB_57원/1GB_229,270 ","ST4000NM0035, 4TB_57원/1GB_229,270 ","ST4000NM0035, 4TB_57원/1GB_229,270 ","ST4000NM0035, 4TB_57원/1GB_229,270 "
9809076,Seagate Exos 7E8 7200/128M/해외구매,"ST4000NM0035, 4TB_34원/1GB_135,810 ","ST4000NM0035, 4TB_34원/1GB_135,810 ","ST4000NM0035, 4TB_34원/1GB_135,810 ","ST4000NM0035, 4TB_34원/1GB_135,810 "
6453043,Seagate Exos 7E8 7200/256M,"ST8000NM0055, 8TB_56원/1GB_449,000 ST8000NM000A, 8TB_56원/1GB_449,000 ST6000NM021A, 6TB_58원/1GB_348,990 ST6000NM0115, 6TB_58원/1GB_349,000 ST4000NM002A, 4TB_64원/1GB_255,000 ST2000NM000A, 2TB_98원/1GB_195,000 ST1000NM000A, 1TB_149원/1GB_149,000 ","ST8000NM0055, 8TB_56원/1GB_449,000 ST8000NM000A, 8TB_56원/1GB_449,000 ST6000NM021A, 6TB_58원/1GB_348,990 ST6000NM0115, 6TB_58원/1GB_349,000 ST4000NM002A, 4TB_64원/1GB_255,000 ST2000NM000A, 2TB_98원/1GB_195,000 ST1000NM000A, 1TB_149원/1GB_149,000 ","ST8000NM0055, 8TB_56원/1GB_449,000 ST8000NM000A, 8TB_56원/1GB_449,000 ST6000NM021A, 6TB_58원/1GB_348,990 ST6000NM0115, 6TB_58원/1GB_349,000 ST4000NM002A, 4TB_64원/1GB_255,000 ST2000NM000A, 2TB_98원/1GB_195,000 ST1000NM000A, 1TB_149원/1GB_149,000 ","ST8000NM0055, 8TB_56원/1GB_449,000 ST8000NM000A, 8TB_56원/1GB_449,000 ST6000NM021A, 6TB_58원/1GB_348,990 ST6000NM0115, 6TB_58원/1GB_349,000 ST4000NM002A, 4TB_64원/1GB_255,000 ST2000NM000A, 2TB_98원/1GB_195,000 ST1000NM000A, 1TB_149원/1GB_149,000 "
6452578,Seagate Exos 7E8 SAS/7200/128M,"ST4000NM0025, 4TB_62원/1GB_248,000 ST2000NM0045, 2TB_99원/1GB_198,000 ST1000NM0045, 1TB_194원/1GB_194,440 ","ST4000NM0025, 4TB_62원/1GB_248,000 ST2000NM0045, 2TB_99원/1GB_198,000 ST1000NM0045, 1TB_194원/1GB_194,440 ","ST4000NM0025, 4TB_62원/1GB_248,000 ST2000NM0045, 2TB_99원/1GB_198,000 ST1000NM0045, 1TB_194원/1GB_194,440 ","ST4000NM0025, 4TB_62원/1GB_248,000 ST2000NM0045, 2TB_99원/1GB_198,000 ST1000NM0045, 1TB_194원/1GB_194,440 "
9692202,Seagate Exos 7E8 SAS/7200/256M,"ST8000NM0075, 8TB_51원/1GB_411,000 ST8000NM001A, 8TB_59원/1GB_469,000 ST6000NM029A, 6TB_62원/1GB_369,000 ST6000NM0095, 6TB_59원/1GB_354,000 ST4000NM005A, 4TB_69원/1GB_275,000 ST2000NM004A, 2TB_110원/1GB_219,000 ST1000NM001A, 1TB_175원/1GB_175,000 ","ST8000NM0075, 8TB_51원/1GB_411,000 ST8000NM001A, 8TB_59원/1GB_469,000 ST6000NM029A, 6TB_62원/1GB_369,000 ST6000NM0095, 6TB_59원/1GB_354,000 ST4000NM005A, 4TB_69원/1GB_275,000 ST2000NM004A, 2TB_110원/1GB_219,000 ST1000NM001A, 1TB_175원/1GB_175,000 ","ST8000NM0075, 8TB_51원/1GB_411,000 ST8000NM001A, 8TB_59원/1GB_469,000 ST6000NM029A, 6TB_62원/1GB_369,000 ST6000NM0095, 6TB_59원/1GB_354,000 ST4000NM005A, 4TB_69원/1GB_275,000 ST2000NM004A, 2TB_110원/1GB_219,000 ST1000NM001A, 1TB_175원/1GB_175,000 ","ST8000NM0075, 8TB_51원/1GB_411,000 ST8000NM001A, 8TB_59원/1GB_469,000 ST6000NM029A, 6TB_62원/1GB_369,000 ST6000NM0095, 6TB_59원/1GB_354,000 ST4000NM005A, 4TB_69원/1GB_275,000 ST2000NM004A, 2TB_110원/1GB_219,000 ST1000NM001A, 1TB_175원/1GB_175,000 "
9724428,Seagate Exos 7E8 패키지 200/256M,"ST6000NM0115, 4x6TB_56원/1GB_1,340,000 ","ST6000NM0115, 4x6TB_56원/1GB_1,340,000 ","ST6000NM0115, 4x6TB_56원/1GB_1,340,000 ","ST6000NM0115, 4x6TB_56원/1GB_1,340,000 "
9724353,Seagate Exos 7E8 패키지 7200/128M,"ST4000NM0035, 4x4TB_61원/1GB_976,000 ","ST4000NM0035, 4x4TB_61원/1GB_976,000 ","ST4000NM0035, 4x4TB_61원/1GB_976,000 ","ST4000NM0035, 4x4TB_61원/1GB_976,000 "
9724572,Seagate Exos 7E8 패키지 7200/256M,"ST8000NM0055, 4x8TB_54원/1GB_1,724,000 ","ST8000NM0055, 4x8TB_54원/1GB_1,724,000 ","ST8000NM0055, 4x8TB_54원/1GB_1,724,000 ","ST8000NM0055, 4x8TB_54원/1GB_1,724,000 "
6452351,Seagate Exos X10 7200/256M,"ST10000NM0086, 10TB_56원/1GB_555,000 ","ST10000NM0086, 10TB_56원/1GB_555,000 ","ST10000NM0086, 10TB_56원/1GB_555,000 ","ST10000NM0086, 10TB_56원/1GB_555,000 "
6452378,Seagate Exos X10 SAS/7200/256M,0,"ST10000NM0096, 10TB_109원/1GB_1,094,170 ","ST10000NM0096, 10TB_109원/1GB_1,094,170 ","ST10000NM0096, 10TB_109원/1GB_1,094,170 "
9724695,Seagate Exos X10 패키지 7200/256M,"ST10000NM0086, 4x10TB_53원/1GB_2,128,000 ","ST10000NM0086, 4x10TB_53원/1GB_2,128,000 ","ST10000NM0086, 4x10TB_53원/1GB_2,128,000 ","ST10000NM0086, 4x10TB_53원/1GB_2,128,000 "
6109191,Seagate Exos X12 7200/256M,"ST12000NM0007, 12TB_56원/1GB_675,000 ST12000NM0008, 12TB_54원/1GB_648,000 ","ST12000NM0007, 12TB_56원/1GB_675,000 ST12000NM0008, 12TB_54원/1GB_648,000 ","ST12000NM0007, 12TB_56원/1GB_675,000 ST12000NM0008, 12TB_54원/1GB_648,000 ","ST12000NM0007, 12TB_56원/1GB_675,000 ST12000NM0008, 12TB_54원/1GB_648,000 "
6109250,Seagate Exos X12 SAS/7200/256M,"ST12000NM0027, 12TB_50원/1GB_599,000 ","ST12000NM0027, 12TB_50원/1GB_599,000 ","ST12000NM0027, 12TB_50원/1GB_599,000 ","ST12000NM0027, 12TB_50원/1GB_599,000 "
9724767,Seagate Exos X12 패키지 7200/256M,"ST12000NM0007, 4x12TB_54원/1GB_2,592,000 ","ST12000NM0007, 4x12TB_54원/1GB_2,592,000 ","ST12000NM0007, 4x12TB_54원/1GB_2,592,000 ","ST12000NM0007, 4x12TB_54원/1GB_2,592,000 "
9736236,Seagate Exos X16 7200/256M,"ST16000NM001G, 16TB_56원/1GB_895,000 ST14000NM001G, 14TB_56원/1GB_785,000 ST12000NM001G, 12TB_50원/1GB_600,000 ST10000NM001G, 10TB_56원/1GB_555,000 ","ST16000NM001G, 16TB_56원/1GB_895,000 ST14000NM001G, 14TB_56원/1GB_785,000 ST12000NM001G, 12TB_50원/1GB_600,000 ST10000NM001G, 10TB_56원/1GB_555,000 ","ST16000NM001G, 16TB_56원/1GB_895,000 ST14000NM001G, 14TB_56원/1GB_785,000 ST12000NM001G, 12TB_50원/1GB_600,000 ST10000NM001G, 10TB_56원/1GB_555,000 ","ST16000NM001G, 16TB_56원/1GB_895,000 ST14000NM001G, 14TB_56원/1GB_785,000 ST12000NM001G, 12TB_50원/1GB_600,000 ST10000NM001G, 10TB_56원/1GB_555,000 "
9725427,Seagate Exos X16 7200/256M,"ST16000NM001G, 16TB_56원/1GB_895,000 ST14000NM001G, 14TB_56원/1GB_785,000 ST12000NM001G, 12TB_50원/1GB_600,000 ST10000NM001G, 10TB_56원/1GB_555,000 ","ST16000NM001G, 16TB_56원/1GB_895,000 ST14000NM001G, 14TB_56원/1GB_785,000 ST12000NM001G, 12TB_50원/1GB_600,000 ST10000NM001G, 10TB_56원/1GB_555,000 ","ST16000NM001G, 16TB_56원/1GB_895,000 ST14000NM001G, 14TB_56원/1GB_785,000 ST12000NM001G, 12TB_50원/1GB_600,000 ST10000NM001G, 10TB_56원/1GB_555,000 ","ST16000NM001G, 16TB_56원/1GB_895,000 ST14000NM001G, 14TB_56원/1GB_785,000 ST12000NM001G, 12TB_50원/1GB_600,000 ST10000NM001G, 10TB_56원/1GB_555,000 "
13226837,Seagate Exos X16 7200/256M/해외구매,"ST16000NM001G, 16TB_46원/1GB_743,760 ST14000NM001G, 14TB_54원/1GB_753,000 ST10000NM001G, 10TB_43원/1GB_425,900 ","ST16000NM001G, 16TB_46원/1GB_743,760 ST14000NM001G, 14TB_54원/1GB_753,000 ST10000NM001G, 10TB_43원/1GB_425,900 ","ST16000NM001G, 16TB_42원/1GB_669,390 ST14000NM001G, 14TB_54원/1GB_753,000 ST10000NM001G, 10TB_43원/1GB_425,900 ","ST16000NM001G, 16TB_42원/1GB_669,390 ST14000NM001G, 14TB_54원/1GB_753,000 ST10000NM001G, 10TB_43원/1GB_425,900 "
11452572,Seagate Exos X16 SAS/7200/256M,"ST16000NM002G, 16TB_57원/1GB_910,000 ST14000NM002G, 14TB_55원/1GB_770,620 ST12000NM002G, 12TB_65원/1GB_784,900 ST10000NM002G, 10TB_47원/1GB_472,450 ","ST16000NM002G, 16TB_57원/1GB_910,000 ST14000NM002G, 14TB_55원/1GB_770,620 ST12000NM002G, 12TB_65원/1GB_784,900 ST10000NM002G, 10TB_47원/1GB_472,450 ","ST16000NM002G, 16TB_57원/1GB_910,000 ST14000NM002G, 14TB_55원/1GB_770,620 ST12000NM002G, 12TB_65원/1GB_784,900 ST10000NM002G, 10TB_47원/1GB_472,450 ","ST16000NM002G, 16TB_57원/1GB_910,000 ST14000NM002G, 14TB_55원/1GB_770,620 ST12000NM002G, 12TB_65원/1GB_784,900 ST10000NM002G, 10TB_47원/1GB_472,450 "
11452041,Seagate Exos X16 SAS/7200/256M,"ST16000NM002G, 16TB_57원/1GB_910,000 ST14000NM002G, 14TB_55원/1GB_770,620 ST12000NM002G, 12TB_65원/1GB_784,900 ST10000NM002G, 10TB_47원/1GB_472,450 ","ST16000NM002G, 16TB_57원/1GB_910,000 ST14000NM002G, 14TB_55원/1GB_770,620 ST12000NM002G, 12TB_65원/1GB_784,900 ST10000NM002G, 10TB_47원/1GB_472,450 ","ST16000NM002G, 16TB_57원/1GB_910,000 ST14000NM002G, 14TB_55원/1GB_770,620 ST12000NM002G, 12TB_65원/1GB_784,900 ST10000NM002G, 10TB_47원/1GB_472,450 ","ST16000NM002G, 16TB_57원/1GB_910,000 ST14000NM002G, 14TB_55원/1GB_770,620 ST12000NM002G, 12TB_65원/1GB_784,900 ST10000NM002G, 10TB_47원/1GB_472,450 "
13228889,Seagate Exos X16 SAS/7200/256M/해외구매,"ST12000NM002G, 12TB_41원/1GB_494,300 ST10000NM002G, 10TB_41원/1GB_413,740 ST14000NM002G, 14TB_55원/1GB_768,000 ST16000NM002G, 16TB_55원/1GB_873,000 ","ST12000NM002G, 12TB_41원/1GB_494,300 ST10000NM002G, 10TB_41원/1GB_413,740 ST14000NM002G, 14TB_55원/1GB_768,000 ST16000NM002G, 16TB_55원/1GB_873,000 ","ST12000NM002G, 12TB_41원/1GB_494,300 ST10000NM002G, 10TB_41원/1GB_413,740 ST14000NM002G, 14TB_55원/1GB_768,000 ST16000NM002G, 16TB_55원/1GB_873,000 ","ST12000NM002G, 12TB_41원/1GB_494,300 ST10000NM002G, 10TB_41원/1GB_413,740 ST14000NM002G, 14TB_55원/1GB_768,000 ST16000NM002G, 16TB_55원/1GB_873,000 "
9725508,Seagate Exos X16 패키지 7200/256M,"ST16000NM001G, 4x16TB_45원/1GB_2,900,000 ST14000NM001G, 4x14TB_45원/1GB_2,500,000 ","ST16000NM001G, 4x16TB_45원/1GB_2,900,000 ST14000NM001G, 4x14TB_45원/1GB_2,500,000 ","ST16000NM001G, 4x16TB_45원/1GB_2,900,000 ST14000NM001G, 4x14TB_45원/1GB_2,500,000 ","ST16000NM001G, 4x16TB_45원/1GB_2,900,000 ST14000NM001G, 4x14TB_45원/1GB_2,500,000 "
12719456,Seagate Exos X18 7200/256M,"ST18000NM000J, 18TB_58원/1GB_1,050,000 ST16000NM000J,16TB_56원/1GB_895,000 ","ST18000NM000J, 18TB_58원/1GB_1,050,000 ST16000NM000J,16TB_56원/1GB_895,000 ","ST18000NM000J, 18TB_58원/1GB_1,050,000 ST16000NM000J,16TB_56원/1GB_895,000 ","ST18000NM000J, 18TB_58원/1GB_1,050,000 ST16000NM000J,16TB_56원/1GB_895,000 "
13940384,Seagate Exos X18 7200/256M/해외구매,"ST18000NM000J, 18TB_51원/1GB_914,840 ","ST18000NM000J, 18TB_51원/1GB_914,840 ","ST18000NM000J, 18TB_50원/1GB_894,960 ","ST18000NM000J, 18TB_50원/1GB_894,960 "
12719516,Seagate Exos X18 SAS 7200/256M,"ST18000NM004J, 18TB_59원/1GB_1,070,000 ST16000NM004J,16TB_51원/1GB_910,000 ","ST18000NM004J, 18TB_59원/1GB_1,070,000 ST16000NM004J,16TB_51원/1GB_910,000 ","ST18000NM004J, 18TB_59원/1GB_1,070,000 ST16000NM004J,16TB_51원/1GB_910,000 ","ST18000NM004J, 18TB_59원/1GB_1,070,000 ST16000NM004J,16TB_51원/1GB_910,000 "
4590460,Seagate FireCuda SSHD 5400/128M/노트북용,"ST2000LX001, 2TB_126원/1GB_252,000 ST1000LX015, 1TB_124원/1GB_124,200 ST500LX025, 500GB_178원/1GB_88,800 ","ST2000LX001, 2TB_126원/1GB_252,000 ST1000LX015, 1TB_124원/1GB_124,200 ST500LX025, 500GB_178원/1GB_88,800 ","ST2000LX001, 2TB_126원/1GB_252,000 ST1000LX015, 1TB_124원/1GB_124,200 ST500LX025, 500GB_178원/1GB_88,800 ","ST2000LX001, 2TB_126원/1GB_252,000 ST1000LX015, 1TB_124원/1GB_124,200 ST500LX025, 500GB_178원/1GB_88,800 "
4590635,Seagate FireCuda SSHD 7200/64M,"ST2000DX002, 2TB_96원/1GB_191,360 ST1000DX002, 1TB_127원/1GB_126,960 ","ST2000DX002, 2TB_94원/1GB_187,200 ST1000DX002, 1TB_124원/1GB_124,200 ","ST2000DX002, 2TB_94원/1GB_187,200 ST1000DX002, 1TB_124원/1GB_124,200 ","ST2000DX002, 2TB_94원/1GB_187,200 ST1000DX002, 1TB_124원/1GB_124,200 "
11397288,Seagate IronWolf 5400/256M,"ST6000VN001, 6TB_41원/1GB_248,990 ","ST6000VN001, 6TB_39원/1GB_231,120 ","ST6000VN001, 6TB_39원/1GB_231,120 ","ST6000VN001, 6TB_39원/1GB_231,120 "
13226873,Seagate IronWolf 5400/256M/해외구매,"ST6000VN001, 6TB_36원/1GB_216,200 ","ST6000VN001, 6TB_36원/1GB_216,200 ","ST6000VN001, 6TB_36원/1GB_216,200 ","ST6000VN001, 6TB_36원/1GB_216,200 "
4555795,Seagate IronWolf 5900/64M,"ST4000VN008, 4TB_41원/1GB_164,840 ST3000VN007, 3TB_46원/1GB_137,930 ST2000VN004, 2TB_53원/1GB_106,730 ST1000VN002, 1TB_88원/1GB_87,930 ","ST4000VN008, 4TB_39원/1GB_157,320 ST3000VN007, 3TB_46원/1GB_138,000 ST2000VN004, 2TB_54원/1GB_108,000 ST1000VN002, 1TB_88원/1GB_88,000 ","ST4000VN008, 4TB_39원/1GB_157,260 ST3000VN007, 3TB_46원/1GB_137,990 ST2000VN004, 2TB_54원/1GB_107,930 ST1000VN002, 1TB_88원/1GB_87,990 ","ST4000VN008, 4TB_41원/1GB_164,820 ST3000VN007, 3TB_46원/1GB_137,990 ST2000VN004, 2TB_54원/1GB_107,930 ST1000VN002, 1TB_88원/1GB_87,990 "
5639055,Seagate IronWolf 5900/64M/해외구매,"ST4000VN008, 4TB_32원/1GB_126,840 ST3000VN007, 3TB_51원/1GB_151,990 ST2000VN004, 2TB_53원/1GB_105,360 ST1000VN002, 1TB_87원/1GB_86,550 ","ST4000VN008, 4TB_32원/1GB_126,840 ST3000VN007, 3TB_51원/1GB_151,990 ST2000VN004, 2TB_53원/1GB_105,360 ST1000VN002, 1TB_87원/1GB_86,550 ","ST4000VN008, 4TB_32원/1GB_126,840 ST3000VN007, 3TB_51원/1GB_151,990 ST2000VN004, 2TB_53원/1GB_105,360 ST1000VN002, 1TB_87원/1GB_86,550 ","ST4000VN008, 4TB_32원/1GB_126,840 ST3000VN007, 3TB_51원/1GB_151,990 ST2000VN004, 2TB_53원/1GB_105,360 ST1000VN002, 1TB_87원/1GB_86,550 "
4555779,Seagate IronWolf 7200/128M,"ST6000VN0041, 6TB_---_일시품절 ","ST6000VN0041, 6TB_---_일시품절 ","ST6000VN0041, 6TB_---_일시품절 ","ST6000VN0041, 6TB_---_일시품절 "
5639077,Seagate IronWolf 7200/128M/해외구매,"ST6000VN0041, 6TB_41원/1GB_245,100 ","ST6000VN0041, 6TB_41원/1GB_245,100 ","ST6000VN0041, 6TB_41원/1GB_245,100 ","ST6000VN0041, 6TB_41원/1GB_245,100 "
9347988,Seagate IronWolf 7200/256M,"ST16000VN001, 16TB_99원/1GB_1,591,500 ST14000VN0008, 14TB_89원/1GB_1,248,750 ST12000VN0008, 12TB_41원/1GB_489,000 ST12000VN0007, 12TB_41원/1GB_489,000 ST10000VN0008, 10TB_41원/1GB_414,990 ST10000VN0004, 10TB_45원/1GB_452,000 ST8000VN004, 8TB_41원/1GB_324,990 ST8000VN0022, 8TB_64원/1GB_513,020 ST6000VN0033, 6TB_42원/1GB_249,000 ","ST16000VN001, 16TB_99원/1GB_1,591,500 ST14000VN0008, 14TB_89원/1GB_1,248,750 ST12000VN0008, 12TB_41원/1GB_489,000 ST12000VN0007, 12TB_41원/1GB_489,000 ST10000VN0008, 10TB_42원/1GB_415,000 ST10000VN0004, 10TB_44원/1GB_439,000 ST8000VN004, 8TB_41원/1GB_324,990 ST8000VN0022, 8TB_64원/1GB_513,020 ST6000VN0033, 6TB_42원/1GB_249,000 ","ST16000VN001, 16TB_99원/1GB_1,591,500 ST14000VN0008, 14TB_89원/1GB_1,248,750 ST12000VN0008, 12TB_41원/1GB_489,000 ST12000VN0007, 12TB_41원/1GB_489,000 ST10000VN0008, 10TB_42원/1GB_415,000 ST10000VN0004, 10TB_44원/1GB_439,000 ST8000VN004, 8TB_41원/1GB_324,990 ST8000VN0022, 8TB_64원/1GB_513,020 ST6000VN0033, 6TB_42원/1GB_249,000 ","ST16000VN001, 16TB_99원/1GB_1,591,500 ST14000VN0008, 14TB_89원/1GB_1,248,750 ST12000VN0008, 12TB_41원/1GB_489,000 ST12000VN0007, 12TB_41원/1GB_489,000 ST10000VN0008, 10TB_42원/1GB_415,000 ST10000VN0004, 10TB_44원/1GB_439,000 ST8000VN004, 8TB_41원/1GB_324,870 ST8000VN0022, 8TB_64원/1GB_513,020 ST6000VN0033, 6TB_42원/1GB_249,000 "
5639062,Seagate IronWolf 7200/256M/해외구매,"ST16000VN001, 16TB_58원/1GB_927,100 ST14000VN0008, 14TB_47원/1GB_657,900 ST12000VN0008, 12TB_32원/1GB_389,360 ST10000VN0008, 10TB_---_일시품절 ST10000VN0004, 10TB_41원/1GB_413,100 ST8000VN004, 8TB_32원/1GB_257,400 ST8000VN0022, 8TB_37원/1GB_299,220 ","ST16000VN001, 16TB_58원/1GB_927,100 ST14000VN0008, 14TB_47원/1GB_657,900 ST12000VN0008, 12TB_32원/1GB_389,300 ST10000VN0008, 10TB_---_일시품절 ST10000VN0004, 10TB_41원/1GB_413,100 ST8000VN004, 8TB_32원/1GB_257,220 ST8000VN0022, 8TB_37원/1GB_299,160 ","ST16000VN001, 16TB_58원/1GB_927,100 ST14000VN0008, 14TB_47원/1GB_657,900 ST12000VN0008, 12TB_32원/1GB_389,120 ST10000VN0008, 10TB_---_일시품절 ST10000VN0004, 10TB_41원/1GB_413,100 ST8000VN004, 8TB_32원/1GB_257,040 ST8000VN0022, 8TB_37원/1GB_298,980 ","ST16000VN001, 16TB_58원/1GB_927,100 ST14000VN0008, 14TB_47원/1GB_657,900 ST12000VN0008, 12TB_32원/1GB_389,060 ST10000VN0008, 10TB_---_일시품절 ST10000VN0004, 10TB_41원/1GB_413,100 ST8000VN004, 8TB_32원/1GB_256,980 ST8000VN0022, 8TB_37원/1GB_298,930 "
9348885,Seagate IronWolf Pro 7200/128M,"ST4000NE001, 4TB_64원/1GB_254,940 ST4000NE0025, 4TB_64원/1GB_255,000 ST2000NE0025, 2TB_129원/1GB_257,990 ","ST4000NE001, 4TB_64원/1GB_255,000 ST4000NE0025, 4TB_64원/1GB_255,000 ST2000NE0025, 2TB_129원/1GB_257,990 ","ST4000NE001, 4TB_64원/1GB_254,950 ST4000NE0025, 4TB_64원/1GB_255,000 ST2000NE0025, 2TB_129원/1GB_257,990 ","ST4000NE001, 4TB_64원/1GB_255,000 ST4000NE0025, 4TB_64원/1GB_255,000 ST2000NE0025, 2TB_129원/1GB_257,990 "
13229438,Seagate IronWolf Pro 7200/128M/해외구매,"ST4000NE001, 4TB_84원/1GB_334,300 ","ST4000NE001, 4TB_84원/1GB_334,300 ","ST4000NE001, 4TB_84원/1GB_334,300 ","ST4000NE001, 4TB_84원/1GB_334,300 "
12190124,Seagate IronWolf Pro 7200/256M,"ST18000NE000, 18TB_49원/1GB_874,990 ST16000NE000, 16TB_47원/1GB_754,990 ST14000NE0008, 14TB_42원/1GB_585,000 ST12000NE0008, 12TB_49원/1GB_588,990 ST12000NE0007, 12TB_49원/1GB_589,000 ST10000NE0008, 10TB_52원/1GB_515,000 ST10000NE0004, 10TB_52원/1GB_515,000 ST8000NE0021, 8TB_52원/1GB_419,000 ST8000NE001, 8TB_52원/1GB_419,000 ST8000NE0004, 8TB_50원/1GB_398,000 ST6000NE0023, 6TB_58원/1GB_345,000 ST6000NE0021, 6TB_58원/1GB_345,000 ST6000NE000, 6TB_58원/1GB_345,000 ","ST18000NE000, 18TB_49원/1GB_875,000 ST16000NE000, 16TB_42원/1GB_674,100 ST14000NE0008, 14TB_46원/1GB_645,000 ST12000NE0008, 12TB_49원/1GB_589,000 ST12000NE0007, 12TB_49원/1GB_589,000 ST10000NE0008, 10TB_47원/1GB_471,870 ST10000NE0004, 10TB_52원/1GB_515,000 ST8000NE0021, 8TB_52원/1GB_419,000 ST8000NE001, 8TB_48원/1GB_381,990 ST8000NE0004, 8TB_50원/1GB_398,000 ST6000NE0023, 6TB_58원/1GB_345,000 ST6000NE0021, 6TB_58원/1GB_345,000 ST6000NE000, 6TB_57원/1GB_339,450 ","ST18000NE000, 18TB_49원/1GB_875,000 ST16000NE000, 16TB_42원/1GB_674,100 ST14000NE0008, 14TB_46원/1GB_645,000 ST12000NE0008, 12TB_49원/1GB_588,940 ST12000NE0007, 12TB_49원/1GB_589,000 ST10000NE0008, 10TB_47원/1GB_471,870 ST10000NE0004, 10TB_52원/1GB_515,000 ST8000NE0021, 8TB_52원/1GB_419,000 ST8000NE001, 8TB_48원/1GB_381,990 ST8000NE0004, 8TB_50원/1GB_398,000 ST6000NE0023, 6TB_58원/1GB_345,000 ST6000NE0021, 6TB_58원/1GB_345,000 ST6000NE000, 6TB_58원/1GB_345,000 ","ST18000NE000, 18TB_49원/1GB_875,000 ST16000NE000, 16TB_42원/1GB_674,100 ST14000NE0008, 14TB_46원/1GB_645,000 ST12000NE0008, 12TB_49원/1GB_589,000 ST12000NE0007, 12TB_49원/1GB_589,000 ST10000NE0008, 10TB_47원/1GB_471,870 ST10000NE0004, 10TB_52원/1GB_515,000 ST8000NE0021, 8TB_52원/1GB_419,000 ST8000NE001, 8TB_48원/1GB_381,990 ST8000NE0004, 8TB_50원/1GB_398,000 ST6000NE0023, 6TB_58원/1GB_345,000 ST6000NE0021, 6TB_58원/1GB_345,000 ST6000NE000, 6TB_58원/1GB_345,000 "
9725835,Seagate IronWolf Pro 패키지 7200/128M,"ST4000NE0025, 4x4TB_64원/1GB_1,020,000 ST2000NE0025, 4x2TB_83원/1GB_660,000 ","ST4000NE0025, 4x4TB_64원/1GB_1,020,000 ST2000NE0025, 4x2TB_83원/1GB_660,000 ","ST4000NE0025, 4x4TB_64원/1GB_1,020,000 ST2000NE0025, 4x2TB_83원/1GB_660,000 ","ST4000NE0025, 4x4TB_64원/1GB_1,020,000 ST2000NE0025, 4x2TB_83원/1GB_660,000 "
9726327,Seagate IronWolf Pro 패키지 7200/256M,"ST12000NE0008, 4x12TB_49원/1GB_2,356,000 ST8000NE001, 4x8TB_52원/1GB_1,676,000 ST6000NE0021, 4x6TB_58원/1GB_1,380,000 ","ST12000NE0008, 4x12TB_49원/1GB_2,356,000 ST8000NE001, 4x8TB_52원/1GB_1,676,000 ST6000NE0021, 4x6TB_58원/1GB_1,380,000 ","ST12000NE0008, 4x12TB_49원/1GB_2,356,000 ST8000NE001, 4x8TB_52원/1GB_1,676,000 ST6000NE0021, 4x6TB_58원/1GB_1,380,000 ","ST12000NE0008, 4x12TB_49원/1GB_2,356,000 ST8000NE001, 4x8TB_52원/1GB_1,676,000 ST6000NE0021, 4x6TB_58원/1GB_1,380,000 "
9950859,Seagate IronWolf Pro 패키지 7200/256M,"ST12000NE0008, 4x12TB_49원/1GB_2,356,000 ST8000NE001, 4x8TB_52원/1GB_1,676,000 ST6000NE0021, 4x6TB_58원/1GB_1,380,000 ","ST12000NE0008, 4x12TB_49원/1GB_2,356,000 ST8000NE001, 4x8TB_52원/1GB_1,676,000 ST6000NE0021, 4x6TB_58원/1GB_1,380,000 ","ST12000NE0008, 4x12TB_49원/1GB_2,356,000 ST8000NE001, 4x8TB_52원/1GB_1,676,000 ST6000NE0021, 4x6TB_58원/1GB_1,380,000 ",0
9950556,Seagate IronWolf 패키지 5900/64M,"ST2000VN004, 4x2TB_55원/1GB_436,000 ","ST2000VN004, 4x2TB_55원/1GB_436,000 ","ST2000VN004, 4x2TB_55원/1GB_436,000 ","ST2000VN004, 4x2TB_55원/1GB_436,000 "
9950670,Seagate IronWolf 패키지 7200/128M,"ST6000VN0041, 4x6TB_42원/1GB_996,000 ","ST6000VN0041, 4x6TB_42원/1GB_996,000 ","ST6000VN0041, 4x6TB_42원/1GB_996,000 ","ST6000VN0041, 4x6TB_42원/1GB_996,000 "
13230980,Seagate IronWolf 패키지 7200/256M,"ST14000VN0008, 4x14TB_44원/1GB_2,452,000 ST12000VN0007, 4x12TB_41원/1GB_1,956,000 ST8000VN004, 4x8TB_163원/1GB_1,300,000 ","ST14000VN0008, 4x14TB_44원/1GB_2,452,000 ST12000VN0007, 4x12TB_41원/1GB_1,956,000 ST8000VN004, 4x8TB_163원/1GB_1,300,000 ","ST14000VN0008, 4x14TB_44원/1GB_2,452,000 ST12000VN0007, 4x12TB_41원/1GB_1,956,000 ST8000VN004, 4x8TB_163원/1GB_1,300,000 ","ST14000VN0008, 4x14TB_44원/1GB_2,452,000 ST12000VN0007, 4x12TB_41원/1GB_1,956,000 ST8000VN004, 4x8TB_163원/1GB_1,300,000 "
9950805,Seagate IronWolf 패키지 7200/256M,"ST14000VN0008, 4x14TB_44원/1GB_2,452,000 ST12000VN0007, 4x12TB_41원/1GB_1,956,000 ST8000VN004, 4x8TB_163원/1GB_1,300,000 ","ST14000VN0008, 4x14TB_44원/1GB_2,452,000 ST12000VN0007, 4x12TB_41원/1GB_1,956,000 ST8000VN004, 4x8TB_163원/1GB_1,300,000 ","ST14000VN0008, 4x14TB_44원/1GB_2,452,000 ST12000VN0007, 4x12TB_41원/1GB_1,956,000 ST8000VN004, 4x8TB_163원/1GB_1,300,000 ","ST14000VN0008, 4x14TB_44원/1GB_2,452,000 ST12000VN0007, 4x12TB_41원/1GB_1,956,000 ST8000VN004, 4x8TB_163원/1GB_1,300,000 "
3940543,Seagate Mobile HDD 5400/128M/노트북용,"ST2000LM007, 2TB_54원/1GB_107,880 ST1000LM035, 1TB_88원/1GB_87,990 ",0,0,0
3940559,Seagate Mobile HDD 5400/128M/노트북용,0,"ST2000LM007, 2TB_54원/1GB_107,880 ST1000LM035, 1TB_88원/1GB_87,990 ","ST2000LM007, 2TB_53원/1GB_105,610 ST1000LM035, 1TB_88원/1GB_87,990 ","ST2000LM007, 2TB_53원/1GB_105,610 ST1000LM035, 1TB_88원/1GB_87,990 "
2921700,Seagate NAS HDD +Rescue 5900/64M,"ST4000VN003, 4TB_55원/1GB_220,000 ST2000VN001, 2TB_70원/1GB_140,000 ",0,0,0
2227322,Seagate NAS HDD 5900/64M,"ST4000VN000, 4TB_45원/1GB_180,590 ST3000VN000, 3TB_46원/1GB_139,000 ST2000VN000, 2TB_55원/1GB_109,000 ST1000VN000, 1TB_89원/1GB_89,000 ","ST4000VN000, 4TB_45원/1GB_180,590 ST3000VN000, 3TB_46원/1GB_139,000 ST2000VN000, 2TB_55원/1GB_109,000 ST1000VN000, 1TB_89원/1GB_89,000 ","ST4000VN000, 4TB_44원/1GB_176,670 ST3000VN000, 3TB_46원/1GB_139,000 ST2000VN000, 2TB_55원/1GB_109,000 ST1000VN000, 1TB_89원/1GB_89,000 ",0
2227233,Seagate NAS HDD 5900/64M,0,0,0,"ST4000VN000, 4TB_44원/1GB_176,670 ST3000VN000, 3TB_46원/1GB_139,000 ST2000VN000, 2TB_55원/1GB_109,000 ST1000VN000, 1TB_89원/1GB_89,000 "
2281269,Seagate Pipeline HD SATA2/5900/64M,"ST2000VM003, 2TB_36원/1GB_72,220 ","ST2000VM003, 2TB_35원/1GB_70,650 ","ST2000VM003, 2TB_35원/1GB_70,650 ","ST2000VM003, 2TB_35원/1GB_70,650 "
9344370,Seagate SkyHawk 5900/256M,"ST3000VX009, 3TB_40원/1GB_119,000 ","ST3000VX009, 3TB_40원/1GB_119,000 ","ST3000VX009, 3TB_40원/1GB_119,000 ","ST3000VX009, 3TB_40원/1GB_119,000 "
9442104,Seagate SkyHawk 5900/256M/해외구매,"ST3000VX009, 3TB_40원/1GB_119,190 ","ST3000VX009, 3TB_40원/1GB_119,190 ","ST3000VX009, 3TB_40원/1GB_119,190 ","ST3000VX009, 3TB_40원/1GB_119,190 "
4555609,Seagate SkyHawk 5900/64M,"ST4000VX007, 4TB_37원/1GB_149,000 ST3000VX010, 3TB_38원/1GB_115,000 ST2000VX008, 2TB_41원/1GB_82,000 ST1000VX005, 1TB_65원/1GB_65,000 ","ST4000VX007, 4TB_37원/1GB_149,000 ST3000VX010, 3TB_38원/1GB_115,000 ST2000VX008, 2TB_40원/1GB_80,850 ST1000VX005, 1TB_65원/1GB_65,000 ","ST4000VX007, 4TB_37원/1GB_146,020 ST3000VX010, 3TB_38원/1GB_115,000 ST2000VX008, 2TB_40원/1GB_80,850 ST1000VX005, 1TB_65원/1GB_65,000 ","ST4000VX007, 4TB_37원/1GB_146,010 ST3000VX010, 3TB_38원/1GB_115,000 ST2000VX008, 2TB_41원/1GB_82,000 ST1000VX005, 1TB_65원/1GB_65,000 "
9345102,Seagate SkyHawk 7200/256M,"ST14000VX0008, 14TB_51원/1GB_720,000 ST10000VX0004, 10TB_46원/1GB_459,000 ST8000VX004, 8TB_41원/1GB_325,000 ST8000VX0022, 8TB_52원/1GB_412,400 ST6000VX0023, 6TB_42원/1GB_249,000 ST6000VX001, 6TB_42원/1GB_249,000 ","ST14000VX0008, 14TB_51원/1GB_720,000 ST10000VX0004, 10TB_46원/1GB_459,000 ST8000VX004, 8TB_41원/1GB_325,000 ST8000VX0022, 8TB_52원/1GB_412,400 ST6000VX0023, 6TB_42원/1GB_249,000 ST6000VX001, 6TB_42원/1GB_249,000 ","ST14000VX0008, 14TB_51원/1GB_720,000 ST10000VX0004, 10TB_46원/1GB_459,000 ST8000VX004, 8TB_41원/1GB_325,000 ST8000VX0022, 8TB_61원/1GB_489,990 ST6000VX0023, 6TB_42원/1GB_249,000 ST6000VX001, 6TB_42원/1GB_249,000 ","ST14000VX0008, 14TB_51원/1GB_720,000 ST10000VX0004, 10TB_46원/1GB_459,000 ST8000VX004, 8TB_41원/1GB_325,000 ST8000VX0022, 8TB_61원/1GB_489,990 ST6000VX0023, 6TB_42원/1GB_249,000 ST6000VX001, 6TB_42원/1GB_249,000 "
9346551,Seagate SkyHawk AI 7200/256M,"ST18000VE002, 18TB_49원/1GB_875,000 ST16000VE000, 16TB_53원/1GB_846,000 ST14000VE0008, 14TB_91원/1GB_1,271,240 ST12000VE0008, 12TB_41원/1GB_489,000 ST10000VE0008, 10TB_45원/1GB_449,000 ST10000VE0004, 10TB_89원/1GB_885,000 ST8000VE0004, 8TB_51원/1GB_408,000 ","ST18000VE002, 18TB_49원/1GB_875,000 ST16000VE000, 16TB_53원/1GB_846,000 ST14000VE0008, 14TB_91원/1GB_1,271,240 ST12000VE0008, 12TB_41원/1GB_489,000 ST10000VE0008, 10TB_45원/1GB_449,000 ST10000VE0004, 10TB_89원/1GB_885,000 ST8000VE0004, 8TB_51원/1GB_408,000 ","ST18000VE002, 18TB_49원/1GB_875,000 ST16000VE000, 16TB_53원/1GB_846,000 ST14000VE0008, 14TB_91원/1GB_1,271,240 ST12000VE0008, 12TB_41원/1GB_489,000 ST10000VE0008, 10TB_45원/1GB_449,000 ST10000VE0004, 10TB_89원/1GB_885,000 ST8000VE0004, 8TB_51원/1GB_408,000 ","ST18000VE002, 18TB_49원/1GB_875,000 ST16000VE000, 16TB_53원/1GB_846,000 ST14000VE0008, 14TB_91원/1GB_1,271,240 ST12000VE0008, 12TB_41원/1GB_489,000 ST10000VE0008, 10TB_45원/1GB_449,000 ST10000VE0004, 10TB_89원/1GB_885,000 ST8000VE0004, 8TB_51원/1GB_408,000 "
10496085,Seagate SkyHawk AI 7200/256M,"ST18000VE002, 18TB_49원/1GB_875,000 ST16000VE000, 16TB_53원/1GB_846,000 ST14000VE0008, 14TB_91원/1GB_1,271,240 ST12000VE0008, 12TB_41원/1GB_489,000 ST10000VE0008, 10TB_45원/1GB_449,000 ST10000VE0004, 10TB_89원/1GB_885,000 ST8000VE0004, 8TB_51원/1GB_408,000 ","ST18000VE002, 18TB_49원/1GB_875,000 ST16000VE000, 16TB_53원/1GB_846,000 ST14000VE0008, 14TB_91원/1GB_1,271,240 ST12000VE0008, 12TB_41원/1GB_489,000 ST10000VE0008, 10TB_45원/1GB_449,000 ST10000VE0004, 10TB_89원/1GB_885,000 ST8000VE0004, 8TB_51원/1GB_408,000 ","ST18000VE002, 18TB_49원/1GB_875,000 ST16000VE000, 16TB_53원/1GB_846,000 ST14000VE0008, 14TB_91원/1GB_1,271,240 ST12000VE0008, 12TB_41원/1GB_489,000 ST10000VE0008, 10TB_45원/1GB_449,000 ST10000VE0004, 10TB_89원/1GB_885,000 ST8000VE0004, 8TB_51원/1GB_408,000 ","ST18000VE002, 18TB_49원/1GB_875,000 ST16000VE000, 16TB_53원/1GB_846,000 ST14000VE0008, 14TB_91원/1GB_1,271,240 ST12000VE0008, 12TB_41원/1GB_489,000 ST10000VE0008, 10TB_45원/1GB_449,000 ST10000VE0004, 10TB_89원/1GB_885,000 ST8000VE0004, 8TB_51원/1GB_408,000 "
13224968,Seagate SkyHawk AI 7200/256M/해외구매,"ST18000VE002, 18TB_49원/1GB_875,000 ST14000VE0008, 14TB_43원/1GB_606,240 ST12000VE0008, 12TB_36원/1GB_435,000 ST10000VE0008, 10TB_79원/1GB_793,700 ","ST18000VE002, 18TB_49원/1GB_875,000 ST14000VE0008, 14TB_43원/1GB_606,240 ST12000VE0008, 12TB_36원/1GB_435,000 ST10000VE0008, 10TB_79원/1GB_793,700 ","ST18000VE002, 18TB_49원/1GB_875,000 ST14000VE0008, 14TB_43원/1GB_606,240 ST12000VE0008, 12TB_36원/1GB_435,000 ST10000VE0008, 10TB_79원/1GB_793,700 ","ST18000VE002, 18TB_49원/1GB_875,000 ST14000VE0008, 14TB_43원/1GB_606,240 ST12000VE0008, 12TB_36원/1GB_435,000 ST10000VE0008, 10TB_79원/1GB_793,700 "
2923056,Seagate Surveillance +Rescue 7200/128M,0,0,0,"ST6000VX0011, 6TB_63원/1GB_380,880 "
2672384,Seagate Surveillance 5900/64M,"ST3000VX002, 3TB_38원/1GB_113,000 ",0,0,"ST3000VX002, 3TB_38원/1GB_113,000 "
3749640,Seagate Surveillance 7200/256M,"ST8000VX0002, 8TB_39원/1GB_309,000 ","ST8000VX0002, 8TB_39원/1GB_309,000 ","ST8000VX0002, 8TB_39원/1GB_309,000 ","ST8000VX0002, 8TB_39원/1GB_309,000 "
2675577,Seagate Video 5900/64M,"ST4000VM000, 4TB_46원/1GB_182,160 ST1000VM002, 1TB_54원/1GB_53,790 ","ST4000VM000, 4TB_45원/1GB_178,200 ST1000VM002, 1TB_54원/1GB_53,790 ","ST4000VM000, 4TB_45원/1GB_178,200 ST1000VM002, 1TB_54원/1GB_53,790 ","ST4000VM000, 4TB_45원/1GB_178,200 ST1000VM002, 1TB_54원/1GB_53,790 "
9417084,Sebap Amigos 5400/256M/리퍼비시,"SB1000RS, 10TB_34원/1GB_340,000 SM1800RS, 8TB_36원/1GB_285,470 SM1600RS, 6TB_38원/1GB_230,790 ","SB1000RS, 10TB_34원/1GB_340,000 SM1800RS, 8TB_36원/1GB_285,470 SM1600RS, 6TB_38원/1GB_225,770 ","SB1000RS, 10TB_34원/1GB_340,000 SM1800RS, 8TB_36원/1GB_285,470 SM1600RS, 6TB_38원/1GB_225,770 ","SB1000RS, 10TB_34원/1GB_340,000 SM1800RS, 8TB_36원/1GB_285,470 SM1600RS, 6TB_38원/1GB_225,770 "
7137517,Sebap Amigos 5400/64M/리퍼비시,"SM1400RS, 4TB_27원/1GB_107,890 SM1400RS RP, 4TB_51원/1GB_202,630 SM1300RS, 3TB_26원/1GB_77,560 SM1200RS RP, 2TB_65원/1GB_130,720 SM1200RS, 2TB_27원/1GB_53,990 ","SM1400RS, 4TB_27원/1GB_107,830 SM1400RS RP, 4TB_51원/1GB_202,630 SM1300RS, 3TB_26원/1GB_77,560 SM1200RS RP, 2TB_65원/1GB_130,720 SM1200RS, 2TB_27원/1GB_53,990 ","SM1400RS, 4TB_27원/1GB_107,650 SM1400RS RP, 4TB_51원/1GB_202,630 SM1300RS, 3TB_26원/1GB_77,590 SM1200RS RP, 2TB_65원/1GB_130,720 SM1200RS, 2TB_27원/1GB_53,990 ","SM1400RS, 4TB_27원/1GB_107,600 SM1400RS RP, 4TB_51원/1GB_202,630 SM1300RS, 3TB_26원/1GB_77,590 SM1200RS RP, 2TB_65원/1GB_130,720 SM1200RS, 2TB_27원/1GB_53,990 "
7137253,Sebap Amigos 7200/32M/리퍼비시,"SM1050RS RP, 500GB_86원/1GB_43,000 SM1050RS, 500GB_54원/1GB_26,770 ","SM1050RS RP, 500GB_86원/1GB_43,000 SM1050RS, 500GB_54원/1GB_26,770 ","SM1050RS RP, 500GB_86원/1GB_43,000 SM1050RS, 500GB_54원/1GB_26,800 ","SM1050RS RP, 500GB_86원/1GB_43,000 SM1050RS, 500GB_54원/1GB_26,800 "
7137346,Sebap Amigos 7200/64M/리퍼비시,"SM1100RS, 1TB_40원/1GB_40,120 ","SM1100RS, 1TB_40원/1GB_40,100 ","SM1100RS, 1TB_40원/1GB_40,090 ","SM1100RS, 1TB_40원/1GB_40,070 "
6669799,Sebap Brillante 5400/128M/노트북용/리퍼비시,0,"SM022RS RP, 2TB_96원/1GB_192,450 SM010RS RP, 1TB_115원/1GB_115,450 SM010RS, 1TB_50원/1GB_49,790 SM022RS, 2TB_53원/1GB_106,440 SM320RS RP, 320GB_137원/1GB_43,800 SM320RS, 320GB_77원/1GB_24,790 SM500RS RP, 500GB_---_일시품절 SM500RS, 500GB_54원/1GB_26,800 ","SM022RS RP, 2TB_96원/1GB_192,450 SM010RS RP, 1TB_96원/1GB_95,550 SM010RS, 1TB_50원/1GB_49,790 SM022RS, 2TB_53원/1GB_106,440 SM320RS RP, 320GB_137원/1GB_43,800 SM320RS, 320GB_77원/1GB_24,790 SM500RS RP, 500GB_---_일시품절 SM500RS, 500GB_54원/1GB_26,800 ","SM022RS RP, 2TB_96원/1GB_192,450 SM010RS RP, 1TB_96원/1GB_95,550 SM010RS, 1TB_50원/1GB_49,790 SM022RS, 2TB_53원/1GB_106,440 SM320RS RP, 320GB_137원/1GB_43,800 SM320RS, 320GB_77원/1GB_24,790 SM500RS RP, 500GB_---_일시품절 SM500RS, 500GB_54원/1GB_26,800 "
13696037,Synology HAT5300 Enterprise 7200/256M/해외구매,"8TB_73원/1GB_581,410 ","8TB_73원/1GB_581,410 ","8TB_73원/1GB_581,410 ","8TB_73원/1GB_581,410 "
7295842,Western Digital Ultrastar DC HA210 7200/128M,"HUS722T2TALA604, 2TB_95원/1GB_189,040 HUS722T1TALA604, 1TB_142원/1GB_141,540 ","HUS722T2TALA604, 2TB_95원/1GB_189,040 HUS722T1TALA604, 1TB_142원/1GB_141,540 ","HUS722T2TALA604, 2TB_95원/1GB_189,040 HUS722T1TALA604, 1TB_142원/1GB_141,540 ","HUS722T2TALA604, 2TB_94원/1GB_187,570 HUS722T1TALA604, 1TB_141원/1GB_140,940 "
7295668,Western Digital Ultrastar DC HA210 7200/128M,"HUS722T2TALA604, 2TB_95원/1GB_189,040 HUS722T1TALA604, 1TB_142원/1GB_141,540 ",0,0,0
6443797,Western Digital Ultrastar DC HC310 7200/256M,"HUS726T6TALE6L4, 6TB_54원/1GB_323,820 HUS726T4TALA6L4, 4TB_62원/1GB_249,610 ","HUS726T6TALE6L4, 6TB_54원/1GB_323,820 HUS726T4TALA6L4, 4TB_61원/1GB_243,850 ","HUS726T6TALE6L4, 6TB_54원/1GB_323,580 HUS726T4TALA6L4, 4TB_61원/1GB_243,670 ","HUS726T6TALE6L4, 6TB_54원/1GB_323,580 HUS726T4TALA6L4, 4TB_61원/1GB_243,610 "
14084735,Western Digital Ultrastar DC HC310 7200/256M/해외구매,"HUS726T6TALE6L4, 6TB_94원/1GB_561,600 ","HUS726T6TALE6L4, 6TB_94원/1GB_561,600 ","HUS726T6TALE6L4, 6TB_94원/1GB_561,600 ","HUS726T6TALE6L4, 6TB_94원/1GB_561,600 "
7298104,Western Digital Ultrastar DC HC310 SAS/7200/256M,"HUS726T6TAL5204, 6TB_62원/1GB_369,000 HUS726T4TAL5204, 4TB_70원/1GB_278,430 ","HUS726T6TAL5204, 6TB_62원/1GB_369,000 HUS726T4TAL5204, 4TB_70원/1GB_278,430 ","HUS726T6TAL5204, 6TB_62원/1GB_369,000 HUS726T4TAL5204, 4TB_70원/1GB_278,430 ","HUS726T6TAL5204, 6TB_62원/1GB_369,000 HUS726T4TAL5204, 4TB_70원/1GB_278,430 "
7617088,Western Digital Ultrastar DC HC310 패키지 7200/256M,"HUS726T6TALE6L4, 4x6TB_41원/1GB_987,990 HUS726T6TALE6L4, 2x6TB_44원/1GB_530,000 HUS726T6TALE6L4, 6TB_44원/1GB_263,080 HUS726T4TALA6L4, 4x4TB_45원/1GB_719,940 HUS726T4TALA6L4, 2x4TB_46원/1GB_369,940 HUS726T4TALA6L4, 4TB_47원/1GB_188,150 ","HUS726T6TALE6L4, 4x6TB_41원/1GB_988,000 HUS726T6TALE6L4, 2x6TB_44원/1GB_530,000 HUS726T6TALE6L4, 6TB_44원/1GB_263,030 HUS726T4TALA6L4, 4x4TB_45원/1GB_720,000 HUS726T4TALA6L4, 2x4TB_46원/1GB_370,000 HUS726T4TALA6L4, 4TB_47원/1GB_189,000 ","HUS726T6TALE6L4, 4x6TB_43원/1GB_1,040,000 HUS726T6TALE6L4, 2x6TB_44원/1GB_530,000 HUS726T6TALE6L4, 6TB_45원/1GB_268,940 HUS726T4TALA6L4, 4x4TB_45원/1GB_720,000 HUS726T4TALA6L4, 2x4TB_46원/1GB_370,000 HUS726T4TALA6L4, 4TB_47원/1GB_189,000 ","HUS726T6TALE6L4, 4x6TB_42원/1GB_1,019,190 HUS726T6TALE6L4, 2x6TB_43원/1GB_520,260 HUS726T6TALE6L4, 6TB_44원/1GB_262,380 HUS726T4TALA6L4, 4x4TB_45원/1GB_715,600 HUS726T4TALA6L4, 2x4TB_46원/1GB_364,130 HUS726T4TALA6L4, 4TB_46원/1GB_184,320 "
7616842,Western Digital Ultrastar DC HC310 패키지 7200/256M,"HUS726T6TALE6L4, 4x6TB_41원/1GB_987,990 HUS726T6TALE6L4, 2x6TB_44원/1GB_530,000 HUS726T6TALE6L4, 6TB_44원/1GB_263,080 HUS726T4TALA6L4, 4x4TB_45원/1GB_719,940 HUS726T4TALA6L4, 2x4TB_46원/1GB_369,940 HUS726T4TALA6L4, 4TB_47원/1GB_188,150 ","HUS726T6TALE6L4, 4x6TB_41원/1GB_988,000 HUS726T6TALE6L4, 2x6TB_44원/1GB_530,000 HUS726T6TALE6L4, 6TB_44원/1GB_263,030 HUS726T4TALA6L4, 4x4TB_45원/1GB_720,000 HUS726T4TALA6L4, 2x4TB_46원/1GB_370,000 HUS726T4TALA6L4, 4TB_47원/1GB_189,000 ","HUS726T6TALE6L4, 4x6TB_43원/1GB_1,040,000 HUS726T6TALE6L4, 2x6TB_44원/1GB_530,000 HUS726T6TALE6L4, 6TB_45원/1GB_268,940 HUS726T4TALA6L4, 4x4TB_45원/1GB_720,000 HUS726T4TALA6L4, 2x4TB_46원/1GB_370,000 HUS726T4TALA6L4, 4TB_47원/1GB_189,000 ","HUS726T6TALE6L4, 4x6TB_42원/1GB_1,019,190 HUS726T6TALE6L4, 2x6TB_43원/1GB_520,260 HUS726T6TALE6L4, 6TB_44원/1GB_262,380 HUS726T4TALA6L4, 4x4TB_45원/1GB_715,600 HUS726T4TALA6L4, 2x4TB_46원/1GB_364,130 HUS726T4TALA6L4, 4TB_46원/1GB_184,320 "
6443865,Western Digital Ultrastar DC HC320 7200/256M,"HUS728T8TALE6L4, 8TB_50원/1GB_401,360 ","HUS728T8TALE6L4, 8TB_50원/1GB_401,350 ","HUS728T8TALE6L4, 8TB_55원/1GB_443,990 ","HUS728T8TALE6L4, 8TB_55원/1GB_443,990 "
13212209,Western Digital Ultrastar DC HC320 7200/256M/해외구매,"HUS728T8TALE6L4, 8TB_45원/1GB_363,550 ","HUS728T8TALE6L4, 8TB_45원/1GB_363,550 ","HUS728T8TALE6L4, 8TB_45원/1GB_363,550 ","HUS728T8TALE6L4, 8TB_45원/1GB_363,550 "
7298278,Western Digital Ultrastar DC HC320 SAS/7200/256M,"HUS728T8TAL5204, 8TB_55원/1GB_441,790 ","HUS728T8TAL5204, 8TB_57원/1GB_459,000 ","HUS728T8TAL5204, 8TB_57원/1GB_459,000 ","HUS728T8TAL5204, 8TB_57원/1GB_459,000 "
13227035,Western Digital Ultrastar DC HC320 SAS/7200/256M/해외구매,"HUS728T8TAL5204, 8TB_48원/1GB_381,910 ","HUS728T8TAL5204, 8TB_48원/1GB_381,910 ","HUS728T8TAL5204, 8TB_48원/1GB_381,910 ","HUS728T8TAL5204, 8TB_48원/1GB_381,910 "
7617142,Western Digital Ultrastar DC HC320 패키지 7200/256M,"HUS728T8TALE6L4, 4x8TB_45원/1GB_1,439,940 HUS728T8TALE6L4, 2x8TB_46원/1GB_729,940 HUS728T8TALE6L4, 8TB_46원/1GB_368,940 ","HUS728T8TALE6L4, 4x8TB_45원/1GB_1,440,000 HUS728T8TALE6L4, 2x8TB_46원/1GB_730,000 HUS728T8TALE6L4, 8TB_46원/1GB_369,000 ","HUS728T8TALE6L4, 4x8TB_45원/1GB_1,440,000 HUS728T8TALE6L4, 2x8TB_46원/1GB_730,000 HUS728T8TALE6L4, 8TB_46원/1GB_369,000 ","HUS728T8TALE6L4, 4x8TB_45원/1GB_1,431,210 HUS728T8TALE6L4, 2x8TB_45원/1GB_719,940 HUS728T8TALE6L4, 8TB_45원/1GB_363,220 "
7617112,Western Digital Ultrastar DC HC320 패키지 7200/256M,"HUS728T8TALE6L4, 4x8TB_45원/1GB_1,439,940 HUS728T8TALE6L4, 2x8TB_46원/1GB_729,940 HUS728T8TALE6L4, 8TB_46원/1GB_368,940 ",0,0,0
7617133,Western Digital Ultrastar DC HC320 패키지 7200/256M,0,"HUS728T8TALE6L4, 4x8TB_45원/1GB_1,440,000 HUS728T8TALE6L4, 2x8TB_46원/1GB_730,000 HUS728T8TALE6L4, 8TB_46원/1GB_369,000 ","HUS728T8TALE6L4, 4x8TB_45원/1GB_1,440,000 HUS728T8TALE6L4, 2x8TB_46원/1GB_730,000 HUS728T8TALE6L4, 8TB_46원/1GB_369,000 ","HUS728T8TALE6L4, 4x8TB_45원/1GB_1,431,210 HUS728T8TALE6L4, 2x8TB_45원/1GB_719,940 HUS728T8TALE6L4, 8TB_45원/1GB_363,220 "
10339344,Western Digital Ultrastar DC HC330 7200/256M,"WUS721010ALE6L4, 10TB_56원/1GB_560,000 ","WUS721010ALE6L4, 10TB_56원/1GB_560,000 ","WUS721010ALE6L4, 10TB_56원/1GB_560,000 ","WUS721010ALE6L4, 10TB_56원/1GB_560,000 "
13222157,Western Digital Ultrastar DC HC330 7200/256M/해외구매,"WUS721010ALE6L4, 10TB_47원/1GB_470,600 ","WUS721010ALE6L4, 10TB_47원/1GB_470,600 ","WUS721010ALE6L4, 10TB_47원/1GB_470,600 ","WUS721010ALE6L4, 10TB_47원/1GB_470,600 "
10339575,Western Digital Ultrastar DC HC330 SAS/7200/256M,"WUS721010AL5204, 10TB_69원/1GB_690,000 ","WUS721010AL5204, 10TB_69원/1GB_690,000 ","WUS721010AL5204, 10TB_69원/1GB_690,000 ","WUS721010AL5204, 10TB_69원/1GB_690,000 "
13222331,Western Digital Ultrastar DC HC330 SAS/7200/256M/해외구매,"WUS721010AL5204, 10TB_41원/1GB_412,050 ","WUS721010AL5204, 10TB_41원/1GB_412,050 ","WUS721010AL5204, 10TB_41원/1GB_412,050 ","WUS721010AL5204, 10TB_41원/1GB_412,050 "
10445298,Western Digital Ultrastar DC HC330 패키지 7200/256M,"WUS721010ALE6L4, 4x10TB_38원/1GB_1,520,000 WUS721010ALE6L4, 2x10TB_39원/1GB_770,000 WUS721010ALE6L4, 10TB_56원/1GB_563,000 ","WUS721010ALE6L4, 4x10TB_38원/1GB_1,520,000 WUS721010ALE6L4, 2x10TB_39원/1GB_770,000 WUS721010ALE6L4, 10TB_56원/1GB_563,000 ","WUS721010ALE6L4, 4x10TB_38원/1GB_1,520,000 WUS721010ALE6L4, 2x10TB_39원/1GB_770,000 WUS721010ALE6L4, 10TB_56원/1GB_563,000 ","WUS721010ALE6L4, 4x10TB_38원/1GB_1,520,000 WUS721010ALE6L4, 2x10TB_39원/1GB_770,000 WUS721010ALE6L4, 10TB_56원/1GB_563,000 "
10445292,Western Digital Ultrastar DC HC330 패키지 7200/256M,"WUS721010ALE6L4, 4x10TB_38원/1GB_1,520,000 WUS721010ALE6L4, 2x10TB_39원/1GB_770,000 WUS721010ALE6L4, 10TB_56원/1GB_563,000 ","WUS721010ALE6L4, 4x10TB_38원/1GB_1,520,000 WUS721010ALE6L4, 2x10TB_39원/1GB_770,000 WUS721010ALE6L4, 10TB_56원/1GB_563,000 ","WUS721010ALE6L4, 4x10TB_38원/1GB_1,520,000 WUS721010ALE6L4, 2x10TB_39원/1GB_770,000 WUS721010ALE6L4, 10TB_56원/1GB_563,000 ","WUS721010ALE6L4, 4x10TB_38원/1GB_1,520,000 WUS721010ALE6L4, 2x10TB_39원/1GB_770,000 WUS721010ALE6L4, 10TB_56원/1GB_563,000 "
7297210,Western Digital Ultrastar DC HC510 7200/256M,"HUH721010ALE600, 10TB_54원/1GB_540,000 HUH721008ALE600, 8TB_100원/1GB_803,000 ","HUH721010ALE600, 10TB_54원/1GB_540,000 HUH721008ALE600, 8TB_100원/1GB_803,000 ","HUH721010ALE600, 10TB_54원/1GB_540,000 HUH721008ALE600, 8TB_100원/1GB_803,000 ","HUH721010ALE600, 10TB_54원/1GB_540,000 HUH721008ALE600, 8TB_100원/1GB_803,000 "
7296955,Western Digital Ultrastar DC HC510 SAS/7200/256M,"HUH721010AL5200, 10TB_104원/1GB_1,044,690 HUH721008AL5200, 8TB_55원/1GB_438,700 ","HUH721010AL5200, 10TB_104원/1GB_1,044,690 HUH721008AL5200, 8TB_55원/1GB_438,700 ","HUH721010AL5200, 10TB_104원/1GB_1,044,690 HUH721008AL5200, 8TB_55원/1GB_438,700 ","HUH721010AL5200, 10TB_104원/1GB_1,044,690 HUH721008AL5200, 8TB_55원/1GB_438,700 "
7296565,Western Digital Ultrastar DC HC510 SAS/7200/256M,"HUH721010AL5200, 10TB_104원/1GB_1,044,690 HUH721008AL5200, 8TB_55원/1GB_438,700 ","HUH721010AL5200, 10TB_104원/1GB_1,044,690 HUH721008AL5200, 8TB_55원/1GB_438,700 ","HUH721010AL5200, 10TB_104원/1GB_1,044,690 HUH721008AL5200, 8TB_55원/1GB_438,700 ","HUH721010AL5200, 10TB_104원/1GB_1,044,690 HUH721008AL5200, 8TB_55원/1GB_438,700 "
7617211,Western Digital Ultrastar DC HC510 패키지 7200/256M,"HUH721010ALE600, 2x10TB_70원/1GB_1,400,000 HUH721010ALE600, 10TB_70원/1GB_700,000 HUH721008ALE600, 4x8TB_75원/1GB_2,400,000 HUH721008ALE600, 2x8TB_75원/1GB_1,200,000 HUH721008ALE600, 8TB_75원/1GB_600,000 ","HUH721010ALE600, 2x10TB_70원/1GB_1,400,000 HUH721010ALE600, 10TB_70원/1GB_700,000 HUH721008ALE600, 4x8TB_75원/1GB_2,400,000 HUH721008ALE600, 2x8TB_75원/1GB_1,200,000 HUH721008ALE600, 8TB_75원/1GB_600,000 ","HUH721010ALE600, 2x10TB_70원/1GB_1,400,000 HUH721010ALE600, 10TB_70원/1GB_700,000 HUH721008ALE600, 4x8TB_75원/1GB_2,400,000 HUH721008ALE600, 2x8TB_75원/1GB_1,200,000 HUH721008ALE600, 8TB_75원/1GB_600,000 ","HUH721010ALE600, 2x10TB_70원/1GB_1,400,000 HUH721010ALE600, 10TB_70원/1GB_700,000 HUH721008ALE600, 4x8TB_75원/1GB_2,400,000 HUH721008ALE600, 2x8TB_75원/1GB_1,200,000 HUH721008ALE600, 8TB_75원/1GB_600,000 "
10616712,Western Digital Ultrastar DC HC510 패키지 7200/256M,"HUH721010ALE600, 2x10TB_70원/1GB_1,400,000 HUH721010ALE600, 10TB_70원/1GB_700,000 HUH721008ALE600, 4x8TB_75원/1GB_2,400,000 HUH721008ALE600, 2x8TB_75원/1GB_1,200,000 HUH721008ALE600, 8TB_75원/1GB_600,000 ","HUH721010ALE600, 2x10TB_70원/1GB_1,400,000 HUH721010ALE600, 10TB_70원/1GB_700,000 HUH721008ALE600, 4x8TB_75원/1GB_2,400,000 HUH721008ALE600, 2x8TB_75원/1GB_1,200,000 HUH721008ALE600, 8TB_75원/1GB_600,000 ","HUH721010ALE600, 2x10TB_70원/1GB_1,400,000 HUH721010ALE600, 10TB_70원/1GB_700,000 HUH721008ALE600, 4x8TB_75원/1GB_2,400,000 HUH721008ALE600, 2x8TB_75원/1GB_1,200,000 HUH721008ALE600, 8TB_75원/1GB_600,000 ","HUH721010ALE600, 2x10TB_70원/1GB_1,400,000 HUH721010ALE600, 10TB_70원/1GB_700,000 HUH721008ALE600, 4x8TB_75원/1GB_2,400,000 HUH721008ALE600, 2x8TB_75원/1GB_1,200,000 HUH721008ALE600, 8TB_75원/1GB_600,000 "
7297303,Western Digital Ultrastar DC HC520 7200/256M,"HUH721212ALE600, 12TB_55원/1GB_659,860 ","HUH721212ALE600, 12TB_55원/1GB_659,860 ","HUH721212ALE600, 12TB_55원/1GB_659,680 ","HUH721212ALE600, 12TB_55원/1GB_659,630 "
13227497,Western Digital Ultrastar DC HC520 7200/256M/해외구매,"HUH721212ALE600, 12TB_48원/1GB_581,290 ","HUH721212ALE600, 12TB_48원/1GB_581,290 ","HUH721212ALE600, 12TB_48원/1GB_581,290 ","HUH721212ALE600, 12TB_48원/1GB_581,290 "
7297729,Western Digital Ultrastar DC HC520 SAS/7200/256M,"HUH721212AL5200, 12TB_52원/1GB_620,000 HUH721212AL5204, 12TB_62원/1GB_749,000 ","HUH721212AL5200, 12TB_52원/1GB_620,000 HUH721212AL5204, 12TB_62원/1GB_749,000 ","HUH721212AL5200, 12TB_52원/1GB_620,000 HUH721212AL5204, 12TB_62원/1GB_749,000 ","HUH721212AL5200, 12TB_52원/1GB_620,000 HUH721212AL5204, 12TB_62원/1GB_749,000 "
7297690,Western Digital Ultrastar DC HC520 SAS/7200/256M,"HUH721212AL5200, 12TB_52원/1GB_620,000 HUH721212AL5204, 12TB_62원/1GB_749,000 ","HUH721212AL5200, 12TB_52원/1GB_620,000 HUH721212AL5204, 12TB_62원/1GB_749,000 ","HUH721212AL5200, 12TB_52원/1GB_620,000 HUH721212AL5204, 12TB_62원/1GB_749,000 ","HUH721212AL5200, 12TB_52원/1GB_620,000 HUH721212AL5204, 12TB_62원/1GB_749,000 "
13829672,Western Digital Ultrastar DC HC520 SAS/7200/256M/해외구매,"HUH721212AL4200, 12TB_65원/1GB_775,200 HUH721212AL5200, 12TB_60원/1GB_725,100 ","HUH721212AL4200, 12TB_65원/1GB_775,200 HUH721212AL5200, 12TB_60원/1GB_725,100 ","HUH721212AL4200, 12TB_58원/1GB_697,680 HUH721212AL5200, 12TB_54원/1GB_652,590 ","HUH721212AL4200, 12TB_58원/1GB_697,680 HUH721212AL5200, 12TB_54원/1GB_652,590 "
7617268,Western Digital Ultrastar DC HC520 패키지 7200/256M,"HUH721212ALE600, 4x12TB_56원/1GB_2,694,600 HUH721212ALE600, 2x12TB_61원/1GB_1,458,000 HUH721212ALE600, 12TB_70원/1GB_840,000 ","HUH721212ALE600, 4x12TB_56원/1GB_2,694,600 HUH721212ALE600, 2x12TB_61원/1GB_1,458,000 HUH721212ALE600, 12TB_70원/1GB_840,000 ","HUH721212ALE600, 4x12TB_56원/1GB_2,694,600 HUH721212ALE600, 2x12TB_61원/1GB_1,458,000 HUH721212ALE600, 12TB_70원/1GB_840,000 ","HUH721212ALE600, 4x12TB_56원/1GB_2,694,600 HUH721212ALE600, 2x12TB_61원/1GB_1,458,000 HUH721212ALE600, 12TB_70원/1GB_840,000 "
7617235,Western Digital Ultrastar DC HC520 패키지 7200/256M,"HUH721212ALE600, 4x12TB_56원/1GB_2,694,600 HUH721212ALE600, 2x12TB_61원/1GB_1,458,000 HUH721212ALE600, 12TB_70원/1GB_840,000 ","HUH721212ALE600, 4x12TB_56원/1GB_2,694,600 HUH721212ALE600, 2x12TB_61원/1GB_1,458,000 HUH721212ALE600, 12TB_70원/1GB_840,000 ","HUH721212ALE600, 4x12TB_56원/1GB_2,694,600 HUH721212ALE600, 2x12TB_61원/1GB_1,458,000 HUH721212ALE600, 12TB_70원/1GB_840,000 ","HUH721212ALE600, 4x12TB_56원/1GB_2,694,600 HUH721212ALE600, 2x12TB_61원/1GB_1,458,000 HUH721212ALE600, 12TB_70원/1GB_840,000 "
7080283,Western Digital Ultrastar DC HC530 7200/512M,"WUH721414ALE6L4, 14TB_49원/1GB_690,090 ","WUH721414ALE6L4, 14TB_49원/1GB_690,090 ","WUH721414ALE6L4, 14TB_57원/1GB_799,000 ","WUH721414ALE6L4, 14TB_54원/1GB_753,560 "
10059927,Western Digital Ultrastar DC HC530 SAS/7200/512M,"WUH721414AL5204, 14TB_58원/1GB_809,000 ","WUH721414AL5204, 14TB_58원/1GB_809,000 ","WUH721414AL5204, 14TB_58원/1GB_809,000 ","WUH721414AL5204, 14TB_58원/1GB_809,000 "
7617349,Western Digital Ultrastar DC HC530 패키지 7200/512M,"WUH721414ALE6L4, 4x14TB_49원/1GB_2,720,000 WUH721414ALE6L4, 2x14TB_49원/1GB_1,370,000 WUH721414ALE6L4, 14TB_49원/1GB_689,000 ","WUH721414ALE6L4, 4x14TB_49원/1GB_2,720,000 WUH721414ALE6L4, 2x14TB_49원/1GB_1,370,000 WUH721414ALE6L4, 14TB_49원/1GB_689,000 ","WUH721414ALE6L4, 4x14TB_49원/1GB_2,720,000 WUH721414ALE6L4, 2x14TB_49원/1GB_1,370,000 WUH721414ALE6L4, 14TB_49원/1GB_688,980 ","WUH721414ALE6L4, 4x14TB_49원/1GB_2,720,000 WUH721414ALE6L4, 2x14TB_49원/1GB_1,370,000 WUH721414ALE6L4, 14TB_49원/1GB_688,980 "
7617292,Western Digital Ultrastar DC HC530 패키지 7200/512M,"WUH721414ALE6L4, 4x14TB_49원/1GB_2,720,000 WUH721414ALE6L4, 2x14TB_49원/1GB_1,370,000 WUH721414ALE6L4, 14TB_49원/1GB_689,000 ","WUH721414ALE6L4, 4x14TB_49원/1GB_2,720,000 WUH721414ALE6L4, 2x14TB_49원/1GB_1,370,000 WUH721414ALE6L4, 14TB_49원/1GB_689,000 ","WUH721414ALE6L4, 4x14TB_49원/1GB_2,720,000 WUH721414ALE6L4, 2x14TB_49원/1GB_1,370,000 WUH721414ALE6L4, 14TB_49원/1GB_688,980 ","WUH721414ALE6L4, 4x14TB_49원/1GB_2,720,000 WUH721414ALE6L4, 2x14TB_49원/1GB_1,370,000 WUH721414ALE6L4, 14TB_49원/1GB_688,980 "
12068492,Western Digital Ultrastar DC HC550 SAS/7200/512M,"WUH721818AL5204, 18TB_60원/1GB_1,079,000 WUH721816AL5204, 16TB_61원/1GB_979,000 ","WUH721818AL5204, 18TB_60원/1GB_1,079,000 WUH721816AL5204, 16TB_61원/1GB_979,000 ","WUH721818AL5204, 18TB_60원/1GB_1,079,000 WUH721816AL5204, 16TB_61원/1GB_979,000 ","WUH721818AL5204, 18TB_60원/1GB_1,079,000 WUH721816AL5204, 16TB_61원/1GB_979,000 "
5931378,Western Digital WD BLACK 7200/256M,"WD101FZBX, 10TB_---_일시품절 WD8001FZBX, 8TB_58원/1GB_465,020 WD6003FZBX, 6TB_59원/1GB_355,000 WD4005FZBX, 4TB_67원/1GB_269,000 ","WD101FZBX, 10TB_---_일시품절 WD8001FZBX, 8TB_58원/1GB_464,960 WD6003FZBX, 6TB_59원/1GB_355,000 WD4005FZBX, 4TB_67원/1GB_269,000 ","WD101FZBX, 10TB_---_일시품절 WD8001FZBX, 8TB_58원/1GB_464,780 WD6003FZBX, 6TB_59원/1GB_355,000 WD4005FZBX, 4TB_67원/1GB_269,000 ","WD101FZBX, 10TB_---_일시품절 WD8001FZBX, 8TB_58원/1GB_464,600 WD6003FZBX, 6TB_59원/1GB_355,000 WD4005FZBX, 4TB_67원/1GB_269,000 "
2307187,Western Digital WD BLACK 7200/64M,"WD2003FZEX, 2TB_89원/1GB_178,940 WD1003FZEX, 1TB_99원/1GB_99,000 ","WD2003FZEX, 2TB_90원/1GB_179,000 WD1003FZEX, 1TB_99원/1GB_99,000 ","WD2003FZEX, 2TB_90원/1GB_179,000 WD1003FZEX, 1TB_99원/1GB_99,000 ","WD2003FZEX, 2TB_90원/1GB_179,000 WD1003FZEX, 1TB_99원/1GB_99,000 "
7691887,Western Digital WD BLUE 5400/256M,"WD60EZAZ, 6TB_29원/1GB_175,780 WD40EZAZ, 4TB_29원/1GB_115,500 WD30EZAZ, 3TB_34원/1GB_100,690 WD20EZAZ, 2TB_29원/1GB_58,700 ","WD60EZAZ, 6TB_29원/1GB_175,780 WD40EZAZ, 4TB_30원/1GB_121,000 WD30EZAZ, 3TB_34원/1GB_101,290 WD20EZAZ, 2TB_29원/1GB_58,700 ","WD60EZAZ, 6TB_29원/1GB_175,780 WD40EZAZ, 4TB_29원/1GB_114,000 WD30EZAZ, 3TB_35원/1GB_103,990 WD20EZAZ, 2TB_29원/1GB_58,640 ","WD60EZAZ, 6TB_29원/1GB_175,780 WD40EZAZ, 4TB_30원/1GB_118,500 WD30EZAZ, 3TB_35원/1GB_103,930 WD20EZAZ, 2TB_29원/1GB_58,550 "
13590608,Western Digital WD BLUE 5400/256M,"WD60EZAZ, 6TB_29원/1GB_175,780 WD40EZAZ, 4TB_29원/1GB_115,500 WD30EZAZ, 3TB_34원/1GB_100,690 WD20EZAZ, 2TB_29원/1GB_58,700 ","WD60EZAZ, 6TB_29원/1GB_175,780 WD40EZAZ, 4TB_30원/1GB_121,000 WD30EZAZ, 3TB_34원/1GB_101,290 WD20EZAZ, 2TB_29원/1GB_58,700 ","WD60EZAZ, 6TB_29원/1GB_175,780 WD40EZAZ, 4TB_29원/1GB_114,000 WD30EZAZ, 3TB_35원/1GB_103,990 WD20EZAZ, 2TB_29원/1GB_58,640 ","WD60EZAZ, 6TB_29원/1GB_175,780 WD40EZAZ, 4TB_30원/1GB_118,500 WD30EZAZ, 3TB_35원/1GB_103,930 WD20EZAZ, 2TB_29원/1GB_58,550 "
13659284,Western Digital WD BLUE 5400/256M/해외구매,"WD40EZAZ, 4TB_---_일시품절 ","WD40EZAZ, 4TB_---_일시품절 ","WD40EZAZ, 4TB_---_일시품절 ","WD40EZAZ, 4TB_---_일시품절 "
3440288,Western Digital WD BLUE 5400/64M,"WD60EZRZ, 6TB_33원/1GB_200,100 WD40EZRZ, 4TB_30원/1GB_119,000 WD30EZRZ, 3TB_34원/1GB_102,500 WD20EZRZ, 2TB_30원/1GB_60,980 ","WD60EZRZ, 6TB_31원/1GB_185,000 WD40EZRZ, 4TB_30원/1GB_119,000 WD30EZRZ, 3TB_34원/1GB_102,500 WD20EZRZ, 2TB_30원/1GB_60,980 ","WD60EZRZ, 6TB_31원/1GB_185,000 WD40EZRZ, 4TB_30원/1GB_119,000 WD30EZRZ, 3TB_34원/1GB_102,500 WD20EZRZ, 2TB_30원/1GB_60,970 ","WD60EZRZ, 6TB_31원/1GB_185,000 WD40EZRZ, 4TB_30원/1GB_119,000 WD30EZRZ, 3TB_34원/1GB_102,500 WD20EZRZ, 2TB_30원/1GB_60,950 "
4365805,Western Digital WD BLUE 5400/64M/리퍼비시,"WD60EZRZ, 6TB_---_일시품절 WD40EZRZ, 4TB_31원/1GB_125,930 ",0,0,0
4766232,Western Digital WD BLUE 5400/64M/리퍼비시,0,"WD60EZRZ, 6TB_---_일시품절 WD40EZRZ, 4TB_31원/1GB_125,870 ","WD60EZRZ, 6TB_---_일시품절 WD40EZRZ, 4TB_31원/1GB_125,690 ","WD60EZRZ, 6TB_---_일시품절 WD40EZRZ, 4TB_31원/1GB_125,640 "
1218955,Western Digital WD BLUE 7200/16M,"WD5000AAKX, 500GB_127원/1GB_63,480 ","WD5000AAKX, 500GB_124원/1GB_62,100 ","WD5000AAKX, 500GB_124원/1GB_62,100 ","WD5000AAKX, 500GB_124원/1GB_62,100 "
13522751,Western Digital WD BLUE 7200/256M,"WD20EZBX, 2TB_30원/1GB_59,560 ","WD20EZBX, 2TB_31원/1GB_61,900 ","WD20EZBX, 2TB_31원/1GB_61,900 ","WD20EZBX, 2TB_28원/1GB_55,150 "
1706996,Western Digital WD BLUE 7200/64M,"WD10EZEX, 1TB_48원/1GB_47,970 ","WD10EZEX, 1TB_48원/1GB_47,970 ","WD10EZEX, 1TB_48원/1GB_47,970 ","WD10EZEX, 1TB_48원/1GB_47,950 "
2936147,Western Digital WD Caviar Blue 7200/16M/리퍼비시,"WD5000AAKX, 500GB_62원/1GB_31,000 WD2500AAKX, 250GB_120원/1GB_30,000 ","WD5000AAKX, 500GB_62원/1GB_31,000 WD2500AAKX, 250GB_120원/1GB_30,000 ",0,0
1501454,Western Digital WD Caviar Blue 7200/16M/리퍼비시,0,0,"WD5000AAKX, 500GB_62원/1GB_31,000 WD2500AAKX, 250GB_120원/1GB_30,000 ","WD5000AAKX, 500GB_62원/1GB_31,000 WD2500AAKX, 250GB_120원/1GB_30,000 "
1920195,Western Digital WD Caviar Blue 7200/64M/리퍼비시,"WD10EZEX, 1TB_60원/1GB_59,550 ","WD10EZEX, 1TB_45원/1GB_44,790 ","WD10EZEX, 1TB_45원/1GB_44,790 ","WD10EZEX, 1TB_45원/1GB_44,790 "
940400,Western Digital WD Caviar Blue SATA2/7200/16M/리퍼비시,"WD5000AAKS, 500GB_76원/1GB_38,000 WD3200AAKS, 320GB_84원/1GB_27,000 ","WD5000AAKS, 500GB_76원/1GB_38,000 WD3200AAKS, 320GB_84원/1GB_27,000 ","WD5000AAKS, 500GB_76원/1GB_38,000 WD3200AAKS, 320GB_84원/1GB_27,000 ","WD5000AAKS, 500GB_76원/1GB_38,000 WD3200AAKS, 320GB_84원/1GB_27,000 "
1353033,Western Digital WD GREEN 5400/64M,"WD20EARX, 2TB_74원/1GB_148,500 ","WD20EARX, 2TB_74원/1GB_148,500 ","WD20EARX, 2TB_74원/1GB_148,500 ","WD20EARX, 2TB_74원/1GB_148,500 "
5028127,Western Digital WD MOBILE BLACK 7200/32M/노트북용,"WD5000LPLX, 500GB_142원/1GB_71,000 ","WD5000LPLX, 500GB_142원/1GB_71,000 ","WD5000LPLX, 500GB_142원/1GB_71,000 ","WD5000LPLX, 500GB_142원/1GB_71,000 "
5862779,Western Digital WD MOBILE BLUE 5400/128M/노트북용,"WD20SPZX, 2TB_42원/1GB_84,050 WD10SPZX, 1TB_52원/1GB_51,890 ","WD20SPZX, 2TB_43원/1GB_86,000 WD10SPZX, 1TB_53원/1GB_52,900 ","WD20SPZX, 2TB_43원/1GB_85,940 WD10SPZX, 1TB_53원/1GB_52,860 ","WD20SPZX, 2TB_41원/1GB_82,310 WD10SPZX, 1TB_53원/1GB_52,770 "
4825210,Western Digital WD MOBILE BLUE 5400/16M/노트북용,"WD5000LPCX, 500GB_110원/1GB_55,000 ","WD5000LPCX, 500GB_110원/1GB_55,000 ","WD5000LPCX, 500GB_110원/1GB_55,000 ","WD5000LPCX, 500GB_110원/1GB_55,000 "
5993132,Western Digital WD PURPLE 5400/128M,"WD80PURZ, 8TB_50원/1GB_399,000 WD80PUZX, 8TB_66원/1GB_395,000 ","WD80PURZ, 8TB_50원/1GB_399,000 WD80PUZX, 8TB_66원/1GB_395,000 ","WD80PURZ, 8TB_50원/1GB_399,000 WD80PUZX, 8TB_66원/1GB_395,000 ","WD80PURZ, 8TB_50원/1GB_399,000 WD80PUZX, 8TB_66원/1GB_395,000 "
5127056,Western Digital WD PURPLE 5400/256M,"WD100PURZ, 10TB_457원/1TB_457,390 WD81PURZ, 8TB_---_일시품절 ","WD100PURZ, 10TB_457원/1TB_457,390 WD81PURZ, 8TB_---_일시품절 ","WD100PURZ, 10TB_457원/1TB_457,390 WD81PURZ, 8TB_---_일시품절 ","WD100PURZ, 10TB_457원/1TB_457,390 "
13830230,Western Digital WD PURPLE 5400/256M/해외구매,"WD81PURZ, 8TB_---_일시품절 ",0,0,0
5814316,Western Digital WD PURPLE 5400/64M,"WD60PURZ, 6TB_40원/1GB_239,000 WD60PURX, 6TB_64원/1GB_385,000 WD62PURZ, 6TB_48원/1GB_289,000 WD40PURZ, 4TB_37원/1GB_149,000 WD40PURX, 4TB_37원/1GB_149,000 WD30PURZ, 3TB_40원/1GB_119,000 WD30PURX, 3TB_40원/1GB_119,000 WD20PURX, 2TB_40원/1GB_79,000 WD20PURZ, 2TB_40원/1GB_79,000 WD10PURX, 1TB_62원/1GB_62,000 WD10PURZ, 1TB_62원/1GB_62,000 ","WD60PURZ, 6TB_40원/1GB_239,000 WD60PURX, 6TB_64원/1GB_385,000 WD62PURZ, 6TB_48원/1GB_289,000 WD40PURZ, 4TB_37원/1GB_149,000 WD40PURX, 4TB_37원/1GB_149,000 WD30PURZ, 3TB_40원/1GB_119,000 WD30PURX, 3TB_40원/1GB_119,000 WD20PURX, 2TB_40원/1GB_79,000 WD20PURZ, 2TB_40원/1GB_79,000 WD10PURX, 1TB_62원/1GB_62,000 WD10PURZ, 1TB_62원/1GB_62,000 ","WD60PURZ, 6TB_40원/1GB_239,000 WD60PURX, 6TB_64원/1GB_385,000 WD62PURZ, 6TB_48원/1GB_289,000 WD40PURZ, 4TB_37원/1GB_149,000 WD40PURX, 4TB_37원/1GB_149,000 WD30PURZ, 3TB_40원/1GB_119,000 WD30PURX, 3TB_40원/1GB_119,000 WD20PURX, 2TB_40원/1GB_79,000 WD20PURZ, 2TB_40원/1GB_79,000 WD10PURX, 1TB_62원/1GB_62,000 WD10PURZ, 1TB_62원/1GB_62,000 ","WD60PURZ, 6TB_40원/1GB_239,000 WD60PURX, 6TB_64원/1GB_385,000 WD62PURZ, 6TB_48원/1GB_289,000 WD40PURZ, 4TB_37원/1GB_148,900 WD40PURX, 4TB_37원/1GB_149,000 WD30PURZ, 3TB_40원/1GB_119,000 WD30PURX, 3TB_40원/1GB_119,000 WD20PURX, 2TB_40원/1GB_79,000 WD20PURZ, 2TB_37원/1GB_74,180 WD10PURX, 1TB_62원/1GB_62,000 WD10PURZ, 1TB_54원/1GB_54,190 "
6575830,Western Digital WD PURPLE 7200/256M,"WD121PURZ, 12TB_47원/1TB_564,290 WD102PURZ, 10TB_43원/1TB_425,590 WD101PURZ, 10TB_100원/1TB_1,000,000 WD82PURZ, 8TB_50원/1TB_399,000 ","WD121PURZ, 12TB_47원/1TB_564,290 WD102PURZ, 10TB_43원/1TB_425,590 WD101PURZ, 10TB_100원/1TB_1,000,000 WD82PURZ, 8TB_50원/1TB_399,000 ","WD121PURZ, 12TB_47원/1TB_564,290 WD102PURZ, 10TB_43원/1TB_425,590 WD101PURZ, 10TB_100원/1TB_1,000,000 WD82PURZ, 8TB_50원/1TB_399,000 ","WD121PURZ, 12TB_47원/1TB_564,290 WD102PURZ, 10TB_43원/1TB_425,590 WD101PURZ, 10TB_100원/1TB_1,000,000 WD82PURZ, 8TB_50원/1TB_399,000 "
11212371,Western Digital WD PURPLE 7200/256M,"WD121PURZ, 12TB_47원/1TB_564,290 WD102PURZ, 10TB_43원/1TB_425,590 WD101PURZ, 10TB_100원/1TB_1,000,000 WD82PURZ, 8TB_50원/1TB_399,000 ","WD121PURZ, 12TB_47원/1TB_564,290 WD102PURZ, 10TB_43원/1TB_425,590 WD101PURZ, 10TB_100원/1TB_1,000,000 WD82PURZ, 8TB_50원/1TB_399,000 ","WD121PURZ, 12TB_47원/1TB_564,290 WD102PURZ, 10TB_43원/1TB_425,590 WD101PURZ, 10TB_100원/1TB_1,000,000 WD82PURZ, 8TB_50원/1TB_399,000 ","WD121PURZ, 12TB_47원/1TB_564,290 WD102PURZ, 10TB_43원/1TB_425,590 WD101PURZ, 10TB_100원/1TB_1,000,000 WD82PURZ, 8TB_50원/1TB_399,000 "
13205480,Western Digital WD PURPLE 7200/256M/해외구매,"WD121PURZ, 12TB_50원/1GB_600,700 WD102PURZ, 10TB_51원/1GB_510,000 WD82PURZ, 8TB_40원/1GB_316,680 ","WD121PURZ, 12TB_50원/1GB_600,700 WD102PURZ, 10TB_51원/1GB_510,000 WD82PURZ, 8TB_41원/1GB_328,700 ","WD121PURZ, 12TB_50원/1GB_600,700 WD102PURZ, 10TB_47원/1GB_465,390 WD82PURZ, 8TB_39원/1GB_312,120 ","WD121PURZ, 12TB_50원/1GB_600,700 WD102PURZ, 10TB_47원/1GB_465,390 WD82PURZ, 8TB_40원/1GB_318,760 "
11286435,Western Digital WD PURPLE 패키지 5400/64M,"WD10PURZ, 4x1TB_62원/1GB_248,150 WD10PURZ, 2x1TB_58원/1GB_116,340 WD20PURZ, 2x2TB_38원/1GB_152,830 WD20PURZ, 4x2TB_38원/1GB_306,260 WD30PURZ, 2x3TB_35원/1GB_207,770 WD30PURZ, 4x3TB_37원/1GB_442,730 WD40PURZ, 2x4TB_31원/1GB_248,470 WD40PURZ, 4x4TB_31원/1GB_498,820 WD60PURZ, 2x6TB_35원/1GB_425,960 WD60PURZ, 4x6TB_36원/1GB_852,840 ","WD10PURZ, 4x1TB_62원/1GB_248,150 WD10PURZ, 2x1TB_58원/1GB_116,220 WD20PURZ, 2x2TB_38원/1GB_152,780 WD20PURZ, 4x2TB_38원/1GB_306,210 WD30PURZ, 2x3TB_35원/1GB_207,590 WD30PURZ, 4x3TB_37원/1GB_442,730 WD40PURZ, 2x4TB_31원/1GB_248,290 WD40PURZ, 4x4TB_31원/1GB_498,770 WD60PURZ, 2x6TB_35원/1GB_416,700 WD60PURZ, 4x6TB_35원/1GB_834,300 ","WD10PURZ, 4x1TB_62원/1GB_248,150 WD10PURZ, 2x1TB_58원/1GB_116,220 WD20PURZ, 2x2TB_38원/1GB_152,590 WD20PURZ, 4x2TB_38원/1GB_306,200 WD30PURZ, 2x3TB_35원/1GB_207,590 WD30PURZ, 4x3TB_37원/1GB_442,730 WD40PURZ, 2x4TB_31원/1GB_248,290 WD40PURZ, 4x4TB_31원/1GB_498,580 WD60PURZ, 2x6TB_35원/1GB_416,700 WD60PURZ, 4x6TB_35원/1GB_834,300 ","WD10PURZ, 4x1TB_62원/1GB_248,150 WD10PURZ, 2x1TB_58원/1GB_116,170 WD20PURZ, 2x2TB_38원/1GB_152,540 WD20PURZ, 4x2TB_38원/1GB_306,020 WD30PURZ, 2x3TB_35원/1GB_207,410 WD30PURZ, 4x3TB_37원/1GB_442,730 WD40PURZ, 2x4TB_31원/1GB_248,110 WD40PURZ, 4x4TB_31원/1GB_498,400 WD60PURZ, 2x6TB_35원/1GB_416,700 WD60PURZ, 4x6TB_35원/1GB_834,300 "
11286450,Western Digital WD PURPLE 패키지 7200/256M,"WD121PURZ, 4x12TB_41원/1TB_1,987,200 WD102PURZ, 4x10TB_---_일시품절 WD102PURZ, 2x10TB_---_일시품절 WD82PURZ, 4x8TB_51원/1TB_1,619,200 WD82PURZ, 2x8TB_52원/1TB_830,690 ","WD121PURZ, 4x12TB_41원/1TB_1,944,000 WD102PURZ, 4x10TB_---_일시품절 WD102PURZ, 2x10TB_---_일시품절 WD82PURZ, 4x8TB_50원/1TB_1,584,000 WD82PURZ, 2x8TB_52원/1TB_830,690 ","WD121PURZ, 4x12TB_41원/1TB_1,944,000 WD102PURZ, 4x10TB_---_일시품절 WD102PURZ, 2x10TB_---_일시품절 WD82PURZ, 4x8TB_50원/1TB_1,584,000 WD82PURZ, 2x8TB_52원/1TB_830,690 ","WD121PURZ, 4x12TB_41원/1TB_1,944,000 WD102PURZ, 4x10TB_---_일시품절 WD102PURZ, 2x10TB_---_일시품절 WD82PURZ, 4x8TB_50원/1TB_1,584,000 WD82PURZ, 2x8TB_52원/1TB_830,690 "
3951901,Western Digital WD RED 5400/128M,"WD80EFZX, 8TB_47원/1GB_378,950 ","WD80EFZX, 8TB_47원/1GB_378,950 ","WD80EFZX, 8TB_47원/1GB_378,950 ","WD80EFZX, 8TB_47원/1GB_379,000 "
6521080,Western Digital WD RED 5400/256M,"WD120EFAX, 12TB_90원/1GB_1,074,450 WD101EFAX, 10TB_73원/1GB_734,130 WD100EFAX, 10TB_57원/1GB_565,200 WD80EFAX, 8TB_45원/1GB_363,400 WD60EFAX, 6TB_88원/1GB_529,400 WD40EFAX, 4TB_41원/1GB_165,000 WD20EFAX, 2TB_55원/1GB_110,000 ","WD120EFAX, 12TB_49원/1GB_583,720 WD101EFAX, 10TB_73원/1GB_734,130 WD100EFAX, 10TB_57원/1GB_565,200 WD80EFAX, 8TB_45원/1GB_363,400 WD60EFAX, 6TB_42원/1GB_249,820 WD40EFAX, 4TB_41원/1GB_165,000 WD20EFAX, 2TB_55원/1GB_110,000 ","WD120EFAX, 12TB_49원/1GB_583,720 WD101EFAX, 10TB_73원/1GB_734,130 WD100EFAX, 10TB_57원/1GB_565,200 WD80EFAX, 8TB_45원/1GB_363,400 WD60EFAX, 6TB_42원/1GB_249,820 WD40EFAX, 4TB_41원/1GB_165,000 WD20EFAX, 2TB_55원/1GB_110,000 ","WD120EFAX, 12TB_49원/1GB_583,720 WD101EFAX, 10TB_73원/1GB_734,130 WD100EFAX, 10TB_57원/1GB_565,200 WD80EFAX, 8TB_45원/1GB_363,400 WD60EFAX, 6TB_42원/1GB_249,820 WD40EFAX, 4TB_41원/1GB_165,000 WD20EFAX, 2TB_55원/1GB_110,000 "
9896400,Western Digital WD RED 5400/512M,"WD140EFFX, 14TB_53원/1GB_739,000 ","WD140EFFX, 14TB_53원/1GB_739,000 ","WD140EFFX, 14TB_53원/1GB_739,000 ","WD140EFFX, 14TB_53원/1GB_739,000 "
2212162,Western Digital WD RED 5400/64M,"WD60EFRX, 6TB_42원/1GB_252,690 WD40EFRX, 4TB_38원/1GB_150,450 WD30EFRX, 3TB_43원/1GB_128,750 WD20EFRX, 2TB_51원/1GB_101,150 WD10EFRX, 1TB_88원/1GB_87,890 ","WD60EFRX, 6TB_39원/1GB_235,000 WD40EFRX, 4TB_38원/1GB_150,390 WD30EFRX, 3TB_43원/1GB_128,700 WD20EFRX, 2TB_51원/1GB_101,150 WD10EFRX, 1TB_88원/1GB_87,890 ","WD60EFRX, 6TB_39원/1GB_235,000 WD40EFRX, 4TB_38원/1GB_150,210 WD30EFRX, 3TB_43원/1GB_128,700 WD20EFRX, 2TB_51원/1GB_101,150 WD10EFRX, 1TB_88원/1GB_87,890 ","WD60EFRX, 6TB_39원/1GB_235,000 WD40EFRX, 4TB_38원/1GB_150,090 WD30EFRX, 3TB_43원/1GB_128,650 WD20EFRX, 2TB_51원/1GB_101,150 WD10EFRX, 1TB_87원/1GB_86,650 "
13577765,Western Digital WD RED Plus 5400/128M,"WD40EFZX, 4TB_40원/1GB_158,400 ","WD40EFZX, 4TB_41원/1GB_163,000 ","WD40EFZX, 4TB_41원/1GB_163,000 ","WD40EFZX, 4TB_41원/1GB_163,000 "
12693860,Western Digital WD RED Plus 5400/64M,"WD30EFRX, 3TB_47원/1GB_140,000 WD20EFRX, 2TB_55원/1GB_110,000 WD10EFRX, 1TB_88원/1GB_88,000 ","WD30EFRX, 3TB_47원/1GB_140,000 WD20EFRX, 2TB_55원/1GB_110,000 WD10EFRX, 1TB_88원/1GB_88,000 ","WD30EFRX, 3TB_47원/1GB_140,000 WD20EFRX, 2TB_55원/1GB_110,000 WD10EFRX, 1TB_88원/1GB_88,000 ","WD30EFRX, 3TB_47원/1GB_140,000 WD20EFRX, 2TB_55원/1GB_110,000 WD10EFRX, 1TB_88원/1GB_88,000 "
12693806,Western Digital WD RED Plus 5400/64M,"WD30EFRX, 3TB_47원/1GB_140,000 WD20EFRX, 2TB_55원/1GB_110,000 WD10EFRX, 1TB_88원/1GB_88,000 ",0,0,0
12693854,Western Digital WD RED Plus 5400/64M,0,"WD30EFRX, 3TB_47원/1GB_140,000 WD20EFRX, 2TB_55원/1GB_110,000 WD10EFRX, 1TB_88원/1GB_88,000 ","WD30EFRX, 3TB_47원/1GB_140,000 WD20EFRX, 2TB_55원/1GB_110,000 WD10EFRX, 1TB_88원/1GB_88,000 ","WD30EFRX, 3TB_47원/1GB_140,000 WD20EFRX, 2TB_55원/1GB_110,000 WD10EFRX, 1TB_88원/1GB_88,000 "
12693947,Western Digital WD RED Plus 7200/256M,"WD101EFAX, 10TB_---_일시품절 WD80EFBX, 8TB_47원/1GB_378,950 ","WD101EFAX, 10TB_---_일시품절 WD80EFBX, 8TB_47원/1GB_378,950 ","WD101EFAX, 10TB_---_일시품절 WD80EFBX, 8TB_47원/1GB_378,950 ",0
13599719,Western Digital WD RED Plus 7200/256M,0,0,0,"WD80EFBX, 8TB_47원/1GB_378,950 "
4289602,Western Digital WD RED Pro 7200/128M,"WD6002FFWX, 6TB_61원/1GB_364,990 WD4002FFWX, 4TB_59원/1GB_236,800 ","WD6002FFWX, 6TB_61원/1GB_364,990 WD4002FFWX, 4TB_59원/1GB_236,800 ","WD6002FFWX, 6TB_61원/1GB_364,990 WD4002FFWX, 4TB_59원/1GB_236,520 ","WD6002FFWX, 6TB_61원/1GB_364,990 WD4002FFWX, 4TB_59원/1GB_236,520 "
6521135,Western Digital WD RED Pro 7200/256M,"WD102KFBX, 10TB_66원/1GB_657,990 WD101KFBX, 10TB_60원/1GB_599,000 WD6003FFBX, 6TB_61원/1GB_364,160 WD4003FFBX, 4TB_63원/1GB_251,500 ","WD102KFBX, 10TB_66원/1GB_657,990 WD101KFBX, 10TB_60원/1GB_599,000 WD6003FFBX, 6TB_61원/1GB_364,100 WD4003FFBX, 4TB_63원/1GB_251,500 ","WD102KFBX, 10TB_66원/1GB_657,990 WD101KFBX, 10TB_60원/1GB_599,000 WD6003FFBX, 6TB_61원/1GB_363,920 WD4003FFBX, 4TB_63원/1GB_251,500 ","WD102KFBX, 10TB_66원/1GB_657,990 WD101KFBX, 10TB_60원/1GB_599,000 WD6003FFBX, 6TB_61원/1GB_363,860 WD4003FFBX, 4TB_63원/1GB_251,500 "
4660458,Western Digital WD RED Pro 7200/64M,"WD4001FFSX, 4TB_64원/1GB_255,000 WD2002FFSX, 2TB_90원/1GB_180,390 WD2001FFSX, 2TB_92원/1GB_184,990 ","WD4001FFSX, 4TB_64원/1GB_255,000 WD2002FFSX, 2TB_90원/1GB_180,390 WD2001FFSX, 2TB_92원/1GB_184,990 ","WD4001FFSX, 4TB_64원/1GB_255,000 WD2002FFSX, 2TB_90원/1GB_180,390 WD2001FFSX, 2TB_92원/1GB_184,990 ","WD4001FFSX, 4TB_64원/1GB_255,000 WD2002FFSX, 2TB_90원/1GB_180,210 WD2001FFSX, 2TB_92원/1GB_184,990 "
12068405,Western Digital WD Ultrastar DC HC550 7200/512M,"WUH721818ALE6L4, 18TB_59원/1GB_1,059,000 WUH721816ALE6L4, 16TB_60원/1GB_959,000 ","WUH721818ALE6L4, 18TB_59원/1GB_1,059,000 WUH721816ALE6L4, 16TB_60원/1GB_959,000 ","WUH721818ALE6L4, 18TB_59원/1GB_1,059,000 WUH721816ALE6L4, 16TB_60원/1GB_959,000 ","WUH721818ALE6L4, 18TB_55원/1GB_998,600 WUH721816ALE6L4, 16TB_60원/1GB_959,000 "
12090602,Western Digital WD Ultrastar DC HC550 패키지 7200/512M,"WUH721818ALE6L4, 4x18TB_55원/1GB_3,960,000 WUH721816ALE6L4, 4x16TB_56원/1GB_3,560,000 WUH721818ALE6L4, 2x18TB_55원/1GB_1,990,000 WUH721816ALE6L4, 2x16TB_56원/1GB_1,790,000 WUH721818ALE6L4, 18TB_56원/1GB_999,000 WUH721816ALE6L4, 16TB_56원/1GB_899,000 ","WUH721818ALE6L4, 4x18TB_55원/1GB_3,960,000 WUH721816ALE6L4, 4x16TB_56원/1GB_3,560,000 WUH721818ALE6L4, 2x18TB_55원/1GB_1,990,000 WUH721816ALE6L4, 2x16TB_56원/1GB_1,790,000 WUH721818ALE6L4, 18TB_56원/1GB_999,000 WUH721816ALE6L4, 16TB_56원/1GB_899,000 ","WUH721818ALE6L4, 4x18TB_55원/1GB_3,960,000 WUH721816ALE6L4, 4x16TB_56원/1GB_3,560,000 WUH721818ALE6L4, 2x18TB_55원/1GB_1,990,000 WUH721816ALE6L4, 2x16TB_56원/1GB_1,790,000 WUH721818ALE6L4, 18TB_56원/1GB_999,000 WUH721816ALE6L4, 16TB_56원/1GB_899,000 ","WUH721818ALE6L4, 4x18TB_54원/1GB_3,864,280 WUH721816ALE6L4, 4x16TB_54원/1GB_3,473,950 WUH721818ALE6L4, 2x18TB_54원/1GB_1,941,890 WUH721816ALE6L4, 2x16TB_55원/1GB_1,746,740 WUH721818ALE6L4, 18TB_54원/1GB_974,740 WUH721816ALE6L4, 16TB_55원/1GB_877,160 "
3572596,Western Digital WD WD5000AZLX (SATA3/7200/32M),"500GB_114원/1GB_57,000 ","500GB_114원/1GB_57,000 ","500GB_114원/1GB_57,000 ","500GB_114원/1GB_57,000 "
1713899,도시바 DT01 7200/32M,"DT01ACA100, 1TB_50원/1GB_49,990 DT01ACA050, 500GB_95원/1GB_47,500 ","DT01ACA100, 1TB_50원/1GB_49,990 DT01ACA050, 500GB_95원/1GB_47,500 ",0,0
1713895,도시바 DT01 7200/32M,0,0,"DT01ACA100, 1TB_50원/1GB_49,990 DT01ACA050, 500GB_95원/1GB_47,500 ","DT01ACA100, 1TB_50원/1GB_49,990 DT01ACA050, 500GB_95원/1GB_47,500 "
1790810,도시바 DT01 7200/64M,"DT01ACA300, 3TB_32원/1GB_97,340 DT01ACA200, 2TB_31원/1GB_62,790 DT01ACA100, 1TB_42원/1GB_41,790 DT01ACA050, 500GB_93원/1GB_46,390 ","DT01ACA300, 3TB_32원/1GB_97,160 DT01ACA200, 2TB_31원/1GB_62,790 DT01ACA100, 1TB_42원/1GB_41,790 DT01ACA050, 500GB_93원/1GB_46,300 ",0,0
4130150,도시바 DT01 7200/64M,0,0,"DT01ACA300, 3TB_32원/1GB_96,980 DT01ACA200, 2TB_31원/1GB_62,790 DT01ACA100, 1TB_42원/1GB_41,790 DT01ACA050, 500GB_92원/1GB_46,210 ","DT01ACA300, 3TB_32원/1GB_96,920 DT01ACA200, 2TB_31원/1GB_62,790 DT01ACA100, 1TB_42원/1GB_41,790 DT01ACA050, 500GB_92원/1GB_46,120 "
4457510,도시바 DT01-V 5700/64M,"DT01ABA200V, 2TB_45원/1GB_89,000 DT01ABA100V, 1TB_51원/1GB_50,920 ","DT01ABA200V, 2TB_38원/1GB_76,000 DT01ABA100V, 1TB_51원/1GB_50,920 ","DT01ABA200V, 2TB_38원/1GB_76,000 DT01ABA100V, 1TB_51원/1GB_50,920 ","DT01ABA200V, 2TB_38원/1GB_76,000 DT01ABA100V, 1TB_51원/1GB_50,920 "
4457477,도시바 DT01-V 5940/64M,"DT01ABA300V, 3TB_33원/1GB_99,820 ","DT01ABA300V, 3TB_35원/1GB_106,000 ","DT01ABA300V, 3TB_33원/1GB_99,880 ","DT01ABA300V, 3TB_32원/1GB_96,890 "
2897832,도시바 MC04ACA 7200/128M,"MC04ACA600, 6TB_45원/1GB_272,330 MC04ACA400, 4TB_41원/1GB_165,290 MC04ACA200, 2TB_53원/1GB_105,830 ","MC04ACA600, 6TB_45원/1GB_272,330 MC04ACA400, 4TB_41원/1GB_165,290 MC04ACA200, 2TB_52원/1GB_104,670 ","MC04ACA600, 6TB_45원/1GB_272,330 MC04ACA400, 4TB_41원/1GB_163,530 MC04ACA200, 2TB_52원/1GB_104,670 ","MC04ACA600, 6TB_45원/1GB_272,330 MC04ACA400, 4TB_41원/1GB_163,530 MC04ACA200, 2TB_52원/1GB_104,670 "
3835364,도시바 MD04 7200/128M,"MD04ACA600, 6TB_---_일시품절 MD04ACA400, 4TB_37원/1GB_148,520 ","MD04ACA600, 6TB_---_일시품절 MD04ACA400, 4TB_37원/1GB_148,520 ","MD04ACA600, 6TB_---_일시품절 MD04ACA400, 4TB_37원/1GB_148,520 ","MD04ACA600, 6TB_---_일시품절 MD04ACA400, 4TB_37원/1GB_148,520 "
3606154,도시바 MD04 7200/64M/해외구매,"MD04ACA400, 4TB_45원/1GB_180,000 ","MD04ACA400, 4TB_45원/1GB_180,000 ","MD04ACA400, 4TB_41원/1GB_162,000 ","MD04ACA400, 4TB_41원/1GB_162,000 "
6946336,도시바 MD06-V 7200/256M,"MD06ACA800V, 8TB_43원/1GB_341,700 ","MD06ACA800V, 8TB_43원/1GB_341,700 ","MD06ACA800V, 8TB_42원/1GB_334,270 ","MD06ACA800V, 8TB_42원/1GB_334,270 "
2983550,도시바 MG04ACA Enterprise 7200/128M,"MG04ACA600, 6TB_53원/1GB_315,000 MG04ACA500, 5TB_60원/1GB_299,000 MG04ACA400, 4TB_51원/1GB_205,000 MG04ACA300, 3TB_97원/1GB_290,720 MG04ACA200, 2TB_100원/1GB_199,000 MG04ACA100, 1TB_147원/1GB_147,150 ","MG04ACA600, 6TB_53원/1GB_315,000 MG04ACA500, 5TB_60원/1GB_299,000 MG04ACA400, 4TB_51원/1GB_205,000 MG04ACA300, 3TB_97원/1GB_290,720 MG04ACA200, 2TB_95원/1GB_189,600 MG04ACA100, 1TB_147원/1GB_147,150 ","MG04ACA600, 6TB_53원/1GB_315,000 MG04ACA500, 5TB_60원/1GB_299,000 MG04ACA400, 4TB_51원/1GB_205,000 MG04ACA300, 3TB_95원/1GB_284,400 MG04ACA200, 2TB_100원/1GB_199,000 MG04ACA100, 1TB_147원/1GB_147,150 ","MG04ACA600, 6TB_61원/1GB_363,000 MG04ACA500, 5TB_60원/1GB_299,000 MG04ACA400, 4TB_66원/1GB_263,000 MG04ACA300, 3TB_95원/1GB_284,400 MG04ACA200, 2TB_100원/1GB_199,000 MG04ACA100, 1TB_147원/1GB_147,150 "
5202018,도시바 MG05 Enterprise 7200/128M,"MG05ACA800, 8TB_---_일시품절 ","MG05ACA800, 8TB_---_일시품절 ","MG05ACA800, 8TB_---_일시품절 ","MG05ACA800, 8TB_---_일시품절 "
6985252,도시바 MG06A Enterprise 7200/256M,"MG06ACA10T, 10TB_43원/1GB_429,990 MG06ACA800, 8TB_56원/1GB_450,000 ","MG06ACA10T, 10TB_59원/1GB_592,000 MG06ACA800, 8TB_56원/1GB_450,000 ","MG06ACA10T, 10TB_104원/1GB_1,036,000 MG06ACA800, 8TB_56원/1GB_450,000 ","MG06ACA10T, 10TB_104원/1GB_1,036,000 MG06ACA800, 8TB_56원/1GB_450,000 "
6985186,도시바 MG06A Enterprise 7200/256M,"MG06ACA10T, 10TB_43원/1GB_429,990 MG06ACA800, 8TB_56원/1GB_450,000 ","MG06ACA10T, 10TB_59원/1GB_592,000 MG06ACA800, 8TB_56원/1GB_450,000 ","MG06ACA10T, 10TB_104원/1GB_1,036,000 MG06ACA800, 8TB_56원/1GB_450,000 ","MG06ACA10T, 10TB_104원/1GB_1,036,000 MG06ACA800, 8TB_56원/1GB_450,000 "
6985345,도시바 MG07ACA Enterprise 7200/256M,"MG07ACA14T, 14TB_95원/1GB_1,336,950 ","MG07ACA14T, 14TB_95원/1GB_1,336,950 ","MG07ACA14T, 14TB_95원/1GB_1,336,950 ","MG07ACA14T, 14TB_95원/1GB_1,336,950 "
5127354,도시바 MN-Air 7200/128M,"MN05ACA800, 8TB_42원/1GB_339,000 ","MN05ACA800, 8TB_42원/1GB_339,000 ","MN05ACA800, 8TB_42원/1GB_339,000 ","MN05ACA800, 8TB_42원/1GB_339,000 "
1654489,도시바 MQ01ABD SATA2/5400/8M/노트북용,"MQ01ABD100, 1TB_91원/1GB_90,620 ","MQ01ABD100, 1TB_89원/1GB_88,650 ","MQ01ABD100, 1TB_89원/1GB_88,650 ","MQ01ABD100, 1TB_89원/1GB_88,650 "
2664020,도시바 MQ01ABF 5400/8M/노트북용,"MQ01ABF050, 500GB_87원/1GB_43,390 ","MQ01ABF050, 500GB_87원/1GB_43,330 ","MQ01ABF050, 500GB_87원/1GB_43,330 ","MQ01ABF050, 500GB_87원/1GB_43,270 "
2570473,도시바 MQ01ABF SATA2/5400/8M/노트북용,"MQ01ABF050, 500GB_84원/1GB_42,010 ","MQ01ABF050, 500GB_84원/1GB_41,950 ","MQ01ABF050, 500GB_84원/1GB_41,860 ","MQ01ABF050, 500GB_84원/1GB_41,770 "
3114196,도시바 MQ01ABF SATA2/5400/8M/노트북용/벌크,"MQ01ABF050, 500GB_64원/1GB_32,150 ","MQ01ABF050, 500GB_64원/1GB_32,130 ","MQ01ABF050, 500GB_64원/1GB_32,030 ","MQ01ABF050, 500GB_64원/1GB_32,030 "
7721707,도시바 MQ04 5400/128M/노트북용,"MQ04ABF100, 1TB_54원/1GB_54,190 ","MQ04ABF100, 1TB_54원/1GB_54,190 ","MQ04ABF100, 1TB_54원/1GB_54,190 ","MQ04ABF100, 1TB_54원/1GB_54,190 "
8038489,도시바 N300 7200/128M,"HDWN160, 6TB_41원/1GB_244,940 HDWQ140, 4TB_37원/1GB_148,830 ","HDWN160, 6TB_41원/1GB_244,940 HDWQ140, 4TB_38원/1GB_153,440 ","HDWN160, 6TB_41원/1GB_244,760 HDWQ140, 4TB_37원/1GB_146,540 ","HDWN160, 6TB_41원/1GB_244,710 HDWQ140, 4TB_37원/1GB_146,490 "
8038456,도시바 N300 7200/128M,"HDWN160, 6TB_41원/1GB_244,940 HDWQ140, 4TB_37원/1GB_148,830 ","HDWN160, 6TB_41원/1GB_244,940 HDWQ140, 4TB_38원/1GB_153,440 ","HDWN160, 6TB_41원/1GB_244,760 HDWQ140, 4TB_37원/1GB_146,540 ","HDWN160, 6TB_41원/1GB_244,710 HDWQ140, 4TB_37원/1GB_146,490 "
8038720,도시바 N300 7200/256M,"HDWG21E, 14TB_43원/1GB_595,000 HDWG21C, 12TB_39원/1GB_464,940 HDWG11A, 10TB_40원/1GB_395,000 HDWG180, 8TB_39원/1GB_309,950 ","HDWG21E, 14TB_43원/1GB_595,000 HDWG21C, 12TB_39원/1GB_464,890 HDWG11A, 10TB_40원/1GB_395,000 HDWG180, 8TB_39원/1GB_309,950 ","HDWG21E, 14TB_43원/1GB_595,000 HDWG21C, 12TB_39원/1GB_464,700 HDWG11A, 10TB_40원/1GB_395,000 HDWG180, 8TB_39원/1GB_309,890 ","HDWG21E, 14TB_43원/1GB_595,000 HDWG21C, 12TB_39원/1GB_464,650 HDWG11A, 10TB_40원/1GB_395,000 HDWG180, 8TB_38원/1GB_300,750 "
11291334,도시바 N300 패키지 7200/128M,"HDWN160, 4x6TB_---_일시품절 HDWN160, 2x6TB_---_일시품절 HDWQ140, 2x4TB_36원/1GB_291,250 HDWQ140, 4x4TB_37원/1GB_594,160 ","HDWN160, 4x6TB_---_일시품절 HDWN160, 2x6TB_---_일시품절 HDWQ140, 2x4TB_36원/1GB_291,070 HDWQ140, 4x4TB_37원/1GB_593,980 ","HDWN160, 4x6TB_---_일시품절 HDWN160, 2x6TB_---_일시품절 HDWQ140, 2x4TB_36원/1GB_290,890 HDWQ140, 4x4TB_37원/1GB_593,980 ","HDWN160, 4x6TB_---_일시품절 HDWN160, 2x6TB_---_일시품절 HDWQ140, 2x4TB_36원/1GB_290,710 HDWQ140, 4x4TB_37원/1GB_593,800 "
11291349,도시바 N300 패키지 7200/256M,"HDWG180, 4x8TB_37원/1GB_1,170,000 HDWG180, 2x8TB_37원/1GB_589,000 ","HDWG180, 4x8TB_37원/1GB_1,170,000 HDWG180, 2x8TB_37원/1GB_589,000 ","HDWG180, 4x8TB_37원/1GB_1,170,000 HDWG180, 2x8TB_37원/1GB_589,000 ","HDWG180, 4x8TB_37원/1GB_1,170,000 HDWG180, 2x8TB_37원/1GB_589,000 "
12008966,도시바 P300 5400/128M,"HDWD260, 6TB_28원/1GB_165,990 HDWD240, 4TB_27원/1GB_107,470 HDWD220, 2TB_30원/1GB_59,210 ","HDWD260, 6TB_28원/1GB_166,000 HDWD240, 4TB_27원/1GB_107,470 HDWD220, 2TB_30원/1GB_59,210 ","HDWD260, 6TB_28원/1GB_165,990 HDWD240, 4TB_27원/1GB_107,930 HDWD220, 2TB_30원/1GB_59,180 ","HDWD260, 6TB_28원/1GB_165,990 HDWD240, 4TB_27원/1GB_107,930 HDWD220, 2TB_30원/1GB_59,000 "
12008960,도시바 P300 5400/128M,"HDWD260, 6TB_28원/1GB_165,990 HDWD240, 4TB_27원/1GB_107,470 HDWD220, 2TB_30원/1GB_59,210 ","HDWD260, 6TB_28원/1GB_166,000 HDWD240, 4TB_27원/1GB_107,470 HDWD220, 2TB_30원/1GB_59,210 ","HDWD260, 6TB_28원/1GB_165,990 HDWD240, 4TB_27원/1GB_107,930 HDWD220, 2TB_30원/1GB_59,180 ","HDWD260, 6TB_28원/1GB_165,990 HDWD240, 4TB_27원/1GB_107,930 HDWD220, 2TB_30원/1GB_59,000 "
6288809,도시바 P300 7200/64M,"HDWD130, 3TB_35원/1GB_103,820 HDWD120, 2TB_36원/1GB_72,470 HDWD110, 1TB_49원/1GB_49,040 HDKPC35, 500GB_93원/1GB_46,700 ","HDWD130, 3TB_33원/1GB_99,750 HDWD120, 2TB_36원/1GB_72,120 HDWD110, 1TB_49원/1GB_49,040 HDKPC35, 500GB_94원/1GB_47,120 ","HDWD130, 3TB_33원/1GB_99,690 HDWD120, 2TB_36원/1GB_72,140 HDWD110, 1TB_49원/1GB_49,040 HDKPC35, 500GB_94원/1GB_47,030 ",0
6289206,도시바 P300 7200/64M,0,0,0,"HDWD130, 3TB_32원/1GB_97,400 HDWD120, 2TB_34원/1GB_68,220 HDWD110, 1TB_49원/1GB_48,950 HDKPC35, 500GB_94원/1GB_46,940 "
6295581,도시바 X300 7200/128M,"HDWE160, 6TB_36원/1GB_215,040 HDWE150, 5TB_59원/1GB_297,000 HDWE140, 4TB_35원/1GB_138,490 ","HDWE160, 6TB_36원/1GB_213,900 HDWE150, 5TB_59원/1GB_297,000 HDWE140, 4TB_33원/1GB_132,340 ","HDWE160, 6TB_36원/1GB_214,980 HDWE150, 5TB_59원/1GB_297,000 HDWE140, 4TB_33원/1GB_132,340 ","HDWE160, 6TB_36원/1GB_214,930 HDWE150, 5TB_59원/1GB_297,000 HDWE140, 4TB_33원/1GB_132,340 "
6295608,도시바 X300 7200/256M,"HDWR11A, 10TB_35원/1GB_352,700 HDWR180, 8TB_38원/1GB_305,450 ","HDWR11A, 10TB_35원/1GB_352,520 HDWR180, 8TB_32원/1GB_259,420 ","HDWR11A, 10TB_35원/1GB_352,400 HDWR180, 8TB_32원/1GB_259,420 ","HDWR11A, 10TB_35원/1GB_352,160 HDWR180, 8TB_32원/1GB_259,420 "
