Id,Name,2022-09-01 11:15:43,2022-09-02 11:25:05,2022-09-03 11:28:22,2022-09-04 11:23:01,2022-09-05 11:27:57,2022-09-06 11:33:02
16275866,A320 (중고),0,0,0,0,0,"34,870"
14043278,AFOX IH61-MA5-V2 에즈윈,"65,520","65,520","65,520","65,480","65,460","65,440"
15358496,AFOX IH81-MA2-V2 에즈윈,0,0,0,0,0,"68,990"
7096525,ASRock A320M-DVS R4.0 디앤디컴,"56,230","56,230","56,230","56,230","56,230","56,230"
7622335,ASRock A320M-DVS R4.0 에즈윈,"59,300","59,300","59,300","59,300","59,300","59,300"
6655801,ASRock A320M-HDV R3.0 에즈윈,"45,000","45,000","45,000","45,000","45,000","45,000"
6978235,ASRock A320M-HDV R4.0 디앤디컴,"65,000","65,000","65,000","65,000","65,000","65,000"
7476658,ASRock A320M-HDV R4.0 디앤디컴 (벌크),"55,350","55,310","58,600","58,600","58,660","59,710"
6948952,ASRock A320M-HDV R4.0 에즈윈,"51,470","51,470","51,470","51,470","51,470","51,470"
5124385,ASRock A320M-HDV 에즈윈,일시품절,일시품절,일시품절,일시품절,일시품절,일시품절
10864752,ASRock A320M-HDVP 디앤디컴,"61,380","48,000","61,380","61,380","61,380","61,380"
12074723,ASRock A520M PRO4 디앤디컴,"106,990","106,990","106,990","106,990","106,990","106,990"
12080045,ASRock A520M PRO4 에즈윈,"104,000","117,000","117,000","117,000","117,000","117,000"
12092663,ASRock A520M-HDV 디앤디컴,"71,990","71,950","71,880","71,840","71,820","72,760"
12130286,ASRock A520M-HDV 에즈윈,"76,220","76,180","76,150","76,130","76,110","76,990"
12222293,ASRock A520M-HDVP 디앤디컴,"78,990","79,000","79,390","79,390","79,390","79,390"
12236990,ASRock A520M-HDVP 에즈윈,0,0,0,0,0,"85,000"
12086510,ASRock A520M-HVS 디앤디컴,"72,000","71,990","71,990","71,990","71,990","72,000"
12130319,ASRock A520M-HVS 에즈윈,"73,000","73,000","73,000","73,000","73,000","73,000"
12121013,ASRock A520M-ITX/ac 디앤디컴,"144,000","144,000","144,000","144,000","144,000","144,000"
8010253,ASRock B365M-HDV 에즈윈,"86,920","86,920","86,920","86,920","86,920","86,920"
10021446,ASRock B365M-HDV 에즈윈 (벌크),"95,530","95,530","95,530","95,530","95,530","95,530"
7015291,ASRock B450 스틸레전드 디앤디컴,"131,580","131,560","131,510","131,470","131,450","131,410"
13363490,ASRock B450M PRO4 R2.0 디앤디컴,"103,000","103,000","103,000","103,000","103,000","103,000"
6348963,ASRock B450M PRO4 디앤디컴,"103,000","103,000","103,000","103,000","103,000","103,000"
6352473,ASRock B450M PRO4 에즈윈,"135,000","135,000","135,000","135,000","135,000","135,000"
13363601,ASRock B450M PRO4-F R2.0 디앤디컴,"96,000","96,000","96,000","161,500","161,500","161,500"
9769749,ASRock B450M PRO4-F 디앤디컴,"93,580","108,740","110,330","110,330","110,330","110,330"
7097008,ASRock B450M 스틸레전드 디앤디컴,"142,500","109,000","109,000","109,000","109,000","109,000"
7170754,ASRock B450M 스틸레전드 에즈윈,"163,000","163,000",0,0,0,0
6978166,ASRock B450M-HDV R4.0 디앤디컴,0,0,0,0,"82,980","82,980"
7424164,ASRock B450M-HDV R4.0 디앤디컴 (벌크),"167,780","167,780","167,780","167,780","167,780","167,780"
6891964,ASRock B450M-HDV R4.0 에즈윈,"79,500","79,460","79,410","79,370","79,350","81,800"
11674511,ASRock B460 스틸레전드 디앤디컴,"162,410","162,390","162,360","162,340","162,320","162,260"
11407626,ASRock B460M PRO4 에즈윈,"144,900",0,"144,900",0,0,0
11517701,ASRock B460M 스틸레전드 디앤디컴,0,0,0,0,0,"124,000"
11825848,ASRock B460M 스틸레전드 에즈윈,"140,380","146,750","146,750","146,750",0,0
11399841,ASRock B460M-ITX/ac 디앤디컴,"167,440","167,440","167,440","167,440","167,440","167,440"
11758070,ASRock B550 EXTREME4 디앤디컴,"231,220","231,180","231,150","231,110","231,050","231,030"
11571071,ASRock B550 EXTREME4 에즈윈,"234,120","234,060","234,030","233,990","233,950","233,930"
15545006,ASRock B550 PG Riptide 디앤디컴,"202,080","202,040","202,010","201,970","201,930","201,890"
16297025,ASRock B550 PG Riptide 에즈윈,"207,790","207,750","207,720","207,680","207,640","207,600"
11708183,ASRock B550 PRO4 디앤디컴,"161,580","161,570","161,530","161,510","161,490","161,470"
11580941,ASRock B550 PRO4 에즈윈,"165,000","165,000","165,000","165,000","165,000","165,000"
11764859,ASRock B550 Phantom Gaming 4 디앤디컴,"141,240","141,990","141,900","141,900","141,900","141,900"
11571746,ASRock B550 Phantom Gaming 4 에즈윈,"143,990","143,990","143,990","143,990","143,990","143,990"
11932180,ASRock B550 Phantom Gaming-ITX/ax 디앤디컴,일시품절,일시품절,일시품절,일시품절,일시품절,0
13148999,ASRock B550 Taichi Razer Edition 에즈윈,"439,890","439,890","439,890","439,890","439,890","439,890"
11636093,ASRock B550 스틸레전드 디앤디컴,"222,420","222,370","222,330","222,290","222,260","222,210"
11572490,ASRock B550 스틸레전드 에즈윈,"239,000","239,000","239,000","239,000","239,000","239,000"
16451030,ASRock B550M PG Riptide 디앤디컴,"131,150","131,090","131,060","131,020","130,960","130,940"
16358978,ASRock B550M PG Riptide 에즈윈,"122,530","122,490","122,550","122,550","127,310","129,000"
11649263,ASRock B550M PRO4 디앤디컴,"129,000","129,000","129,000","129,000","129,000","129,000"
11572991,ASRock B550M PRO4 에즈윈,"126,360","126,360","130,490","130,470","130,510","132,000"
12487823,ASRock B550M Phantom Gaming 4 디앤디컴,"112,200","112,150","112,110","112,070","112,050","114,790"
12464213,ASRock B550M Phantom Gaming 4 에즈윈,"116,670","116,630","116,580","116,560","116,540","116,520"
11636132,ASRock B550M 스틸레전드 디앤디컴,"154,000","154,000","154,000","154,000","154,000","154,000"
11580755,ASRock B550M 스틸레전드 에즈윈,"149,000","149,000","149,000","149,000","149,000","149,000"
12797720,ASRock B550M-HDV 디앤디컴,"99,000","99,000","99,000","99,000","99,000","99,000"
12022880,ASRock B550M-ITX/ac 디앤디컴,"178,680","178,680","178,680","178,680","178,660","178,680"
13512974,ASRock B560 PRO4 디앤디컴,"126,520","126,480","126,430","126,390","126,370","126,330"
13289012,ASRock B560 PRO4 에즈윈,"142,400","142,400","142,400","142,400","142,400","142,400"
13523723,ASRock B560 스틸레전드 디앤디컴,"132,280","132,270","132,230","132,190","132,170","132,130"
13353035,ASRock B560 스틸레전드 에즈윈,"130,660","130,640","130,590","130,550","130,530","130,510"
13418717,ASRock B560M PRO4 디앤디컴,"108,400","108,360","108,310","108,290","108,270","108,250"
13289171,ASRock B560M PRO4 에즈윈,"111,140","111,130","111,090","111,070","111,050","111,030"
13601942,ASRock B560M 스틸레전드 디앤디컴,"109,240","109,240","109,240","109,240","109,240","109,240"
13425908,ASRock B560M 스틸레전드 에즈윈,"101,000","101,000","101,000","101,000","101,000","101,000"
13523756,ASRock B560M-HDV 디앤디컴,"98,130","98,110","98,060","98,040","98,020","97,980"
14943890,ASRock B560M-HDV 에즈윈 (벌크),"93,330","93,310","93,260","93,220","93,200","93,180"
13744889,ASRock B560M-ITX/ac 디앤디컴,"157,040","157,040","157,040","157,040","157,040","157,040"
16637792,ASRock B660 Pro RS D4 + WiFi6E 모듈 패키지 디앤디컴,"198,670","198,610","198,560","198,520","198,480","201,790"
16194251,ASRock B660 Pro RS D4 디앤디컴,"170,950","170,900","170,860","170,820","170,760","170,720"
16145474,ASRock B660 Pro RS D4 에즈윈,"168,140","168,140","168,140","168,140","168,140","168,140"
16637885,ASRock B660 스틸레전드 D4 + WiFi6E 모듈 패키지 디앤디컴,"253,770","253,770","253,770","253,770","253,770","253,770"
16528016,ASRock B660 스틸레전드 D4 디앤디컴,"212,410","212,390","212,340","212,300","212,240","212,200"
16405937,ASRock B660 스틸레전드 D4 에즈윈,"215,240","215,190","215,150","215,110","215,070","215,010"
17483291,ASRock B660M PG Riptide D4 디앤디컴,"198,190","198,140","198,100","198,060","198,000","197,960"
16814663,ASRock B660M Phantom Gaming 4 D4 디앤디컴,"120,870","120,830","120,750","120,710","120,690","120,570"
16882091,ASRock B660M Phantom Gaming 4 D4 에즈윈,"122,300","121,790","121,720","121,700","121,680","121,660"
16637738,ASRock B660M Pro RS D4 + WiFi6E 모듈 패키지 디앤디컴,"179,990","179,990","179,990","179,990","179,990","179,990"
16670201,ASRock B660M Pro RS D4 + WiFi6E 모듈 패키지 에즈윈,"170,780","170,760","170,710","170,670","170,610","170,590"
16094585,ASRock B660M Pro RS D4 디앤디컴,"144,580","144,560","139,890","139,890","139,000","139,000"
16089554,ASRock B660M Pro RS D4 에즈윈,"147,000","147,000","147,000","147,000","147,000","147,000"
17353070,ASRock B660M Pro RS/D5 디앤디컴,"214,890","214,840","214,800","214,780","214,740","214,720"
17403119,ASRock B660M Pro RS/D5 에즈윈,"207,090","207,030","206,980","206,940","206,880","206,860"
17468108,ASRock B660M Pro RS/ax D4 디앤디컴,"189,880","189,830","188,350","188,310","188,250","188,230"
17403788,ASRock B660M Pro RS/ax D4 에즈윈,"196,650","196,620","196,570","196,530","196,490","196,470"
16638254,ASRock B660M 스틸레전드 D4 + WiFi6E 모듈 패키지 디앤디컴,"228,450","228,390","228,360","228,320","228,260","228,240"
16670096,ASRock B660M 스틸레전드 D4 + WiFi6E 모듈 패키지 에즈윈,"212,000","212,000","212,000","212,000","212,000","212,000"
16619693,ASRock B660M 스틸레전드 D4 디앤디컴,"196,190","196,170","196,120","196,080","196,040","196,020"
16406390,ASRock B660M 스틸레전드 D4 에즈윈,"198,240","198,210","198,170","198,130","198,090","198,070"
16094537,ASRock B660M-HDV D4 디앤디컴,"109,330","109,310","109,260","109,220","109,200","109,160"
16660031,ASRock B660M-HDV D4 디앤디컴 (벌크),"110,240","110,240","110,240","110,240","110,240","110,240"
16090028,ASRock B660M-HDV D4 에즈윈,"115,790","115,790","115,790","115,790","115,790","118,990"
17541941,ASRock B660M-HDVP/D5 R2.0 에즈윈 (벌크),"124,200","124,180","124,130","124,090","124,070","124,040"
16638353,ASRock B660M-HDVP/D5 디앤디컴,"121,730","121,670","121,620","121,580","121,560","121,460"
16479821,ASRock B660M-HDVP/D5 에즈윈,"131,120","127,350","127,350","127,350","127,350","127,350"
16479872,ASRock B660M-HDVP/D5 에즈윈 (벌크),"124,750","124,750","124,750","124,750","124,750","124,750"
16500779,ASRock B660M-ITX/ac D4 디앤디컴,"179,590","179,550","179,480","179,440","179,400","179,380"
16411643,ASRock B660M-ITX/ac D4 에즈윈,"185,100","185,090","183,020","183,020","183,020","183,020"
6373362,ASRock FATAL1TY B450 Gaming K4 에즈윈,"122,840","122,840","122,840","122,840","122,840","122,840"
11183211,ASRock FATAL1TY B450 Gaming-ITX/ac 디앤디컴,"244,010","244,010","244,010","244,010","244,010","244,010"
4812804,ASRock FATAL1TY H270 Performance 디앤디컴,"200,000","200,000","200,000","200,000","200,000","200,000"
3626253,ASRock H110M-DGS 에즈윈 (벌크),"140,000","140,000","140,000","140,000","140,000","140,000"
4812931,ASRock H270M PRO4 디앤디컴,"230,000",0,"230,000",0,"230,000","230,000"
6864472,ASRock H310CM-HDV 에즈윈 (벌크),"69,260","69,230","69,190","69,150","69,130","69,110"
17021852,ASRock H310CM-HDVP 에즈윈,"77,890","77,850","77,810","77,770","77,750","77,730"
12905678,ASRock H370M-HDV 에즈윈,"66,810","66,810","66,810","66,810","66,810","69,300"
11708204,ASRock H410M-HDVP 디앤디컴,"79,930","79,890","79,860","79,840","79,820","79,780"
13149347,ASRock H410M-HDVP2 에즈윈 (벌크),"80,600","80,600","80,600","80,600","80,600","80,600"
11399340,ASRock H470 스틸레전드 디앤디컴,"161,200","161,200","161,200","161,200","161,200","161,200"
11399469,ASRock H470M PRO4 디앤디컴,"135,200","135,200","135,200","135,200","135,200","135,200"
13243136,ASRock H470M-HDV 에즈윈 (벌크),"74,900","74,890","74,870","74,830","74,810","74,790"
13337210,ASRock H470M-HVS 디앤디컴,"75,500","75,500","75,500","75,500","75,500","75,500"
13301417,ASRock H470M-HVS 에즈윈,"78,520","78,520","78,520","78,520","78,520","78,520"
13301432,ASRock H470M-HVS 에즈윈 (벌크),"76,100","76,080","76,050","76,030","76,010","75,970"
14836490,ASRock H510M-HDV R2.0 에즈윈,"83,050","83,050","83,050","83,050","83,050","83,050"
14836523,ASRock H510M-HDV R2.0 에즈윈 (벌크),"79,290","79,280","79,250","79,360","79,340","79,320"
13643204,ASRock H510M-HDV 디앤디컴,"80,000","80,000","80,000","80,000","80,000","80,000"
13584227,ASRock H510M-HDV 에즈윈,"81,000","81,000","81,000","81,000","81,000","81,000"
13584266,ASRock H510M-HDV 에즈윈 (벌크),"80,060","80,040","80,010","79,990","79,970","79,950"
13644035,ASRock H510M-HDV/M.2 디앤디컴,"81,460","81,430","81,390","81,370","81,350","81,320"
13653038,ASRock H510M-HDV/M.2 에즈윈,"81,910","84,000","81,850","81,830","81,810","84,000"
14836946,ASRock H510M-HVS R2.0 에즈윈 (벌크),"75,650","75,640","75,600","75,580","75,560","76,000"
13644221,ASRock H510M-HVS 디앤디컴,"74,920","74,920","76,990","76,990","76,990","76,990"
13652981,ASRock H510M-HVS 에즈윈 (벌크),"77,230","77,280","77,230","77,220","77,270","77,250"
13744781,ASRock H510M-ITX/ac 디앤디컴,"132,270","132,240","132,200","132,160","132,140","132,120"
13830548,ASRock H570 Phantom Gaming 4 디앤디컴,"150,600","150,500","150,500","150,500","150,500","150,500"
13602143,ASRock H570 스틸레전드 디앤디컴,"166,910","168,770","168,740","168,720","168,700","168,660"
14273075,ASRock H570M PRO4 디앤디컴,"112,790","112,780","112,740","112,700","112,680","112,660"
13670681,ASRock H570M PRO4 에즈윈,"129,650","129,610","129,560","129,540","129,520","129,500"
13745069,ASRock H570M-ITX/ac 디앤디컴,0,0,0,0,"208,740","208,740"
16530470,ASRock H610M-HDV D4 디앤디컴,"100,030","99,990","99,960","99,920","99,900","99,860"
16660349,ASRock H610M-HDV D4 디앤디컴 (벌크),"96,660","96,650","96,650","96,650","96,650","96,650"
16333064,ASRock H610M-HDV D4 에즈윈,"97,690","97,690","97,690","97,690","97,690","97,690"
16625141,ASRock H610M-HDV D4 에즈윈 (벌크),"96,830","96,810","96,760","96,720","96,700","96,680"
16109294,ASRock H610M-HDV/M.2 D4 디앤디컴,"100,460","100,430","99,950","99,910","99,890","99,870"
16660088,ASRock H610M-HDV/M.2 D4 디앤디컴 (벌크),"100,760","100,760","100,760","100,760","100,760","100,760"
16134524,ASRock H610M-HDV/M.2 D4 에즈윈,"105,900","105,900","105,900","105,900","105,900","107,800"
16456175,ASRock H610M-HDVP/D5 디앤디컴,"106,280","106,210","106,150","106,110","106,090","105,980"
16660295,ASRock H610M-HDVP/D5 디앤디컴 (벌크),"105,590","105,570","105,520","105,480","105,460","105,440"
16479920,ASRock H610M-HDVP/D5 에즈윈,"110,090","110,070","108,790","108,750","108,730","108,690"
16479983,ASRock H610M-HDVP/D5 에즈윈 (벌크),"107,890","107,870","107,820","107,780","107,760","107,740"
16480022,ASRock H610M-HVS D4 디앤디컴,"96,400","96,390","96,370","96,330","96,310","96,290"
16660169,ASRock H610M-HVS D4 디앤디컴 (벌크),"93,560","93,560","93,560","93,560","93,560","93,560"
16333256,ASRock H610M-HVS D4 에즈윈,"97,690","97,690","97,690","97,690","97,690","97,740"
16625258,ASRock H610M-HVS D4 에즈윈 (벌크),"96,660","96,660","96,660","96,660","96,660","96,660"
16827602,ASRock H610M-ITX/ac D4 디앤디컴,"165,930","165,910","165,860","165,820","165,760","165,740"
16333610,ASRock H610M-ITX/ac D4 에즈윈,"169,930","169,880","168,980","168,980","168,980","168,980"
16353665,ASRock H670 PG Riptide D4 디앤디컴,"196,630","196,620","196,580","196,540","196,480","196,460"
16248347,ASRock H670 PG Riptide D4 에즈윈,0,"212,000","212,000","212,000","212,000","212,000"
16412282,ASRock H670 스틸레전드 D4 디앤디컴,"232,680","232,650","232,610","232,570","232,510","232,490"
16250054,ASRock H670M Pro RS D4 디앤디컴,"175,050","174,990","174,940","174,900","174,840","174,820"
16191893,ASRock H670M Pro RS D4 에즈윈,"176,820","176,770","176,730","176,690","176,650","176,630"
16571978,ASRock H670M-ITX/ax D4 디앤디컴,"239,460","239,410","239,360","239,320","239,280","239,220"
5284925,ASRock H81 PRO BTC R2.0 에즈윈,0,0,0,0,일시품절,일시품절
17667608,ASRock WRX80 Creator 대원씨티에스,가격비교예정,가격비교예정,가격비교예정,가격비교예정,가격비교예정,가격비교예정
6487245,ASRock X370M PRO4 에즈윈,0,0,0,0,일시품절,일시품절
7887742,ASRock X370M-HDV R4.0 에즈윈,"71,240","71,240","71,240","71,240","71,240","71,240"
6487341,ASRock X370M-HDV 디앤디컴,0,"86,500","86,500","86,500",0,0
8505195,ASRock X570 EXTREME4 에즈윈,0,0,0,0,0,"340,000"
8508369,ASRock X570 Phantom Gaming 4 디앤디컴,"198,120","198,100","198,030","197,990","197,950","197,910"
8747690,ASRock X570 Phantom Gaming 4 에즈윈,"213,700","213,700","212,650","212,650","213,600","213,600"
9252870,ASRock X570 Phantom Gaming X 디앤디컴,"974,850","974,850","974,850","974,850","974,850",0
13149158,ASRock X570 Taichi Razer Edition 에즈윈,"495,550","495,550","495,550","495,550","495,550","495,550"
8508585,ASRock X570 Taichi 디앤디컴,"433,990","433,990","433,990","433,990","433,990","433,990"
8507295,ASRock X570 Taichi 에즈윈,"406,120","406,100","406,050","406,010","405,970","405,950"
9252927,ASRock X570 스틸레전드 디앤디컴,0,0,"212,980","212,980","212,980","212,980"
8507937,ASRock X570M PRO4 에즈윈,"323,500","323,500","323,500","323,500","323,500","323,500"
15786236,ASRock X570S PG Riptide 디앤디컴,"240,870","240,820","238,570","238,540","238,520","238,480"
6508744,ASRock Z390 TAICHI ULTIMATE 에즈윈,"877,500","877,500","877,500","877,500","877,500","877,500"
11329152,ASRock Z490 EXTREME4 디앤디컴,"257,000","257,000",0,0,0,0
11328411,ASRock Z490 PG Velocita 디앤디컴,"219,000","219,000","219,000","219,000","219,000","219,000"
11329587,ASRock Z490 Phantom Gaming 4 디앤디컴,"167,960",0,0,0,0,0
11329749,ASRock Z490 Phantom Gaming 4/2.5G 디앤디컴,"172,640","172,640","172,640","172,640","172,640","172,640"
11398728,ASRock Z490 Phantom Gaming-ITX/TB3 디앤디컴,"334,870","334,990","334,990","334,990","334,990","334,990"
11337861,ASRock Z490 Phantom Gaming-ITX/TB3 에즈윈,"339,040","339,040","339,040","339,040","339,040","339,040"
11329311,ASRock Z490 Taichi 디앤디컴,"301,990","301,990","301,990","301,990","301,990","301,990"
11328141,ASRock Z490M PRO4 디앤디컴,"174,800","174,800","174,800","174,800","174,800","174,800"
11327562,ASRock Z490M-ITX/ac 디앤디컴,"187,200","187,200","191,360","191,360","191,360","191,360"
11337465,ASRock Z490M-ITX/ac 에즈윈,"217,360","217,360","217,360","217,360","217,360","217,360"
14348456,ASRock Z590 OC Formula 에즈윈,"710,790","710,760","710,720","710,680","710,660","710,640"
13486046,ASRock Z590 Phantom Gaming 4 에즈윈,"189,750","189,750","189,750","189,750","189,750","189,750"
14063930,ASRock Z590 Phantom Gaming-ITX/TB4 디앤디컴,"315,120","315,120","315,120","315,120","315,120","315,120"
14493683,ASRock Z590 Phantom Gaming-ITX/TB4 에즈윈,"413,780","413,780","413,780","413,780","413,780","413,780"
13422614,ASRock Z590 Taichi 디앤디컴,"327,370","327,360","327,360","327,360","327,360","327,360"
13422545,ASRock Z590 Taichi 에즈윈,"389,030","389,010","388,960","388,920","388,900","388,880"
13501733,ASRock Z590M PRO4 디앤디컴,"121,280","121,280","121,680","121,680","121,680","125,030"
13408382,ASRock Z590M PRO4 에즈윈,"138,020","137,990","137,950","137,910","137,890","137,850"
13830266,ASRock Z590M Phantom Gaming 4 디앤디컴,"109,200","109,200","109,200","109,200","109,200","109,200"
13486274,ASRock Z590M Phantom Gaming 4 에즈윈,"119,950","119,940","119,900","119,860","119,840","119,820"
15647252,ASRock Z690 EXTREME D4 디앤디컴,"374,870","374,820","374,780","374,760","374,740","374,720"
15620378,ASRock Z690 EXTREME D4 에즈윈,"359,720","359,710","359,670","359,630","359,590","359,570"
16169339,ASRock Z690 EXTREME WiFi 6E D4 디앤디컴,"402,660","402,660","402,660","402,660","402,660","402,660"
16637951,ASRock Z690 PG Riptide D4 + WiFi6E 모듈 패키지 디앤디컴,"259,050","259,050","259,050","259,050","259,050","259,050"
15739250,ASRock Z690 PG Riptide D4 디앤디컴,"223,500","223,500","223,500","223,500","223,500","223,500"
15639767,ASRock Z690 PG Riptide D4 에즈윈,"230,850","230,800","229,320","229,320","229,320","227,960"
16287770,ASRock Z690 PG Velocita D5 디앤디컴,"573,570","573,530","573,480","573,440","573,380","573,360"
15895232,ASRock Z690 PG Velocita D5 에즈윈,"568,480","568,450","521,940","521,940","524,000","524,000"
15653948,ASRock Z690 Phantom Gaming 4 D4 디앤디컴,"209,130","209,080","209,040","209,000","208,940","208,920"
15619835,ASRock Z690 Phantom Gaming 4 D4 에즈윈,"211,680","211,640","209,910","209,910","209,910","209,910"
16099166,ASRock Z690 Phantom Gaming 4/D5 디앤디컴,"255,490","255,450","255,400","255,360","255,320","255,300"
15722276,ASRock Z690 Phantom Gaming 4/D5 에즈윈,"256,800","256,760","219,430","219,430","219,420","219,420"
15784874,ASRock Z690 Phantom Gaming-ITX/TB4 D5 에즈윈,"500,610","500,550","500,500","500,460","500,420","500,400"
16638029,ASRock Z690 Pro RS D4 + WiFi6E 모듈 패키지 디앤디컴,"283,120","283,070","283,050","283,010","282,970","282,950"
15653882,ASRock Z690 Pro RS D4 디앤디컴,"248,740","248,680","248,630","248,610","248,570","248,550"
15620141,ASRock Z690 Pro RS D4 에즈윈,"227,250","227,250","221,200","221,200","221,200","221,200"
16000253,ASRock Z690 Taichi D5 디앤디컴,"738,990","738,800","738,700","738,700","738,900","738,900"
15944588,ASRock Z690 Taichi D5 에즈윈,"694,970","694,940","694,900","694,860","694,800","694,780"
16819934,ASRock Z690 스틸레전드 D4 + WiFi6E 모듈 패키지 디앤디컴,"306,390","306,350","306,320","306,280","306,220","306,200"
15860501,ASRock Z690 스틸레전드 D4 디앤디컴,"275,980","275,950","275,910","275,890","275,850","275,830"
15620588,ASRock Z690 스틸레전드 D4 에즈윈,"280,890","280,870","256,260","256,260","256,260","256,260"
16169777,ASRock Z690 스틸레전드 WiFi 6E D4 디앤디컴,"309,340","309,300","299,000","299,000","299,000","299,000"
15783182,ASRock Z690 스틸레전드 WiFi 6E D4 에즈윈,"308,200","308,150","284,960","284,960","284,950","284,950"
15784451,ASRock Z690M Phantom Gaming 4 D4 에즈윈,"213,210","213,170","213,100","213,060","213,010","212,980"
15883439,ASRock Z690M-ITX/ax D4 디앤디컴,"320,930","321,530","321,490","321,470","321,410","321,370"
15956633,ASRock Z690M-ITX/ax D4 에즈윈,"379,100","379,080","379,050","379,030","379,010",0
6051885,ASUS EX A320M-GAMING STCOM,"83,220","92,930","93,270","93,270","93,270","93,270"
7452148,ASUS EX A320M-GAMING 대원씨티에스,"72,330","74,000","74,000","74,900","75,000","74,990"
6154344,ASUS EX A320M-GAMING 아이보라,"99,100","99,100","99,100","99,100","99,100","99,100"
14111102,ASUS EX B560M-V5 인텍앤컴퍼니,"106,360","106,340","106,310","106,290","106,270","100,150"
16095542,ASUS EX B660M-V5 D4 코잇,"130,390","112,990","112,990","112,980","113,000","117,010"
15721715,ASUS EX H510M-V3 코잇,"75,610","70,540","70,540","70,540","70,540","70,540"
16260506,ASUS EX H610M-V3 D4 STCOM,"113,530","113,500","113,480","113,440","113,420","113,400"
3603620,ASUS H110M-K 아이보라,"121,890","121,870","121,840","121,780","121,740","121,720"
13911509,ASUS KRPA-U16 아이보라,"713,840","713,840","713,840","713,840","713,840","713,840"
14783351,ASUS KRPA-U16 인텍앤컴퍼니,"770,000","770,000","770,000","770,000","770,000","770,000"
16654505,ASUS N5105I-IM-A R2.0 STCOM,"202,890","202,890","202,890","202,890","202,890","202,890"
3875191,ASUS P10S WS STCOM,"302,000","302,000","302,000","302,000","302,000","302,000"
6914917,ASUS P11C-C/4L STCOM,"294,060","290,900","287,740","303,480","303,480","300,140"
6675862,ASUS P11C-C/4L 아이보라,"387,350","387,310","387,280","387,260","387,240","387,220"
6700150,ASUS P11C-M/4L 아이보라,"313,700","313,700","313,700","313,700","313,700","313,700"
6914983,ASUS P11C-X STCOM,"267,730","262,500","270,300","270,300","270,300","270,300"
6643243,ASUS P11C-X 아이보라,"277,680","269,480","269,430","269,410","269,390","269,370"
14872736,ASUS P11C-X 인텍앤컴퍼니,"270,000","270,000","270,000","270,000",0,0
3226637,ASUS P9D-MH/10G-DUAL STCOM,"500,300","500,300","500,300","500,300","500,300","500,300"
9350013,ASUS PRIME A320I-K 아이보라,"136,000","136,000","136,000","136,000","136,000","136,000"
5143863,ASUS PRIME A320M-K STCOM,"60,400","60,350","60,330","60,290","60,250","60,230"
7452181,ASUS PRIME A320M-K 대원씨티에스,"59,990","59,990","59,990","59,990","59,990","60,600"
8101588,ASUS PRIME A320M-K/CSM STCOM,"62,340","62,340","62,340","62,340","62,340","62,340"
8869988,ASUS PRIME A320M-K/CSM 대원씨티에스,0,일시품절,일시품절,0,0,0
16284179,ASUS PRIME A520M-A II 대원씨티에스,"85,960","86,000","86,000","86,000","86,000","86,000"
12069533,ASUS PRIME A520M-A 대원씨티에스,"95,000","95,000","95,000","95,000","95,000","95,000"
12060812,ASUS PRIME A520M-A/CSM STCOM,"117,000","117,000","115,910","115,890","115,870","115,850"
12060446,ASUS PRIME A520M-E STCOM,"99,860","99,840","101,820","101,820","101,820","103,760"
12069548,ASUS PRIME A520M-E 대원씨티에스,"90,000","90,000","90,000","90,000","90,000","90,000"
12060293,ASUS PRIME A520M-K STCOM,"84,240","84,240","84,150","84,150","84,150","84,150"
12069566,ASUS PRIME A520M-K 대원씨티에스,"75,600","75,600","75,600","75,600","75,990","78,750"
12067610,ASUS PRIME A520M-K 아이보라,"81,810","81,790","81,740","81,700","81,680","81,760"
12060863,ASUS PRIME A520M-K/CSM STCOM,"101,190","101,130","101,080","101,040","101,000","100,980"
7108366,ASUS PRIME B365M-A 코잇,"135,000","135,000","135,000","135,000","135,000","135,000"
7324354,ASUS PRIME B365M-K STCOM,"120,000","120,000","120,000","120,000","120,000","120,000"
12629255,ASUS PRIME B450M-A II STCOM,"143,250","143,220","143,200","143,180","143,160","145,000"
12626231,ASUS PRIME B450M-A II 대원씨티에스,"95,000","95,000","95,000","95,000","95,000","95,000"
6352352,ASUS PRIME B450M-A STCOM,"120,000","120,000","120,000","120,000","120,000","120,000"
7452226,ASUS PRIME B450M-A 대원씨티에스,"110,000","110,000",0,0,"110,000","110,000"
12689660,ASUS PRIME B450M-K II STCOM,"114,730","114,670","114,620","114,600","114,560","114,540"
12626198,ASUS PRIME B450M-K II 대원씨티에스,"91,100","91,100","91,100","91,100","91,100","91,100"
11396745,ASUS PRIME B460M-A 코잇,"92,710","92,710","92,710","130,000","130,000","130,000"
11370840,ASUS PRIME B460M-K STCOM,"108,600","118,900","118,900","118,900","118,900",0
11333751,ASUS PRIME B460M-K 코잇,0,0,0,0,0,"134,360"
11656259,ASUS PRIME B550M-A (Wi-Fi) 대원씨티에스,"155,330","155,330","155,330","155,330","155,330","155,330"
16134440,ASUS PRIME B550M-A WIFI II 대원씨티에스,"146,240","144,580","141,900","141,900","141,900","142,910"
11574458,ASUS PRIME B550M-A 대원씨티에스,"135,900","135,900","135,900","135,900","135,900","137,950"
11583173,ASUS PRIME B550M-A 아이보라,"114,570","114,570","114,570","114,570","114,570","114,570"
11570354,ASUS PRIME B550M-K STCOM,"144,990","144,990","144,990","144,990","144,990","144,500"
11574545,ASUS PRIME B550M-K 대원씨티에스,"126,270","124,500","128,960","128,920","128,880","125,920"
11583095,ASUS PRIME B550M-K 아이보라,"110,160","110,160","110,160","110,160","110,160","110,160"
11656073,ASUS PRIME B550M-K/CSM STCOM,"145,000","145,000","145,000","145,000","145,000","145,000"
13656224,ASUS PRIME B560-PLUS 아이보라,"121,840","121,820","121,790","121,770","121,750","121,730"
13423211,ASUS PRIME B560-PLUS 코잇,"179,480","179,460","179,410","179,390","179,370","179,350"
13506266,ASUS PRIME B560M-A 코잇,"93,500","92,540","92,700","92,700","92,700","92,700"
13709120,ASUS PRIME B560M-A/CSM 코잇,"129,480","129,480","129,480","129,480","129,480","129,480"
13761692,ASUS PRIME B560M-K/CSM 인텍앤컴퍼니,"143,870","143,820","143,810","143,800","143,780","143,760"
16103186,ASUS PRIME B660-PLUS D4 STCOM,"195,000","195,000","195,000","195,000","195,000","195,000"
16103294,ASUS PRIME B660-PLUS D4 아이보라,"188,000","188,000","188,000","188,000","188,000","188,000"
16084991,ASUS PRIME B660-PLUS D4 인텍앤컴퍼니,"198,000","197,930","197,930","197,930","197,930","197,930"
16099562,ASUS PRIME B660-PLUS D4 코잇,"188,000","188,000","188,000","188,000","188,000","188,000"
16103219,ASUS PRIME B660M-A D4 STCOM,"171,100","176,970","165,000","165,000","165,370","176,980"
16103234,ASUS PRIME B660M-A WIFI D4 STCOM,"208,690","208,660","208,640","208,620","208,590","208,580"
16084070,ASUS PRIME B660M-K D4 인텍앤컴퍼니,"140,120","138,510","138,510","138,440","138,440","139,560"
6346757,ASUS PRIME H310M-A R2.0 STCOM,"93,020","93,020","93,020","93,020","93,020","93,020"
6632107,ASUS PRIME H310M-A R2.0 인텍앤컴퍼니,"43,600",일시품절,일시품절,일시품절,일시품절,일시품절
6764947,ASUS PRIME H310M-K R2.0 코잇,"78,960","78,960","78,960","78,960","78,960","78,960"
8025463,ASUS PRIME H370-A/CSM STCOM,"319,400","319,400","319,400","319,400","319,400",0
6023742,ASUS PRIME H370M-PLUS STCOM,"304,760","304,760","304,760","304,760","304,760","304,760"
11334711,ASUS PRIME H410M-A 코잇,0,"97,000","97,000","97,000","97,000","97,000"
11408766,ASUS PRIME H410M-E 인텍앤컴퍼니,"90,990","90,990","90,990","90,990","90,990","90,990"
11370858,ASUS PRIME H410M-K STCOM,"72,400","72,400","72,400","83,000","83,000","83,000"
11397861,ASUS PRIME H410M-K 아이보라,"69,690","69,690","69,690","69,690","69,690","68,900"
11408364,ASUS PRIME H410M-K 인텍앤컴퍼니,"68,940","68,930","68,900","68,880","68,860","73,700"
11334720,ASUS PRIME H410M-K 코잇,"84,750","84,740","84,720","84,680","84,660","84,620"
13423994,ASUS PRIME H510M-A WIFI 코잇,"114,760","114,760","114,760","114,760","114,760","114,760"
13423823,ASUS PRIME H510M-A 코잇,"81,300","79,460","78,500","78,500","78,500","78,500"
14109998,ASUS PRIME H510M-D STCOM,"115,420","115,400","115,370","115,350","115,330","117,880"
13656296,ASUS PRIME H510M-E 아이보라,"80,410","80,410","80,410","80,410","80,410","79,510"
14005334,ASUS PRIME H510M-K 인텍앤컴퍼니,"80,950","79,550","79,380","75,900","75,900","75,900"
16180658,ASUS PRIME H510TS 아이보라 (벌크),"기본_155,390|120W 어댑터_176,180","기본_155,390|120W 어댑터_176,160","기본_155,390|120W 어댑터_176,130","기본_155,390|120W 어댑터_176,110","기본_155,390|120W 어댑터_176,090","기본_155,390|120W 어댑터_176,070"
15613028,ASUS PRIME H570-PLUS 인텍앤컴퍼니,"150,350","150,950","150,900","150,860","150,840","150,820"
13423445,ASUS PRIME H570-PLUS 코잇,"174,960","174,950","174,910","174,870","174,850","174,830"
13451855,ASUS PRIME H570M-PLUS STCOM,"175,110","175,100","175,100","175,100","175,100","175,100"
16103177,ASUS PRIME H610M-A D4 STCOM,"118,850","118,800","115,000","115,000","117,550","117,540"
16095767,ASUS PRIME H610M-D D4 코잇,"107,630","107,620","105,900","105,900","105,900","105,900"
16103138,ASUS PRIME H610M-E D4 STCOM,"114,130","114,090","114,040","114,000","113,980","113,960"
16103297,ASUS PRIME H610M-E D4 아이보라,"102,860","102,860","102,860","102,860","102,860","102,860"
16084790,ASUS PRIME H610M-E D4 인텍앤컴퍼니,"110,030","110,030","109,470","103,980","103,980","103,980"
16099619,ASUS PRIME H610M-E D4 코잇,"114,160","114,160","113,020","112,980","112,960","110,450"
16083650,ASUS PRIME H610M-K D4 인텍앤컴퍼니,"100,280","99,180","99,190","100,050","100,010","99,970"
16103135,ASUS PRIME H670-PLUS D4 STCOM,"214,000","214,000","214,000","214,000","214,000","214,000"
16103300,ASUS PRIME H670-PLUS D4 아이보라,"210,080","211,650","213,710","213,710","213,710","213,710"
16085180,ASUS PRIME H670-PLUS D4 인텍앤컴퍼니,"209,000","209,000","209,000","209,000","209,000","209,000"
16099694,ASUS PRIME H670-PLUS D4 코잇,"209,000","209,000","209,000","209,000","209,000","209,000"
9999378,ASUS PRIME TRX40-PRO STCOM,"1,575,580","1,575,580","1,575,580","1,575,580","1,575,580","1,575,580"
9731643,ASUS PRIME X299 Edition 30 STCOM,0,"1,885,170","1,885,170","1,885,170","1,885,170","1,885,170"
9647316,ASUS PRIME X299-A II STCOM,"639,870","639,830","639,800","639,780",0,0
9660786,ASUS PRIME X299-A II 아이보라,"564,500","552,500","552,500","552,500","552,500","552,500"
5456968,ASUS PRIME X399-A STCOM,일시품절,일시품절,일시품절,일시품절,일시품절,일시품절
6060034,ASUS PRIME X470-PRO STCOM,"432,030","432,030","432,030","432,030","432,030","432,030"
8511729,ASUS PRIME X570-P/CSM STCOM,"213,740","213,740","213,740","213,740","213,740","213,740"
8542142,ASUS PRIME X570-P/CSM 대원씨티에스,"198,990","198,970","198,940","198,920","198,900","187,300"
8514897,ASUS PRIME X570-P/CSM 아이보라,"204,460","204,500","204,460","204,420","204,360","204,340"
14547515,ASUS PRIME X570-PRO STCOM,"312,990","312,990","323,000","335,380","335,380","335,380"
8511207,ASUS PRIME X570-PRO/CSM STCOM,"281,840","281,840","281,740","281,740","281,740","281,740"
8542220,ASUS PRIME X570-PRO/CSM 대원씨티에스,"246,990","254,550","254,550","254,550","254,550","254,550"
8514777,ASUS PRIME X570-PRO/CSM 아이보라,"254,310","254,290","254,850","254,850","254,850","254,850"
6511733,ASUS PRIME Z390-A STCOM,"298,000","298,000","298,000","298,000","298,000","298,000"
7042342,ASUS PRIME Z390M-PLUS 인텍앤컴퍼니,0,0,0,0,"398,300",0
13911266,ASUS PRIME Z590-P WIFI 아이보라,"201,460","201,450","201,410","201,390","201,370","201,350"
14872487,ASUS PRIME Z590-P WIFI 인텍앤컴퍼니,"272,480","272,480","272,480","272,480","272,480","272,480"
13358777,ASUS PRIME Z590-P 인텍앤컴퍼니,"244,800","244,800","244,800","244,800","244,800","244,800"
13358816,ASUS PRIME Z590M-PLUS 인텍앤컴퍼니,"185,400","185,400","185,400","185,400","185,400","185,400"
15600110,ASUS PRIME Z690-A STCOM,"366,080","366,080","366,080","366,080","366,080","366,080"
15598958,ASUS PRIME Z690-P D4 STCOM,"309,410","317,390","320,900","320,900","320,900","320,840"
15610604,ASUS PRIME Z690-P D4 아이보라,"285,000","285,000","285,000","285,000","285,000","285,000"
15638693,ASUS PRIME Z690-P D4 인텍앤컴퍼니,"270,200","270,200","270,200","270,200","270,190","270,170"
15609158,ASUS PRIME Z690-P D4 코잇,"289,770","286,400","286,400","295,200","295,180","286,410"
15599435,ASUS PRIME Z690-P STCOM,"279,510","279,510","287,980","287,960","287,940","287,910"
17232995,ASUS PRIME Z690-P WIFI + FURY DDR5-5200 CL40 Beast 인텍앤컴퍼니,"562,060","562,060","562,060","562,060","562,060","562,060"
15598991,ASUS PRIME Z690-P WIFI D4 STCOM,"316,000","322,800","322,800","322,800","322,800","322,800"
15610547,ASUS PRIME Z690-P WIFI D4 아이보라,"294,050","293,990","293,940","293,920","293,900","293,880"
15638735,ASUS PRIME Z690-P WIFI D4 인텍앤컴퍼니,"281,500","281,500","281,500","281,500","281,500","281,500"
15609182,ASUS PRIME Z690-P WIFI D4 코잇,"298,170","298,170","298,170","298,170","298,170","298,170"
15599711,ASUS PRIME Z690-P WIFI STCOM,"320,970","320,910","320,900","320,880","320,840","320,820"
15610523,ASUS PRIME Z690-P WIFI 아이보라,"272,000","272,000","272,000","272,000","272,000","272,000"
15616601,ASUS PRIME Z690-P WIFI 인텍앤컴퍼니,"319,280","319,280","319,280","319,280","319,280","319,280"
15867875,ASUS PRIME Z690-P WIFI 코잇,"318,830","318,810","318,760","318,740","318,720","318,700"
15610577,ASUS PRIME Z690-P 아이보라,"282,950","277,580","290,000","318,000","318,000","318,000"
15616562,ASUS PRIME Z690-P 인텍앤컴퍼니,"307,180","307,180","307,180","307,180","307,180","307,180"
15867830,ASUS PRIME Z690-P 코잇,"313,410","313,410","313,410","313,410","313,410","313,410"
15599207,ASUS PRIME Z690M-PLUS D4 STCOM,"286,000","286,000","285,900","285,900","285,900","285,900"
15610640,ASUS PRIME Z690M-PLUS D4 아이보라,"249,980","249,960","250,330","250,310","250,290","250,270"
15616640,ASUS PRIME Z690M-PLUS D4 인텍앤컴퍼니,"252,280","252,280","252,280","252,280","252,280","252,280"
15756698,ASUS PRIME Z690M-PLUS D4 코잇,"249,300","249,300","249,300","249,300","249,300","249,300"
13562387,ASUS PRO WS WRX80E-SAGE SE WIFI 대원씨티에스,"1,369,900","1,369,880","1,369,830","1,369,810","1,369,790","1,369,770"
13923911,ASUS PRO WS WRX80E-SAGE SE WIFI 아이보라,"1,371,500","1,371,500","1,371,500","1,371,500","1,371,500","1,371,500"
8890244,ASUS PRO WS X570-ACE STCOM,"488,000","431,600","521,790","521,750","521,680","521,750"
8518257,ASUS PRO WS X570-ACE 아이보라,"447,810","447,750","447,720","447,700","447,680","447,660"
17345621,ASUS Pro B660M-C/CSM D4 아이보라,"158,950","158,910","158,880","158,860","158,840","158,800"
16564487,ASUS Pro B660M-C/CSM D4 코잇,"172,640","172,640","172,640","172,640","172,640","172,640"
17541950,ASUS Pro H610T/CSM D4 아이보라 (벌크),"기본_141,790","기본_141,750","기본_141,720","기본_141,680","기본_141,660","기본_141,640"
17192960,ASUS Pro H610T/CSM D4 코잇 (벌크),"기본_142,990|120W 어댑터_175,520","기본_142,990|120W 어댑터_175,500","기본_142,990|120W 어댑터_175,470","기본_142,990|120W 어댑터_175,450","기본_143,000|120W 어댑터_175,450","기본_143,000|120W 어댑터_177,990"
13924289,ASUS ProArt B550-CREATOR STCOM,"329,000","329,000","329,000","329,000","329,000","329,000"
13746323,ASUS ProArt B550-CREATOR 대원씨티에스,"283,270","283,270","283,270","283,270","283,270","283,270"
14076707,ASUS ProArt B550-CREATOR 아이보라,"326,590","326,590","326,590","326,590","326,590","326,590"
16963727,ASUS ProArt B660-CREATOR D4 아이보라,"317,330","317,260","317,240","317,200","317,140","317,120"
16824314,ASUS ProArt B660-CREATOR D4 인텍앤컴퍼니,"316,100","316,100","316,100","316,100","316,100","316,100"
15746444,ASUS ProArt X570-CREATOR WIFI 대원씨티에스,"481,400","481,400","481,400","481,400","481,400","481,400"
16027673,ASUS ProArt X570-CREATOR WIFI 아이보라,"493,520","493,520","493,520","493,520","493,520","493,520"
11232495,ASUS ProArt Z490-CREATOR 10G 인텍앤컴퍼니,"290,910","290,910","290,910","290,910","290,910","290,910"
16711439,ASUS ProArt Z690-CREATOR WIFI 아이보라,"628,890","630,720","630,690","630,670","630,660","630,660"
16002800,ASUS ProArt Z690-CREATOR WIFI 인텍앤컴퍼니,"649,000","635,580","635,580","635,580","635,580","635,580"
6060171,ASUS ROG CROSSHAIR VII HERO STCOM,"706,470","706,470","706,470","706,470","706,470","706,470"
12701975,ASUS ROG CROSSHAIR VIII DARK HERO STCOM,"517,000","440,000","440,000","440,000","440,000","440,000"
12698210,ASUS ROG CROSSHAIR VIII DARK HERO 대원씨티에스,"375,340","391,000","400,340","400,300","400,430","400,260"
12719003,ASUS ROG CROSSHAIR VIII DARK HERO 아이보라,"393,300","393,300","393,300","393,300","397,880","397,860"
15215861,ASUS ROG CROSSHAIR VIII EXTREME 대원씨티에스,"1,021,480","1,011,980","1,011,940","1,011,920","1,011,900","1,011,880"
15021365,ASUS ROG CROSSHAIR VIII EXTREME 아이보라,"980,000","956,600","980,000","980,000","1,055,900","1,055,880"
8513403,ASUS ROG CROSSHAIR VIII FORMULA STCOM,"775,810","775,000","775,000","775,000","775,000","775,000"
8542328,ASUS ROG CROSSHAIR VIII FORMULA 대원씨티에스,"671,550","671,480","671,410","671,370","671,350","671,230"
8514591,ASUS ROG CROSSHAIR VIII HERO (Wi-Fi) STCOM,"1,177,850","1,177,850","1,177,850","1,177,850","1,177,850","1,177,850"
8515179,ASUS ROG CROSSHAIR VIII HERO (Wi-Fi) 아이보라,"548,760","532,900","573,870","573,850","573,830","573,810"
12689573,ASUS ROG CROSSHAIR VIII IMPACT STCOM,"479,000","479,000","498,990","498,990","498,990","498,990"
9739197,ASUS ROG CROSSHAIR VIII IMPACT 아이보라,"503,390","503,370","503,320","503,300","503,280","503,260"
7204693,ASUS ROG MAXIMUS XI APEX 아이보라,0,0,0,0,0,"555,500"
11231361,ASUS ROG MAXIMUS XII APEX STCOM,일시품절,0,0,0,0,0
11231382,ASUS ROG MAXIMUS XII EXTREME STCOM,0,0,0,0,0,"1,069,000"
11232531,ASUS ROG MAXIMUS XII EXTREME 인텍앤컴퍼니,0,0,0,0,0,"847,900"
11210139,ASUS ROG MAXIMUS XII FORMULA STCOM,"491,260","491,260","491,260","491,260","491,260","491,260"
11232516,ASUS ROG MAXIMUS XII FORMULA 인텍앤컴퍼니,"446,500","446,500","446,500","446,500","446,500","446,500"
11222715,ASUS ROG MAXIMUS XII FORMULA 코잇,"572,000","572,000","572,000","572,000","572,000","572,000"
11210148,ASUS ROG MAXIMUS XII HERO (Wi-Fi) STCOM,"497,550","497,550","497,550","497,550","497,550","497,550"
11224269,ASUS ROG MAXIMUS XII HERO (Wi-Fi) 인텍앤컴퍼니,"490,880","490,880","490,880","490,880","490,880","490,880"
13875599,ASUS ROG MAXIMUS XIII APEX 인텍앤컴퍼니,"331,000","331,000","331,000","331,000","331,000","331,000"
13933280,ASUS ROG MAXIMUS XIII EXTREME GLACIAL STCOM,"3,980,170","3,947,410","3,903,060","3,903,060","3,903,060","3,814,360"
13928168,ASUS ROG MAXIMUS XIII EXTREME GLACIAL 아이보라,"812,390","812,380","812,340","812,320","812,300","812,280"
13947872,ASUS ROG MAXIMUS XIII EXTREME GLACIAL 인텍앤컴퍼니,"652,500","652,500","652,500","652,500","652,500","652,500"
13980314,ASUS ROG MAXIMUS XIII EXTREME GLACIAL 코잇,"1,179,600","1,179,560","1,179,510","1,179,470","1,179,430","1,179,390"
13452389,ASUS ROG MAXIMUS XIII EXTREME STCOM,"1,323,080","1,323,080","1,323,080","1,323,080","1,323,080","1,323,080"
14111216,ASUS ROG MAXIMUS XIII EXTREME 인텍앤컴퍼니,0,"1,135,000","1,135,000","1,135,000","1,135,000","1,135,000"
13368140,ASUS ROG MAXIMUS XIII HERO STCOM,"397,500","397,500","397,500","397,500","397,500","397,500"
13354628,ASUS ROG MAXIMUS XIII HERO 인텍앤컴퍼니,"405,600","405,600","405,600","405,600","405,600","405,600"
13422713,ASUS ROG MAXIMUS XIII HERO 코잇,"436,530","436,530","436,530","436,530","436,530","436,530"
15617057,ASUS ROG MAXIMUS Z690 APEX 인텍앤컴퍼니,"688,490","688,490","688,490","719,090","657,900","688,490"
15673778,ASUS ROG MAXIMUS Z690 EXTREME GLACIAL 아이보라,"2,652,680","2,530,120","2,530,120","2,530,120","2,530,120","2,530,120"
16798469,ASUS ROG MAXIMUS Z690 EXTREME GLACIAL 인텍앤컴퍼니,"2,482,350","2,482,350","2,482,350","2,482,350","2,482,350","2,482,350"
16058795,ASUS ROG MAXIMUS Z690 EXTREME GLACIAL 코잇,"2,641,140","2,641,140","2,641,140","2,641,140","2,641,140","2,641,140"
15602513,ASUS ROG MAXIMUS Z690 EXTREME STCOM,"3,500,000","3,500,000","3,500,000","3,500,000","3,500,000","3,500,000"
15609305,ASUS ROG MAXIMUS Z690 EXTREME 아이보라,"3,500,000","3,500,000","3,500,000","3,500,000","3,500,000","3,500,000"
15647198,ASUS ROG MAXIMUS Z690 EXTREME 인텍앤컴퍼니,"1,490,000","1,490,000","1,490,000","1,490,000","1,490,000","1,490,000"
15608891,ASUS ROG MAXIMUS Z690 EXTREME 코잇,"3,500,000","3,500,000","3,500,000","3,500,000","3,500,000","3,500,000"
15603164,ASUS ROG MAXIMUS Z690 FORMULA STCOM,"1,090,000","1,090,000","1,090,000","1,090,000","1,090,000","1,090,000"
15610232,ASUS ROG MAXIMUS Z690 FORMULA 아이보라,"1,090,000","1,090,000","1,090,000","1,090,000","1,090,000","1,090,000"
15638834,ASUS ROG MAXIMUS Z690 FORMULA 인텍앤컴퍼니,"1,090,000","1,090,000","1,090,000","1,090,000","1,090,000","1,090,000"
15786821,ASUS ROG MAXIMUS Z690 FORMULA 코잇,"1,090,000","1,090,000","1,090,000","1,090,000","1,090,000","1,090,000"
15603704,ASUS ROG MAXIMUS Z690 HERO STCOM,"833,000","809,120","809,120","809,120","809,120","809,120"
15610274,ASUS ROG MAXIMUS Z690 HERO 아이보라,"825,100","825,100","825,100","825,100","825,100","825,100"
15616787,ASUS ROG MAXIMUS Z690 HERO 인텍앤컴퍼니,"799,000","799,000","799,000","799,000","799,000","799,000"
15608939,ASUS ROG MAXIMUS Z690 HERO 코잇,"968,000","968,000","968,000","968,000","968,000","957,000"
9929931,ASUS ROG RAMPAGE VI EXTREME ENCORE 아이보라,일시품절,일시품절,일시품절,일시품절,0,일시품절
12617309,ASUS ROG STRIX B450-F GAMING II 대원씨티에스,"142,480","142,480","142,480","142,480","142,480","142,480"
6353674,ASUS ROG STRIX B450-I GAMING 아이보라,"527,460",0,0,0,0,0
11398038,ASUS ROG STRIX B460-I GAMING 아이보라,"202,820","206,130","206,130","206,130","206,130","206,130"
12048893,ASUS ROG STRIX B550-A GAMING STCOM,"203,610","203,550","203,500","203,460","203,420","203,400"
11934316,ASUS ROG STRIX B550-A GAMING 대원씨티에스,"184,650","184,880","189,990","189,980","189,950","190,000"
11920711,ASUS ROG STRIX B550-A GAMING 아이보라,"187,790","187,790","187,790","187,790","187,790","189,000"
15359780,ASUS ROG STRIX B550-F GAMING WIFI II STCOM,"250,570","250,550","250,500","250,480","250,440","250,400"
15467126,ASUS ROG STRIX B550-F GAMING WIFI II 대원씨티에스,"214,320","214,320","214,320","214,320","214,320","217,440"
15381398,ASUS ROG STRIX B550-F GAMING WIFI II 아이보라,"216,660","216,630","220,480","220,480","220,480","220,860"
11725601,ASUS ROG STRIX B550-I GAMING STCOM,"298,810","298,990","298,990","298,990","298,990","298,990"
12130349,ASUS ROG STRIX B550-I GAMING 대원씨티에스,"284,430","284,390","284,360","284,340","284,320","284,300"
11824639,ASUS ROG STRIX B550-I GAMING 아이보라,"282,010","282,010","282,010","282,010","282,010","282,010"
12702185,ASUS ROG STRIX B550-XE GAMING WIFI STCOM,"339,200","339,160","339,090","339,050","339,010","338,950"
12942161,ASUS ROG STRIX B550-XE GAMING WIFI 대원씨티에스,"296,390","296,390","296,390","296,390","296,390","296,390"
12719033,ASUS ROG STRIX B550-XE GAMING WIFI 아이보라,"284,990","284,990","284,990","284,990","284,990","284,990"
13924805,ASUS ROG STRIX B560-A GAMING WIFI STCOM,"169,960","169,950","169,910","169,870","169,850","169,830"
13934306,ASUS ROG STRIX B560-A GAMING WIFI 아이보라,"171,590","171,560","171,520","171,480","171,460","171,440"
13933445,ASUS ROG STRIX B560-A GAMING WIFI 코잇,"204,440","204,440","204,440","204,440","204,440","204,440"
14219717,ASUS ROG STRIX B560-E GAMING WIFI 아이보라,"205,200","205,180","205,150","205,110","205,090","205,050"
14533337,ASUS ROG STRIX B560-E GAMING WIFI 코잇,"207,510","207,510","207,510","207,510","207,510","207,510"
14191463,ASUS ROG STRIX B560-F GAMING WIFI 아이보라,"172,270","172,270","172,270","172,270","172,270","172,270"
14177450,ASUS ROG STRIX B560-F GAMING WIFI 인텍앤컴퍼니,"171,390","171,390","171,390","171,390","171,390","171,390"
13658867,ASUS ROG STRIX B560-F GAMING WIFI 코잇,"241,840","241,840","241,840","241,840","241,840","241,840"
13598225,ASUS ROG STRIX B560-G GAMING WIFI STCOM,"148,670","148,660","148,620","148,580","148,540","148,520"
13696994,ASUS ROG STRIX B560-I GAMING WIFI 아이보라,"245,950","245,950",0,"245,950","245,950","245,950"
13948001,ASUS ROG STRIX B560-I GAMING WIFI 인텍앤컴퍼니,"239,000","239,000","239,000","239,000","239,000","239,000"
13933502,ASUS ROG STRIX B560-I GAMING WIFI 코잇,"230,300","230,300","230,300","230,300","230,300","230,300"
17233073,ASUS ROG STRIX B660-A GAMING WIFI + FURY DDR5-5200 CL40 Beast 인텍앤컴퍼니,일시품절,일시품절,일시품절,일시품절,일시품절,일시품절
16103129,ASUS ROG STRIX B660-A GAMING WIFI D4 STCOM,"324,000","328,000","312,000","312,000","327,900","327,900"
16103303,ASUS ROG STRIX B660-A GAMING WIFI D4 아이보라,"299,000","299,000","299,000","299,000","299,000","299,000"
16087814,ASUS ROG STRIX B660-A GAMING WIFI D4 인텍앤컴퍼니,"309,000","309,000","309,000","309,000","309,000","309,000"
16099739,ASUS ROG STRIX B660-A GAMING WIFI D4 코잇,"290,770","287,400","287,400","287,400","287,400","287,400"
17172500,ASUS ROG STRIX B660-A GAMING WIFI 아이보라,"306,040","306,000","305,970","305,950","305,930","305,910"
16426892,ASUS ROG STRIX B660-A GAMING WIFI 인텍앤컴퍼니,"300,200","300,200","300,200","300,200","300,200","300,200"
16455641,ASUS ROG STRIX B660-A GAMING WIFI 코잇,"308,880","308,880","308,880","308,880","308,880","308,880"
16103126,ASUS ROG STRIX B660-F GAMING WIFI STCOM,"327,990","363,870","366,890","366,860","366,820","366,780"
16103306,ASUS ROG STRIX B660-F GAMING WIFI 아이보라,"318,000","318,000","318,000","318,000","318,000","318,000"
16087445,ASUS ROG STRIX B660-F GAMING WIFI 인텍앤컴퍼니,"339,000","325,940","325,910","325,890","325,870","339,000"
16099766,ASUS ROG STRIX B660-F GAMING WIFI 코잇,"304,000","304,000","304,000","304,000","304,000","328,000"
16103114,ASUS ROG STRIX B660-G GAMING WIFI STCOM,"293,000","293,000","293,000","293,000","293,000","293,000"
16103309,ASUS ROG STRIX B660-G GAMING WIFI 아이보라,"286,000","286,000","286,000","286,000","286,000","286,000"
16087319,ASUS ROG STRIX B660-G GAMING WIFI 인텍앤컴퍼니,"281,950","288,510","288,460","288,440","288,420","292,000"
16099826,ASUS ROG STRIX B660-G GAMING WIFI 코잇,"283,300","283,300","283,300","283,300","283,300","283,300"
16103111,ASUS ROG STRIX B660-I GAMING WIFI STCOM,"285,000","285,000","285,000","285,000","285,000","285,000"
16103312,ASUS ROG STRIX B660-I GAMING WIFI 아이보라,일시품절,일시품절,일시품절,일시품절,일시품절,일시품절
16086878,ASUS ROG STRIX B660-I GAMING WIFI 인텍앤컴퍼니,"458,000","457,990","457,980","457,970","457,960","457,950"
16099889,ASUS ROG STRIX B660-I GAMING WIFI 코잇,"272,380","272,380","272,380","272,380","272,380","272,380"
6023687,ASUS ROG STRIX H370-F GAMING STCOM,"424,080","424,080","424,080","424,080","424,080","424,080"
11396985,ASUS ROG STRIX H470-I GAMING 코잇,"235,000","235,000","235,000","235,000","235,000","235,000"
12689624,ASUS ROG STRIX TRX40-XE GAMING STCOM,일시품절,일시품절,일시품절,일시품절,일시품절,0
12942290,ASUS ROG STRIX TRX40-XE GAMING 대원씨티에스,"1,272,170","1,272,170","1,272,170","1,272,170",일시품절,일시품절
8517171,ASUS ROG STRIX X570-E GAMING STCOM,"528,990","528,990","528,990","528,990","528,990","528,990"
15359960,ASUS ROG STRIX X570-E GAMING WIFI II STCOM,"511,000","511,000","511,000","511,000","511,000","511,000"
15467201,ASUS ROG STRIX X570-E GAMING WIFI II 대원씨티에스,"512,000","433,220","433,220","433,220","433,220","433,220"
15381461,ASUS ROG STRIX X570-E GAMING WIFI II 아이보라,"486,780","507,890","486,710","486,690","486,670","486,650"
8556440,ASUS ROG STRIX X570-E GAMING 대원씨티에스,"401,060","401,030","400,990","400,970","400,950","400,930"
8517573,ASUS ROG STRIX X570-E GAMING 아이보라,"436,800","436,800","436,800","436,800","436,800","436,800"
8517447,ASUS ROG STRIX X570-F GAMING STCOM,"322,890","322,890","322,890","322,890","322,890","322,890"
8542250,ASUS ROG STRIX X570-F GAMING 대원씨티에스,"336,140","322,180","322,180","322,180","322,180","322,180"
8517627,ASUS ROG STRIX X570-F GAMING 아이보라,"319,780","324,200","324,220","324,220","324,220","334,430"
9591549,ASUS ROG STRIX X570-I GAMING 아이보라,"432,600","425,790","425,760","425,740","425,720","425,680"
11210109,ASUS ROG STRIX Z490-A GAMING STCOM,0,일시품절,0,0,0,일시품절
11210124,ASUS ROG STRIX Z490-G GAMING (Wi-Fi) STCOM,"345,000","345,000","345,000","345,000","345,000","345,000"
11210115,ASUS ROG STRIX Z490-I GAMING STCOM,"297,760","297,760","297,760","297,760","297,760","297,760"
11222694,ASUS ROG STRIX Z490-I GAMING 코잇,"362,180","362,180","362,180","362,180","362,180","362,180"
13281752,ASUS ROG STRIX Z590-A GAMING WiFi STCOM,"332,490","332,490","332,490","332,490","332,490","332,490"
13363700,ASUS ROG STRIX Z590-E GAMING WIFI STCOM,"563,000",0,0,0,0,0
13355396,ASUS ROG STRIX Z590-E GAMING WIFI 인텍앤컴퍼니,"380,000","380,000","389,900","389,900","389,900","389,900"
13355441,ASUS ROG STRIX Z590-F GAMING WIFI 인텍앤컴퍼니,"421,200","421,200","421,200","421,200","421,200","421,200"
13408043,ASUS ROG STRIX Z590-I GAMING WIFI STCOM,"434,500","434,500","434,500","434,500","434,500","434,500"
13358747,ASUS ROG STRIX Z590-I GAMING WIFI 인텍앤컴퍼니,"321,410","321,410","321,410","321,410","321,410","321,410"
13422815,ASUS ROG STRIX Z590-I GAMING WIFI 코잇,"359,590","359,570","359,520","359,480","359,460","359,440"
15604190,ASUS ROG STRIX Z690-A GAMING WIFI D4 코잇,"489,300","478,330","483,500","496,050","496,060","489,370"
15600476,ASUS ROG STRIX Z690-E GAMING WIFI STCOM,"662,480","662,480","662,480","662,480","662,480","662,480"
15610361,ASUS ROG STRIX Z690-E GAMING WIFI 아이보라,"645,670","645,650","645,610","645,590","645,570","645,530"
15638972,ASUS ROG STRIX Z690-E GAMING WIFI 인텍앤컴퍼니,"608,640","621,280","631,180","631,170","631,170","631,170"
15609011,ASUS ROG STRIX Z690-E GAMING WIFI 코잇,"668,360","668,360","668,360","668,360","668,360","668,360"
15601019,ASUS ROG STRIX Z690-F GAMING WIFI STCOM,"431,600","431,600","431,600","431,600","431,600","431,600"
15610379,ASUS ROG STRIX Z690-F GAMING WIFI 아이보라,"448,720","448,720","444,380","444,380","444,380","444,380"
15616676,ASUS ROG STRIX Z690-F GAMING WIFI 인텍앤컴퍼니,"549,000","549,000","549,000","549,000","549,000","549,000"
15707498,ASUS ROG STRIX Z690-F GAMING WIFI 코잇,"549,000","549,000","549,000","549,000","549,000","549,000"
15601214,ASUS ROG STRIX Z690-G GAMING WIFI STCOM,"377,520","377,520","377,520","377,520","377,520","377,520"
15610439,ASUS ROG STRIX Z690-G GAMING WIFI 아이보라,"467,260","467,220","467,200","467,180","467,160","467,140"
15638999,ASUS ROG STRIX Z690-G GAMING WIFI 인텍앤컴퍼니,"389,000","389,000","389,000","389,000","389,000","389,000"
15609059,ASUS ROG STRIX Z690-G GAMING WIFI 코잇,"498,360","498,360","498,360","498,360","498,360","498,360"
15601616,ASUS ROG STRIX Z690-I GAMING WIFI STCOM,"516,010","516,010","516,010","516,010","516,010","518,960"
15610484,ASUS ROG STRIX Z690-I GAMING WIFI 아이보라,"511,150","511,150","511,150","511,150","511,150","511,150"
15616700,ASUS ROG STRIX Z690-I GAMING WIFI 인텍앤컴퍼니,"639,000","639,000","639,000","639,000","639,000","639,000"
15868166,ASUS ROG STRIX Z690-I GAMING WIFI 코잇,"615,400","615,400","615,400","615,400","615,400","615,400"
7128832,ASUS ROG ZENITH EXTREME ALPHA STCOM,"875,000","875,000","875,000","875,000","875,000","875,000"
12761789,ASUS ROG ZENITH EXTREME ALPHA 대원씨티에스,"748,700","748,700","748,700","748,700","748,700","748,700"
7324228,ASUS ROG ZENITH EXTREME STCOM,"977,000",0,0,0,0,0
9999324,ASUS ROG ZENITH II EXTREME STCOM,"2,371,030","2,371,030","2,371,030","2,371,030","2,371,030","2,371,030"
8035732,ASUS TUF B450-PRO GAMING STCOM,"207,000","207,000","207,000","207,000","207,000","207,000"
10526130,ASUS TUF B450M-PLUS GAMING 대원씨티에스,"111,270","111,270","114,890","114,890","114,890","114,890"
7741678,ASUS TUF B450M-PRO GAMING STCOM,"189,990","189,990","189,990","189,990","189,990","189,990"
12060134,ASUS TUF Gaming A520M-PLUS STCOM,"101,850","108,000","108,850","108,850","108,860","104,506"
12069485,ASUS TUF Gaming A520M-PLUS 대원씨티에스,"125,000","125,000","125,000","125,000","125,000",0
12676097,ASUS TUF Gaming B450-PLUS II 대원씨티에스,0,0,일시품절,일시품절,0,0
12617759,ASUS TUF Gaming B450M-PLUS II 대원씨티에스,"102,900","102,900","102,900","102,900","104,770","105,300"
12629378,ASUS TUF Gaming B450M-PRO II STCOM,"160,900","160,900","160,900","160,900","160,900","160,900"
11814517,ASUS TUF Gaming B450M-PRO S STCOM,일시품절,일시품절,일시품절,일시품절,일시품절,일시품절
11370648,ASUS TUF Gaming B460-PRO (WI-FI) STCOM,"211,600","211,600","211,600",0,0,0
11370792,ASUS TUF Gaming B460M-PLUS STCOM,"130,990","130,990","130,990","130,990","130,990","127,500"
12113681,ASUS TUF Gaming B550-PLUS (Wi-Fi) STCOM,"219,000","219,000","219,000","219,000","219,000","219,000"
12140450,ASUS TUF Gaming B550-PLUS (Wi-Fi) 대원씨티에스,"229,990","229,990","229,990","229,990","229,990","229,990"
11571272,ASUS TUF Gaming B550-PLUS STCOM,"175,770","175,770","175,770","186,480","186,480","186,480"
15755711,ASUS TUF Gaming B550-PLUS WiFi II 대원씨티에스,"170,950","169,990","175,130","175,110","175,090","175,160"
16169024,ASUS TUF Gaming B550-PLUS WiFi II 아이보라,"174,150","174,140","172,130","172,130","172,130","172,130"
11574341,ASUS TUF Gaming B550-PLUS 대원씨티에스,"162,000","162,000","167,880","167,890","167,900","171,990"
11583224,ASUS TUF Gaming B550-PLUS 아이보라,"158,930","156,510","165,000","165,000","165,000","162,190"
13240724,ASUS TUF Gaming B550-PRO STCOM,"223,740","226,000","237,020","237,020","237,020","237,020"
13191455,ASUS TUF Gaming B550-PRO 대원씨티에스,"171,050","170,000","180,300","180,290","181,200","181,270"
13268105,ASUS TUF Gaming B550-PRO 아이보라,"172,920","174,630","172,930","172,930","172,930","172,930"
11571440,ASUS TUF Gaming B550M-PLUS (Wi-Fi) STCOM,"194,990","194,990","194,990","195,000","195,000","195,000"
11571368,ASUS TUF Gaming B550M-PLUS STCOM,"156,990","156,990","156,900","156,900","156,900","156,900"
11583245,ASUS TUF Gaming B550M-PLUS 아이보라,"160,990","159,150","159,150","159,150","159,150","159,150"
14379497,ASUS TUF Gaming B560-PLUS WIFI 인텍앤컴퍼니,0,0,0,"187,000","187,000","187,000"
14493074,ASUS TUF Gaming B560M-E 인텍앤컴퍼니,"139,790","139,770","139,740","139,720","139,700","139,680"
13531097,ASUS TUF Gaming B560M-PLUS 인텍앤컴퍼니,"129,960","129,960","129,960","129,960","129,960","129,960"
16103087,ASUS TUF Gaming B660-PLUS WIFI D4 STCOM,"275,000","274,990","274,900","274,900","274,900","274,900"
16126313,ASUS TUF Gaming B660-PLUS WIFI D4 아이보라,"255,580","255,580","257,660","257,660","257,660","257,660"
16103324,ASUS TUF Gaming B660-PLUS WIFI D4 인텍앤컴퍼니,"240,760","268,470","268,470","268,470","268,470","268,470"
16125881,ASUS TUF Gaming B660-PLUS WIFI D4 코잇,"251,380","247,090","248,590","248,590","248,590","246,490"
16103105,ASUS TUF Gaming B660M-E D4 STCOM,"176,250","176,200","176,140","176,100","176,040","176,020"
16085327,ASUS TUF Gaming B660M-E D4 인텍앤컴퍼니,"185,790","185,770","185,720","185,700","185,680","185,660"
16099913,ASUS TUF Gaming B660M-E D4 코잇,"184,150","180,000","180,000","180,000","180,000","180,000"
16103102,ASUS TUF Gaming B660M-PLUS D4 STCOM,"220,950","220,900","207,500","207,500","220,990","220,960"
16103318,ASUS TUF Gaming B660M-PLUS D4 아이보라,"214,240","211,610","211,570","211,530","211,490","211,470"
16085480,ASUS TUF Gaming B660M-PLUS D4 인텍앤컴퍼니,"229,000","229,000","228,360","228,360","228,360","228,360"
16100000,ASUS TUF Gaming B660M-PLUS D4 코잇,"213,860","211,450","209,000","209,000","209,000","209,000"
16102988,ASUS TUF Gaming B660M-PLUS WIFI D4 STCOM,"247,270","247,220","247,180","247,140","247,080","247,040"
16239092,ASUS TUF Gaming B660M-PLUS WIFI D4 아이보라,"233,210","231,860","231,810","231,770","231,710","231,690"
16085666,ASUS TUF Gaming B660M-PLUS WIFI D4 인텍앤컴퍼니,"237,920","237,920","219,000","219,000","219,000","219,000"
16278929,ASUS TUF Gaming B660M-PLUS WIFI D4 코잇,"235,220","235,150","235,130","235,090","235,050","235,030"
11370177,ASUS TUF Gaming H470-PRO STCOM,"202,000","202,000","202,000","202,000",0,"202,000"
13763201,ASUS TUF Gaming H570-PRO WIFI 인텍앤컴퍼니,"220,480","220,480","220,480","220,480","220,480","220,480"
13763021,ASUS TUF Gaming H570-PRO 인텍앤컴퍼니,"181,850","181,850","179,500","179,480","179,460","179,440"
16085843,ASUS TUF Gaming H670-PRO WIFI D4 인텍앤컴퍼니,"303,360","309,890","309,890","309,890","309,890","260,000"
16100036,ASUS TUF Gaming H670-PRO WIFI D4 코잇,"307,200","307,200","307,200","307,200","307,200","307,200"
8516985,ASUS TUF Gaming X570-PLUS STCOM,"274,290","274,260","274,240","274,220","274,200","274,180"
8542178,ASUS TUF Gaming X570-PLUS 대원씨티에스,"272,720","293,970","293,920","293,900","293,880","293,860"
8517531,ASUS TUF Gaming X570-PLUS 아이보라,"268,190","269,140","272,790","272,790","272,790","273,500"
12481742,ASUS TUF Gaming X570-PRO (Wi-Fi) STCOM,"356,980","356,980","356,980","356,980","356,980","356,980"
12617363,ASUS TUF Gaming X570-PRO (Wi-Fi) 대원씨티에스,"301,000","301,000","301,000","301,000","301,000","301,000"
12424514,ASUS TUF Gaming X570-PRO (Wi-Fi) 아이보라,0,0,0,0,0,"313,960"
15785912,ASUS TUF Gaming X570-PRO WiFi II STCOM,"332,000","332,000","332,000","332,000","332,000","332,000"
16401470,ASUS TUF Gaming X570-PRO WiFi II 대원씨티에스,"322,180","315,970","315,940","315,910","315,940","315,960"
15577538,ASUS TUF Gaming X570-PRO WiFi II 아이보라,"310,960","310,940","310,910","310,870","310,850","310,810"
11222739,ASUS TUF Gaming Z490-PLUS (Wi-Fi) 코잇,0,0,일시품절,일시품절,일시품절,일시품절
11222736,ASUS TUF Gaming Z490-PLUS 코잇,"250,000","250,000","250,000","250,000","250,000","250,000"
17205425,ASUS TUF Gaming Z590-PLUS WIFI 아이보라,"216,320","216,320","219,740","219,740","219,730","219,730"
13354835,ASUS TUF Gaming Z590-PLUS WIFI 인텍앤컴퍼니,"290,000","290,000","290,000","290,000","290,000","290,000"
13587644,ASUS TUF Gaming Z590-PLUS 인텍앤컴퍼니,"205,000","273,000","273,000","273,000","273,000","273,000"
17233022,ASUS TUF Gaming Z690-PLUS + FURY DDR5-5200 CL40 Beast 인텍앤컴퍼니,일시품절,일시품절,일시품절,일시품절,일시품절,일시품절
15612338,ASUS TUF Gaming Z690-PLUS D4 인텍앤컴퍼니,"299,520","295,800","294,980","294,970","294,970","299,520"
17233058,ASUS TUF Gaming Z690-PLUS WIFI + FURY DDR5-5200 CL40 Beast 인텍앤컴퍼니,"621,400","621,400","621,400","621,400","621,400","621,400"
15612413,ASUS TUF Gaming Z690-PLUS WIFI D4 인텍앤컴퍼니,"359,000","359,000","359,000","359,000","359,000","359,000"
17160107,ASUS TUF Gaming Z690-PLUS WIFI 아이보라,"357,320","360,100","357,320","360,100","360,090","360,090"
16425494,ASUS TUF Gaming Z690-PLUS WIFI 인텍앤컴퍼니,"369,990","369,990","369,990","358,000","369,990","369,990"
17160728,ASUS TUF Gaming Z690-PLUS 아이보라,"336,740","336,710","344,000","344,000","344,000","344,000"
16425410,ASUS TUF Gaming Z690-PLUS 인텍앤컴퍼니,"331,160","331,130","331,100","331,080","331,060","331,040"
5375010,ASUS TUF X299 MARK1 STCOM,"1,016,700",0,0,0,0,0
16533923,ASUS Tinker 2 Fanless Aluminum Case,"63,520","63,520","63,520","63,520","63,520","63,520"
11743040,ASUS Tinker Edge R,"344,000","344,000","344,000","344,000","344,000","344,000"
11032305,ASUS Tinker Edge T,"275,000","275,000","275,000","275,000","275,000","275,000"
10641108,ASUS Tinker Fanless Aluminum Case,"33,000","33,000","33,000","33,000","33,000","33,000"
13613522,ASUS Tinker board 2,"116,280","116,280","116,280","116,280","116,280","116,280"
13695704,ASUS Tinker board 2S,"154,700","154,700","154,700","154,700","154,700","154,700"
16095911,ASUS Tinker board 2S/4G,"189,000","189,000","189,000","189,000","189,000","189,000"
16095512,ASUS Tinker board R2.0,"128,990","128,990","128,990","128,990","128,990","128,990"
15786107,ASUS Tinker board S R2.0,"159,740","159,740","159,740","159,740","159,740","159,740"
6731779,ASUS WS C246 PRO 아이보라,"326,030","322,340","322,340","322,340","322,340",0
5973277,ASUS WS C621E SAGE 아이보라,"867,710","849,560","849,560","849,560","849,560","849,560"
14872940,ASUS WS C621E SAGE 인텍앤컴퍼니,"895,000","895,000","895,000","895,000","895,000","895,000"
5857695,ASUS WS X299 PRO STCOM,"590,990","590,990","590,990","629,010","628,990","628,970"
5857728,ASUS WS X299 PRO/SE STCOM,0,"756,000","887,760","887,760",0,"887,760"
5857774,ASUS WS X299 SAGE STCOM,"906,480","906,480","906,480","906,480","906,480","906,480"
5896041,ASUS WS X299 SAGE 아이보라,"863,320","863,310","863,270","863,250","863,230","863,210"
14873048,ASUS WS X299 SAGE 인텍앤컴퍼니,0,0,0,0,0,"865,000"
6540358,ASUS WS X299 SAGE/10G 아이보라,"1,092,780","1,095,990","1,095,990","1,095,990","1,095,990","1,096,000"
5864802,ASUS Z11PA-U12 아이보라,"684,320","679,990","679,980","679,950","679,930","679,890"
5864888,ASUS Z11PA-U12/10G-2S 아이보라,"828,500","719,000","719,000","719,000","719,000","719,000"
5064931,BIOSTAR A320MH PRO 이엠텍,"40,000","40,000","40,000","40,000","40,000","40,000"
6122300,BIOSTAR A320MH 이엠텍,"54,020","54,020","54,020","54,020","54,020","54,020"
12074945,BIOSTAR A520MH 이엠텍,"75,000","75,000","75,000","75,000","75,000","75,000"
6020745,BIOSTAR B360MHD PRO 이엠텍,"465,000",0,0,0,0,0
6706111,BIOSTAR B450MH 이엠텍,"70,000","70,000","70,000","70,000","70,000","70,000"
7138990,BIOSTAR B45M2 이엠텍,"70,830",0,0,0,"70,830","70,830"
13212992,BIOSTAR B550M SILVER 이엠텍,"139,000","139,000","138,960","138,920","139,000","139,000"
12065594,BIOSTAR B550MH 이엠텍,"99,000","95,680","95,680","95,680","95,680","95,680"
17025563,BIOSTAR B660MX-E PRO D4 이엠텍,"128,980","129,000","128,940","128,940","129,000","129,000"
14973992,BIOSTAR H510MH 2.0 이엠텍,"82,000","82,000","82,000","82,000","82,000","82,000"
13822283,BIOSTAR H510MH/E 2.0 이엠텍,"79,460","79,440","79,390","79,370","79,350","79,330"
13822412,BIOSTAR H510MX/E 2.0 이엠텍,"81,700","81,700","81,700","81,700","81,700","81,700"
16301447,BIOSTAR H610MH D4 이엠텍,"92,160","92,120","92,090","92,070","92,050","92,030"
16301444,BIOSTAR H610MX-E D4 이엠텍,"103,290","103,270","103,240","103,200","103,180","103,160"
5141012,BIOSTAR RACING B350GT5 VIVID LED 이엠텍,0,0,0,"99,000","99,000",0
4946574,BIOSTAR RACING B350GT5 이엠텍,"93,060","93,060","93,060","93,060","93,060","93,060"
9553977,BIOSTAR RACING B450GT3 이엠텍,"93,400","93,400","93,400","93,400","93,400","93,400"
11691983,BIOSTAR RACING B550GTQ 이엠텍,"155,000","155,000","155,000","155,000","155,000","155,000"
13645175,BIOSTAR RACING B560GTQ 이엠텍,"151,920","151,910","151,870","151,850","151,830","151,810"
16301450,BIOSTAR RACING B660GTQ D4 이엠텍,"185,000","184,980","184,930","184,890","184,870","184,830"
4946644,BIOSTAR RACING X370GT5 이엠텍,"114,290","118,780","121,000","121,000","121,000","121,000"
11233074,BIOSTAR RACING Z490GTA EVO 이엠텍,"201,760","201,760","201,760","201,760","201,760","201,760"
11333949,BIOSTAR RACING Z490GTN 이엠텍,"185,960","185,950","185,910","185,870","185,850","185,830"
13662614,BIOSTAR RACING Z590GTA 이엠텍,"270,700","270,990","270,990","270,990","270,990","270,990"
15618617,BIOSTAR RACING Z690GTA D4 이엠텍,"312,580","312,540","312,490","312,470","312,450","312,430"
13644830,BIOSTAR Z590 VALKYRIE 이엠텍,"331,420","327,770","324,130","350,010","350,010","350,010"
6622063,COLORFUL A320M-K PRO YV14 STCOM,"104,620","104,620","104,620","104,620","104,620",0
6622201,COLORFUL AB350M-K PRO V14 STCOM,0,0,0,0,0,"135,010"
13066529,COLORFUL BATTLE-AX A520M-M.2 PRO V14 STCOM,"79,300","79,300","79,300","79,300","79,300","79,300"
10064217,COLORFUL BATTLE-AX B450M-G DELUXE V14 STCOM,"68,640","68,640","68,640","68,640","68,640","68,640"
14894924,COLORFUL BATTLE-AX B560M-D PRO V20 STCOM,"99,320","99,320","99,320","99,320","99,320","99,320"
16625771,COLORFUL BATTLE-AX B660M-HD DELUXE V20 D4 STCOM,"119,920","119,880","119,830","119,790","119,770","119,750"
11369613,COLORFUL BATTLE-AX Z490M-PLUS V20 STCOM,"95,390","95,370","95,330","95,300","95,280","95,250"
11877574,COLORFUL CVN B460M GAMING PRO V20 STCOM,"110,140","110,140","110,140","110,140","110,140","110,000"
12120113,COLORFUL CVN B550M GAMING PRO V14 STCOM,"126,000","126,000","126,000","126,000","126,000","126,000"
11369259,COLORFUL CVN Z490 GAMING PRO V20 STCOM,"110,910","110,910","110,910","110,910","110,910","110,910"
7129243,COLORFUL H310M-E PRO V20 STCOM,"52,830","52,800","52,780","52,760","52,740","52,720"
10525329,ECS DURATHON2 GLKD-I-J4005 코잇 (벌크),"기본_100,530|65W 어댑터_112,100","기본_100,510|65W 어댑터_112,080","기본_100,480|65W 어댑터_112,050","기본_100,460|65W 어댑터_112,030","기본_100,440|65W 어댑터_112,010","기본_100,420|65W 어댑터_111,990"
12745706,ECS DURATHON2 GLKD-I-J4025 코잇,"65W 어댑터_130,460","65W 어댑터_130,460","65W 어댑터_131,840","65W 어댑터_130,460","65W 어댑터_130,460","65W 어댑터_130,460"
12840617,ECS DURATHON2 GLKD-I-J4025 코잇 (벌크),"기본_103,490|65W 어댑터_116,690","기본_103,470|65W 어댑터_116,670","기본_103,440|65W 어댑터_116,640","기본_103,420|65W 어댑터_116,620","기본_103,400|65W 어댑터_116,600","기본_103,380|65W 어댑터_116,580"
16313690,ECS DURATHON2 GLKD-I-N4020 코잇 (벌크),"기본_97,990|65W 어댑터_107,990","기본_97,990|65W 어댑터_107,990","기본_97,990|65W 어댑터_107,990","기본_97,990|65W 어댑터_107,990","기본_97,990|65W 어댑터_107,990","기본_97,990|65W 어댑터_107,990"
15826865,ECS DURATHON2 GLKD-I-N4120 V1.1 코잇,"기본_116,400|65W 어댑터_129,190","기본_116,400|65W 어댑터_129,180","기본_116,400|65W 어댑터_129,150","기본_116,400|65W 어댑터_129,130","기본_116,400|65W 어댑터_129,110","기본_116,400|65W 어댑터_129,070"
6675772,ECS DURATHON2 H310CH5-M2 코잇,"71,840","71,840","71,840","71,840","71,840","71,840"
14694956,ECS DURATHON2 H410H6-M7 V1.1 코잇,"75,920","75,920","75,920","75,920","75,920","75,920"
14695055,ECS DURATHON2 H410H6-M7 V2.1 코잇,"72,220","72,220","72,220","72,220","72,220","72,220"
17395088,ECS DURATHON2 H610H7-M2 코잇,"94,100","94,050","94,020","93,980","93,960","93,940"
17395340,ECS DURATHON2 H610H7-M2 코잇 (벌크),"94,100","94,060","94,030","94,010","93,990","93,970"
17785853,ECS H110M4-C33 (벌크),0,0,0,0,0,"23,910"
12500273,ECS H410H6-TI2 코잇,"115,180","115,180","115,180","115,180","115,180","115,180"
12500279,ECS H410H6-TI2 코잇 (120W 어댑터),"147,780","147,750","147,730","147,710","147,690","147,650"
15377396,EVGA Z590 FTW WiFi 이엠텍,일시품절,일시품절,일시품절,일시품절,일시품절,일시품절
12767324,GIGABYTE A320M-H 듀러블에디션 제이씨현 (벌크),"47,240","47,100","51,770","51,770","51,770","52,000"
6500307,GIGABYTE A320M-H 듀러블에디션 피씨디렉트,"69,300","69,300","69,300","69,300","69,300","69,300"
16479503,GIGABYTE A320M-S2H V2 듀러블에디션 피씨디렉트,"57,080","57,080","57,080","57,080","57,080","57,080"
12211325,GIGABYTE A520 AORUS ELITE 제이씨현,"129,990","129,990","129,990","129,990","129,990","129,990"
14147171,GIGABYTE A520 AORUS ELITE 피씨디렉트,"129,000","129,000","129,000","129,000","129,000","129,000"
12136250,GIGABYTE A520I AC 듀러블에디션 제이씨현,일시품절,일시품절,일시품절,일시품절,일시품절,일시품절
12076919,GIGABYTE A520M AORUS ELITE 제이씨현,"106,990","106,990","106,990","106,990","106,990","106,990"
12083705,GIGABYTE A520M AORUS ELITE 피씨디렉트,"109,000","109,000","109,000","109,000","109,000","109,000"
12077012,GIGABYTE A520M DS3H 듀러블에디션 제이씨현,"142,870","135,080","135,080","135,080","135,080","135,080"
12083735,GIGABYTE A520M DS3H 듀러블에디션 피씨디렉트,"123,490","123,490","123,490","123,490","123,490","123,490"
17529227,GIGABYTE A520M H 듀러블에디션 (벌크),일시품절,일시품절,일시품절,일시품절,일시품절,일시품절
12077126,GIGABYTE A520M H 듀러블에디션 제이씨현,"79,000","79,000","79,000","79,000","79,000","79,000"
12083807,GIGABYTE A520M H 듀러블에디션 피씨디렉트,0,0,0,0,"82,000",0
12077093,GIGABYTE A520M S2H 듀러블에디션 제이씨현,"81,000","81,000","81,000","81,000","81,000","81,000"
12083765,GIGABYTE A520M S2H 듀러블에디션 피씨디렉트,"73,300","73,900","73,900","73,900","73,900","80,000"
14147273,GIGABYTE B450 AORUS ELITE V2 제이씨현,0,0,0,0,"181,300","181,300"
6399970,GIGABYTE B450 AORUS ELITE 제이씨현,"117,000","117,000","117,000","117,000","117,000","117,000"
6445735,GIGABYTE B450 AORUS ELITE 피씨디렉트,"169,200","169,200","169,200","169,200","169,200","169,200"
6349621,GIGABYTE B450 AORUS M 제이씨현,"142,000","142,000","142,000","142,000","142,000","142,000"
6639577,GIGABYTE B450 AORUS PRO 피씨디렉트,"141,310","141,270","141,240","141,220","141,200","141,180"
7878274,GIGABYTE B450 GAMING X 게이밍에디션 제이씨현,"106,000","106,000","106,000","106,000","106,000","106,000"
10162080,GIGABYTE B450M AORUS ELITE 제이씨현,"95,300","98,490","95,340","95,320","95,300","98,490"
10140399,GIGABYTE B450M AORUS ELITE 피씨디렉트,"89,850","91,490","101,630","108,310","108,290","108,270"
13240664,GIGABYTE B450M DS3H V2 듀러블에디션 제이씨현,"95,000","95,000","95,000","95,000","95,000","95,000"
6383091,GIGABYTE B450M DS3H 듀러블에디션 제이씨현,"130,500","130,500","130,500","130,500","130,500","130,500"
6449535,GIGABYTE B450M DS3H 듀러블에디션 피씨디렉트,"97,000","97,000","97,000","97,000","97,000","97,000"
6544861,GIGABYTE B450M GAMING 게이밍에디션 제이씨현,"75,460","75,460","75,460","75,460","75,460","75,460"
11394771,GIGABYTE B460 AORUS PRO AC 제이씨현,"220,000","220,000","220,000","220,000","220,000","220,000"
11405688,GIGABYTE B460 AORUS PRO AC 피씨디렉트,"217,930","217,930","217,930","217,930","217,930","217,930"
11572877,GIGABYTE B460M AORUS ELITE 피씨디렉트,"114,770","114,770","114,770","114,770","114,770","114,770"
11405793,GIGABYTE B460M D3H 듀러블에디션 피씨디렉트,"149,990","149,990","149,990","149,990","149,990",0
12243257,GIGABYTE B550 AORUS ELITE V2 피씨디렉트,"169,060","169,000","168,970","168,950","168,930","168,900"
11606894,GIGABYTE B550 AORUS ELITE 제이씨현,"189,990","189,990","189,990","189,990","189,990","189,990"
11574242,GIGABYTE B550 AORUS ELITE 피씨디렉트,"177,990","177,990","177,990","177,990","177,990","177,990"
11606864,GIGABYTE B550 AORUS MASTER 제이씨현,"439,000","439,000","439,000","439,000","439,000","439,000"
13289030,GIGABYTE B550 AORUS PRO V2 제이씨현,"175,760","175,760","175,760","175,760","175,760","175,760"
12243425,GIGABYTE B550 AORUS PRO V2 피씨디렉트,"176,920","173,160","173,160","173,160","173,160","173,150"
11606882,GIGABYTE B550 AORUS PRO 제이씨현,"203,840","203,840","203,840","203,840","203,840","203,840"
12276464,GIGABYTE B550 GAMING X V2 게이밍에디션 피씨디렉트,"165,720","165,700","160,000","160,000","160,000","160,000"
11606903,GIGABYTE B550 GAMING X 게이밍에디션 제이씨현,"182,900","180,000","180,000","180,000","180,000","180,000"
11575262,GIGABYTE B550 GAMING X 게이밍에디션 피씨디렉트,"160,000","160,000","160,000","160,000","160,000","159,900"
13222670,GIGABYTE B550 VISION D-P 제이씨현,"350,000","350,000","350,000","350,000","350,000","350,000"
13253213,GIGABYTE B550 VISION D-P 피씨디렉트,"331,830","331,810","290,000","290,000","290,000","290,000"
11685446,GIGABYTE B550I AORUS PRO AX 제이씨현,"536,250","536,250","536,250","536,250","536,250","536,250"
11751551,GIGABYTE B550I AORUS PRO AX 피씨디렉트,"510,140","531,390","531,390","531,390","531,390","531,390"
11684576,GIGABYTE B550M AORUS ELITE 제이씨현,"127,980","127,930","127,880","127,840","127,820","125,560"
11751599,GIGABYTE B550M AORUS ELITE 피씨디렉트,"117,000","117,000","117,000","117,000","117,000","117,000"
12755786,GIGABYTE B550M AORUS PRO-P 제이씨현,"237,490","237,490","237,490","237,490","237,490","237,490"
12276353,GIGABYTE B550M AORUS PRO-P 피씨디렉트,"162,990","162,990","162,990","162,990","162,990","162,990"
11684642,GIGABYTE B550M DS3H 듀러블에디션 제이씨현,"201,970","201,970","201,970","201,970","201,970","201,970"
11575373,GIGABYTE B550M DS3H 듀러블에디션 피씨디렉트,"98,200","98,200","98,200","98,200","98,200","98,200"
11684771,GIGABYTE B550M GAMING 게이밍에디션 제이씨현,"132,990","128,800","128,800","128,800","128,800","128,800"
11751674,GIGABYTE B550M GAMING 게이밍에디션 피씨디렉트,"114,000","114,000","114,000","114,000","114,000","114,000"
11685269,GIGABYTE B550M H 듀러블에디션 제이씨현,"122,360","122,360","122,360","122,360","122,360","122,360"
11771141,GIGABYTE B550M H 듀러블에디션 피씨디렉트,"104,000","104,000","104,000","104,000","104,000","104,000"
13838093,GIGABYTE B560M AORUS ELITE 제이씨현,"119,600","119,600","119,600","119,600","119,600","119,600"
13922957,GIGABYTE B560M AORUS ELITE 피씨디렉트,"114,290","114,290","114,280","114,260","114,240","114,220"
13562420,GIGABYTE B560M AORUS PRO AX 제이씨현,"142,090","144,560","144,560","144,560","144,560","144,560"
13486556,GIGABYTE B560M AORUS PRO AX 피씨디렉트,"127,650","127,650","127,650","127,650","127,650","127,650"
13562459,GIGABYTE B560M AORUS PRO 제이씨현,"136,690","136,690","136,690","136,690","136,690","136,690"
13504949,GIGABYTE B560M AORUS PRO 피씨디렉트,"116,840","116,840","116,840","116,840","116,840","116,840"
13681838,GIGABYTE B560M D2V 듀러블에디션 피씨디렉트,"83,210","83,170","83,150","83,140","83,120","83,100"
13858076,GIGABYTE B560M D3H 듀러블에디션 제이씨현,"205,640","205,640","205,640","205,640",0,0
15773897,GIGABYTE B560M DS3H PLUS 듀러블에디션 제이씨현,"91,520","88,800","88,800","88,800","88,800","88,800"
15758414,GIGABYTE B560M DS3H PLUS 듀러블에디션 피씨디렉트,"91,530","89,470","89,470","89,470","89,470","89,470"
15593423,GIGABYTE B560M DS3H V2 듀러블에디션 피씨디렉트,"89,040","90,310","90,260","90,240","90,220","90,200"
13627625,GIGABYTE B560M DS3H 듀러블에디션 제이씨현,0,"110,200","110,200","110,200","110,200","110,200"
13524110,GIGABYTE B560M DS3H 듀러블에디션 피씨디렉트,"95,680","95,680","95,680","95,680","95,680","95,680"
16101155,GIGABYTE B660 AORUS MASTER D4 제이씨현,"277,670","277,670","277,670","277,670","277,670","277,670"
16103336,GIGABYTE B660 AORUS MASTER D4 피씨디렉트,"288,830","288,810","288,760","288,740","288,720","288,700"
16344509,GIGABYTE B660 GAMING X D4 제이씨현,"199,000","199,000","199,000","199,000","199,000","199,000"
16271918,GIGABYTE B660 GAMING X D4 피씨디렉트,"199,000","199,000","199,000","199,000","199,000","199,000"
17400818,GIGABYTE B660 GAMING X 피씨디렉트,"227,940","227,940","227,940","227,940","227,930","225,410"
16499153,GIGABYTE B660I AORUS PRO D4 피씨디렉트,"250,740","250,740","250,740","250,740","250,740","250,740"
17062373,GIGABYTE B660M AORUS ELITE D4 제이씨현,"201,190","201,190","179,000","179,000","179,000","169,350"
16963088,GIGABYTE B660M AORUS ELITE D4 피씨디렉트,"171,350","171,760","177,630","179,000","211,250","211,250"
16103342,GIGABYTE B660M AORUS PRO AX D4 피씨디렉트,"225,000","225,000","225,000","225,000","225,000","225,000"
16101656,GIGABYTE B660M AORUS PRO D4 제이씨현,"188,230","186,250","186,250","186,250","186,250","186,250"
16103339,GIGABYTE B660M AORUS PRO D4 피씨디렉트,"179,470","176,010","176,010","176,010","176,010","176,010"
17358140,GIGABYTE B660M AORUS PRO 피씨디렉트,"224,020","224,020","224,020","224,020","224,020","221,530"
16103327,GIGABYTE B660M D3H D4 듀러블에디션 제이씨현,"157,810","159,680","159,680","159,680","159,680","159,680"
16103345,GIGABYTE B660M D3H D4 듀러블에디션 피씨디렉트,"158,470","156,710","154,950","154,950","154,950","158,480"
16102010,GIGABYTE B660M DS3H D4 제이씨현,"137,550","137,510","136,800","134,300","132,980","135,440"
16103348,GIGABYTE B660M DS3H D4 피씨디렉트,"135,590","135,200","135,160","135,130","135,090","135,050"
16168196,GIGABYTE B660M GAMING D4 제이씨현,"128,390","128,360","128,320","128,280","128,240","128,220"
16252226,GIGABYTE B660M GAMING D4 피씨디렉트,"128,990","128,990","128,990","128,990","128,990","128,990"
16310849,GIGABYTE B660M GAMING X AX D4 피씨디렉트,"186,920","186,880","186,830","186,810","186,790","186,770"
16168394,GIGABYTE B660M GAMING X D4 제이씨현,"159,870","151,560","159,860","154,890","153,400","153,400"
16252274,GIGABYTE B660M GAMING X D4 피씨디렉트,"160,570","158,740","158,700","158,680","158,660","158,780"
17400644,GIGABYTE B660M GAMING X 피씨디렉트,"198,590","198,590","198,590","198,590","198,580","196,380"
7811044,GIGABYTE C246-WU4 제이씨현,"543,810","543,810","543,810","543,810","543,810",0
10630311,GIGABYTE C621-WD12-IPMI 피씨디렉트,"2,010,000","2,010,000","2,010,000","2,010,000","2,010,000","2,010,000"
5760122,GIGABYTE GA-A320M-S2H 듀러블에디션 제이씨현,"49,990","51,530","51,530","51,530","51,530","52,000"
5997948,GIGABYTE GA-A320M-S2H 듀러블에디션 피씨디렉트,"47,840","50,930","50,990","50,990","50,990","53,990"
4950478,GIGABYTE GA-AB350-Gaming 3 게이밍에디션 제이씨현,일시품절,일시품절,일시품절,일시품절,일시품절,일시품절
4816253,GIGABYTE GA-B250M-DS3H 듀러블에디션 제이씨현,"190,000","190,000","190,000","190,000","190,000","190,000"
4813534,GIGABYTE GA-B250M-DS3H 듀러블에디션 피씨디렉트,"190,000",0,0,0,0,0
4813930,GIGABYTE GA-Gaming B8 게이밍에디션 제이씨현,"210,000","210,000","210,000","210,000","210,000","210,000"
3519243,GIGABYTE GA-H110M-DS2V 듀러블에디션 제이씨현,"140,000","140,000","140,000","140,000","140,000","140,000"
6464259,GIGABYTE H310M DS2V 2.0 듀러블에디션 피씨디렉트,"100,000","100,000","100,000","100,000","100,000","100,000"
6022481,GIGABYTE H370 AORUS Gaming 3 제이씨현,"318,760",0,0,0,"318,760","318,760"
13462727,GIGABYTE H410M DS2V V2 듀러블에디션 피씨디렉트,"76,460","76,440","76,390","76,370","76,350","76,330"
15591680,GIGABYTE H410M DS2V V3 듀러블에디션 피씨디렉트,"73,000","73,000","73,000","73,000","73,000","73,000"
14718359,GIGABYTE H410M H V3 듀러블에디션 제이씨현,"73,920","73,920","73,920","73,920","73,920","74,480"
15653792,GIGABYTE H410M H V3 듀러블에디션 피씨디렉트,0,"74,510","74,510","74,510","74,510","74,510"
13462670,GIGABYTE H410M S2H V2 듀러블에디션 피씨디렉트,0,0,0,0,0,"82,170"
15156566,GIGABYTE H410M S2H V3 듀러블에디션 제이씨현,일시품절,일시품절,0,0,0,0
11405958,GIGABYTE H410M S2H 듀러블에디션 피씨디렉트,"85,570","85,570","85,570","85,570","85,570","85,570"
11406015,GIGABYTE H470 HD3 듀러블에디션 피씨디렉트,0,"169,000",0,0,0,0
13804274,GIGABYTE H510M DS2V 듀러블에디션 제이씨현,"82,160","82,160","82,160","82,160","82,160","82,160"
13774823,GIGABYTE H510M DS2V 듀러블에디션 피씨디렉트,"79,000","79,000","79,000","79,000","79,000","79,000"
13830011,GIGABYTE H510M H 듀러블에디션 제이씨현,"80,030","80,010","79,960","79,920","79,880","79,840"
13775150,GIGABYTE H510M H 듀러블에디션 피씨디렉트,"75,610","75,550","75,500","75,480","75,460","75,410"
15156716,GIGABYTE H510M S2H V2 듀러블에디션 제이씨현,0,0,0,"91,990","91,990",0
15734858,GIGABYTE H510M S2H V2 듀러블에디션 피씨디렉트,"88,000","88,000","88,000","88,000","88,000","88,000"
13745243,GIGABYTE H510M S2H 듀러블에디션 피씨디렉트,0,"88,000","88,000","88,000","88,000","88,000"
17697992,GIGABYTE H610I D4 듀러블에디션 피씨디렉트,"180,800","180,800","180,800","180,800","180,800","180,800"
16102367,GIGABYTE H610M H D4 듀러블에디션 제이씨현,"100,360","98,540","98,470","98,460","98,120","98,120"
16103330,GIGABYTE H610M H D4 듀러블에디션 피씨디렉트,"101,840","100,370","98,090","98,090","92,900","92,900"
16102667,GIGABYTE H610M S2H D4 듀러블에디션 제이씨현,"115,340","113,890","115,320","110,950","110,950","110,950"
16103333,GIGABYTE H610M S2H D4 듀러블에디션 피씨디렉트,"114,720","114,680","114,650","114,630","114,610","114,570"
10013697,GIGABYTE TRX40 AORUS PRO WiFi 피씨디렉트,"803,650","803,650","803,650","803,650","803,650","803,650"
10132605,GIGABYTE TRX40 AORUS XTREME 피씨디렉트,"1,675,200","1,675,200","1,675,200","1,675,200","1,675,200","1,675,200"
10114683,GIGABYTE TRX40 DESIGNARE 피씨디렉트,"1,153,080","1,153,080","1,153,080","1,153,080","1,153,080","1,153,080"
11857741,GIGABYTE W480 VISION D 피씨디렉트,"558,000",0,"558,000","558,000",0,0
14647910,GIGABYTE WRX80-SU8-IPMI 제이씨현,"1,150,000","1,150,000","1,150,000","1,150,000","1,150,000","1,150,000"
5649651,GIGABYTE X399 DESIGNARE EX 제이씨현,"600,000","600,000","600,000","600,000","600,000",0
6063711,GIGABYTE X470 AORUS Ultra Gaming 제이씨현,0,"398,300","398,300","398,300","398,300","398,300"
8515581,GIGABYTE X570 AORUS ELITE 제이씨현,"229,990","226,010","209,990","209,990","209,890","199,230"
8497905,GIGABYTE X570 AORUS ELITE 피씨디렉트,"237,620","237,620","237,620","237,620","237,620","237,620"
8515635,GIGABYTE X570 AORUS MASTER 제이씨현,"1,014,630","1,014,630","1,014,630","1,014,630","1,014,630","1,014,630"
8499117,GIGABYTE X570 AORUS PRO 피씨디렉트,"493,390","493,390","493,390","493,390","493,390",0
8502411,GIGABYTE X570 AORUS XTREME 피씨디렉트,"889,070","889,050","889,020","889,000","888,980","888,960"
8515827,GIGABYTE X570 GAMING X 게이밍에디션 제이씨현,0,0,0,0,0,"243,990"
8502699,GIGABYTE X570 GAMING X 게이밍에디션 피씨디렉트,"252,680","252,680","252,680","252,680","252,680","252,680"
8502987,GIGABYTE X570 I AORUS PRO WiFi 피씨디렉트,"672,500","672,500","672,500","672,500","672,500","672,500"
9216033,GIGABYTE X570 UD 듀러블에디션 제이씨현,0,0,"166,060","166,060","166,060","160,810"
15401957,GIGABYTE X570S AERO G 제이씨현,"394,160","369,200","358,800","358,800","358,800","358,800"
15466466,GIGABYTE X570S AERO G 피씨디렉트,"378,920","378,920","378,920","378,920","378,920","378,920"
15411566,GIGABYTE X570S AORUS ELITE 피씨디렉트,"241,490","241,490",일시품절,일시품절,일시품절,일시품절
14804300,GIGABYTE X570S AORUS MASTER 피씨디렉트,"721,930","721,930","721,930","721,930","721,930","721,930"
15466997,GIGABYTE X570S AORUS PRO AX 피씨디렉트,"291,250","291,250","291,250","291,250","291,250","291,250"
11224539,GIGABYTE Z490 AORUS ELITE 피씨디렉트,"252,950","252,950","252,950","252,950","252,950","252,950"
11224548,GIGABYTE Z490 AORUS MASTER 피씨디렉트,0,"309,340",0,0,0,0
11231616,GIGABYTE Z490 AORUS PRO AX 제이씨현,"327,600","327,600","327,600","327,600","327,600","327,600"
11231598,GIGABYTE Z490 AORUS ULTRA 제이씨현,"281,300","281,300","281,300","281,300","281,300","281,300"
11225142,GIGABYTE Z490 GAMING X 게이밍에디션 피씨디렉트,"179,920","179,920","179,920","179,920","179,920","179,920"
11331768,GIGABYTE Z490 UD AC 듀러블에디션 제이씨현,"218,400","218,400","218,400","218,400","218,400","218,400"
11231784,GIGABYTE Z490 UD 듀러블에디션 제이씨현,"191,360","191,360","191,360","191,360","191,360","191,360"
11231919,GIGABYTE Z490 UD 듀러블에디션 피씨디렉트,0,0,0,0,0,"214,990"
11225379,GIGABYTE Z490 VISION G 피씨디렉트,"163,500","163,500","163,500","163,500","163,500","163,500"
11231799,GIGABYTE Z490I AORUS ULTRA 제이씨현,"302,640","302,640","302,640","302,640","302,640","302,640"
11331702,GIGABYTE Z490M GAMING X 게이밍에디션 제이씨현,"177,840","177,840","177,840","177,840","177,840","177,840"
11232054,GIGABYTE Z490M GAMING X 게이밍에디션 피씨디렉트,"221,520","221,520","221,520","221,520","221,520","221,520"
11232027,GIGABYTE Z490M 듀러블에디션 피씨디렉트,"161,200","161,200","161,200","161,200","161,200","161,200"
13409318,GIGABYTE Z590 AORUS ELITE 제이씨현,0,"239,000",0,0,0,0
13409234,GIGABYTE Z590 AORUS ELITE 피씨디렉트,0,"220,000","220,000","220,000","220,000",0
13377359,GIGABYTE Z590 AORUS MASTER 제이씨현,"373,210","373,210","304,070","304,070","304,070","382,660"
13364366,GIGABYTE Z590 AORUS MASTER 피씨디렉트,"278,990","278,990","278,990","278,990","278,990","278,990"
13535570,GIGABYTE Z590 AORUS PRO AX 제이씨현,"240,240","240,240","240,240","240,240","240,240","240,240"
13682129,GIGABYTE Z590 AORUS TACHYON 피씨디렉트,"1,600,000",0,0,0,0,0
13537568,GIGABYTE Z590 AORUS ULTRA 제이씨현,"321,360","321,360","321,360","321,360","321,360","321,360"
13683158,GIGABYTE Z590 AORUS XTREME 제이씨현,"884,000","884,000","884,000","884,000","884,000","884,000"
13760984,GIGABYTE Z590 AORUS XTREME 피씨디렉트,"482,570","483,100","483,100","483,100","483,100","497,550"
13473218,GIGABYTE Z590 GAMING X 게이밍에디션 피씨디렉트,"209,000","209,000","209,000","209,000","209,000",0
13377386,GIGABYTE Z590 VISION G 제이씨현,"239,000","239,000","239,000","239,000",0,0
13327358,GIGABYTE Z590 VISION G 피씨디렉트,"239,080","239,060","183,000","183,000","183,000","183,000"
13627157,GIGABYTE Z590I AORUS ULTRA 제이씨현,"224,640","224,420","224,420","224,420","224,420","224,420"
13424996,GIGABYTE Z590I AORUS ULTRA 피씨디렉트,"233,500","233,500","233,500","233,500","233,500","233,500"
13761077,GIGABYTE Z590I VISION D 제이씨현,0,0,0,0,"437,000","437,000"
15813044,GIGABYTE Z690 AERO D 제이씨현,"499,000","499,000","499,000","499,000","499,000","499,000"
15744971,GIGABYTE Z690 AERO D 피씨디렉트,"506,960","506,960","506,960","506,960","506,960","506,960"
17717870,GIGABYTE Z690 AERO G + AORUS DDR5-5200 CL40 32GB 피씨디렉트,"668,580","668,580","698,990","698,990","698,980","698,990"
17717789,GIGABYTE Z690 AERO G + Crucial DDR5-4800 CL40 16GB 피씨디렉트,"459,000","459,000","459,000","459,000","459,000","459,000"
15600971,GIGABYTE Z690 AERO G D4 제이씨현,"339,040","339,040","339,040","339,040","339,040","339,040"
15626120,GIGABYTE Z690 AERO G D4 피씨디렉트,"341,470","341,450","341,420","341,400","341,380","341,360"
15824861,GIGABYTE Z690 AERO G 제이씨현,"340,080","338,900","338,900","338,900","338,900","338,900"
15626513,GIGABYTE Z690 AERO G 피씨디렉트,"338,480","338,480","338,480","338,480","338,480","338,480"
17718038,GIGABYTE Z690 AORUS ELITE + AORUS DDR5-5200 CL40 32GB 피씨디렉트,"656,830","656,830","659,000","659,000","634,680","659,000"
17717966,GIGABYTE Z690 AORUS ELITE + Crucial DDR5-4800 CL40 16GB 피씨디렉트,"419,000","419,000","419,000","419,000","419,000","419,000"
16153055,GIGABYTE Z690 AORUS ELITE AX D4 피씨디렉트,"329,870","322,470","322,470","322,470","322,470","322,470"
15600512,GIGABYTE Z690 AORUS ELITE D4 제이씨현,"300,440","300,440","300,440","300,440","300,440","300,440"
15605549,GIGABYTE Z690 AORUS ELITE D4 피씨디렉트,"286,040","286,010","282,710","282,710","282,710","282,710"
15791012,GIGABYTE Z690 AORUS ELITE 제이씨현,"297,790","297,790","297,790","297,790","297,790","297,790"
15653582,GIGABYTE Z690 AORUS ELITE 피씨디렉트,"275,000","275,000","275,000","275,000","275,000","275,000"
15599972,GIGABYTE Z690 AORUS MASTER 제이씨현,"675,280","675,280","675,280","675,280","675,280","675,280"
15605588,GIGABYTE Z690 AORUS MASTER 피씨디렉트,"1,800,000","1,800,000","1,800,000","1,800,000","1,800,000","1,800,000"
15774212,GIGABYTE Z690 AORUS PRO D4 제이씨현,"382,300","382,250","382,210","382,170","382,130","382,070"
15744581,GIGABYTE Z690 AORUS PRO D4 피씨디렉트,"373,380","365,020","365,020","365,020","365,020","365,020"
15880925,GIGABYTE Z690 AORUS PRO 제이씨현,"349,000","349,000","349,000","349,000","349,000","349,000"
15606479,GIGABYTE Z690 AORUS PRO 피씨디렉트,"349,000","349,000","349,000","349,000","349,000","349,000"
15895805,GIGABYTE Z690 AORUS TACHYON 피씨디렉트,"820,600","844,240",일시품절,일시품절,일시품절,일시품절
15721913,GIGABYTE Z690 AORUS ULTRA 제이씨현,"399,000","399,000","399,000","399,000","399,000","399,000"
15674345,GIGABYTE Z690 AORUS ULTRA 피씨디렉트,0,0,0,0,0,"493,100"
15932150,GIGABYTE Z690 AORUS XTREME WATERFORCE 피씨디렉트,"2,286,140","2,286,130","2,286,110","2,286,090","2,286,080","2,286,050"
15602549,GIGABYTE Z690 AORUS XTREME 제이씨현,"1,189,730","1,189,730","1,189,730","1,189,730","1,189,730","1,189,730"
15628265,GIGABYTE Z690 AORUS XTREME 피씨디렉트,"1,106,890","1,106,870","1,106,840","1,106,820","1,106,800","1,107,000"
17127455,GIGABYTE Z690 GAMING X + Crucial DDR5-4800 CL40 16GB 피씨디렉트,"339,000","339,000",일시품절,일시품절,일시품절,일시품절
15601217,GIGABYTE Z690 GAMING X D4 제이씨현,"289,000","279,000","279,000","279,000","279,000","279,000"
15605645,GIGABYTE Z690 GAMING X D4 피씨디렉트,"293,540","293,540","282,000","282,000","282,000","282,000"
15791687,GIGABYTE Z690 GAMING X 제이씨현,"305,000","279,000","279,000","279,000","279,000","279,000"
15678104,GIGABYTE Z690 GAMING X 피씨디렉트,"268,990","268,950","268,880","268,860","268,850","274,990"
17127611,GIGABYTE Z690 UD + Crucial DDR5-4800 CL40 16GB 피씨디렉트,"328,500","328,500","328,500","328,500","328,500","328,500"
16310696,GIGABYTE Z690 UD AX D4 피씨디렉트,"268,000","268,000","268,000","268,000","268,000","268,000"
15694070,GIGABYTE Z690 UD AX 피씨디렉트,"280,050","280,050","280,050","280,050","280,050","280,050"
17354774,GIGABYTE Z690 UD D4 V2 피씨디렉트,"281,910","281,910","281,910","281,910","281,910","331,200"
15601613,GIGABYTE Z690 UD D4 제이씨현,"265,000","265,000","265,000","266,200","266,200","266,200"
15605684,GIGABYTE Z690 UD D4 피씨디렉트,"252,600","252,600","257,000","257,000","257,000","257,000"
15867335,GIGABYTE Z690 UD 제이씨현,"272,480","272,210","272,210","272,210","272,210","285,000"
15606635,GIGABYTE Z690 UD 피씨디렉트,"266,000","266,000","266,000","266,000","266,000","266,000"
15603137,GIGABYTE Z690I AORUS ULTRA D4 제이씨현,"470,660","551,840","531,890","531,890","531,890","531,890"
16152452,GIGABYTE Z690I AORUS ULTRA D4 피씨디렉트,"417,090","417,100","417,100","417,100","417,100","417,100"
15842255,GIGABYTE Z690I AORUS ULTRA 피씨디렉트,"2,000,000","2,000,000","2,000,000","2,000,000","2,000,000","2,000,000"
16180202,GIGABYTE Z690M AORUS ELITE AX D4 제이씨현,"239,790","239,790","239,790","239,790","246,330","246,280"
16301462,GIGABYTE Z690M AORUS ELITE AX D4 피씨디렉트,"242,110","242,060","242,990","242,990","242,990","242,990"
15735449,GIGABYTE Z690M AORUS ELITE D4 제이씨현,"239,200","236,090","236,090","236,090","236,090","236,090"
15606947,GIGABYTE Z690M AORUS ELITE D4 피씨디렉트,"251,000","251,000","251,000","251,000","251,000","251,000"
17457956,Jetson Nano 2GB용 금속 케이스 (해외구매),"29,890","29,890","29,890","29,890","29,890","29,890"
17457851,Jetson Nano 2GB용 아크릴 케이스 (해외구매),"20,600","20,600","20,600","20,600","20,600","20,600"
9302775,MSI A320M-A PRO,"60,450","60,450","60,450","60,440","60,450","60,450"
9480036,MSI A320M-A PRO 맥스,"60,990","60,990","60,990","60,990","60,990","60,990"
12281690,MSI A520M PRO,"75,000","75,000","75,000","75,000","75,000","75,000"
12403937,MSI A520M PRO-C DASH,"65,000","65,000",일시품절,일시품절,일시품절,일시품절
12067598,MSI A520M-A PRO,"72,000","71,990","71,990","70,970","70,970","76,000"
4817382,MSI B250M PRO-VD,"160,000",0,0,0,0,0
6334442,MSI B450M 박격포,일시품절,일시품절,일시품절,일시품절,일시품절,일시품절
9480156,MSI B450M-A PRO 맥스,"81,000","81,000","80,990","80,980","80,990","80,990"
15223523,MSI B560M PRO-VDH,0,0,0,"174,060","174,060","174,060"
13804151,MSI B560M-A PRO,"85,000","85,000","85,000","85,000","85,000","85,000"
13759994,MSI H510M PRO,"82,940","82,900","82,850","82,830","82,810","82,790"
13628021,MSI H510M-A PRO,"82,920","82,920","82,920","82,920","82,920","82,920"
9203967,MSI MAG B450 토마호크 맥스,"172,610","172,610","179,800","172,610","179,800","172,610"
8938550,MSI MAG B450M 박격포 맥스,일시품절,일시품절,일시품절,일시품절,일시품절,일시품절
12304409,MSI MAG B460 토피도,"139,000","139,000","139,000","139,000","139,000","139,000"
11397129,MSI MAG B460M 박격포,"134,770","134,770","134,770","134,770","134,770","134,770"
11408037,MSI MAG B460M 박격포 WiFi,"146,090","146,090","146,090","146,090","146,090","146,090"
11577782,MSI MAG B550 토마호크,"179,000","179,000","179,000","179,000","179,000","179,000"
11578097,MSI MAG B550M 박격포,"161,940","162,000","162,000","161,990","168,080","173,980"
11578325,MSI MAG B550M 박격포 WiFi,"169,000","169,000","174,900","174,900","184,980","182,750"
12889655,MSI MAG B550M 박격포 WiFi + 코어리퀴드 240R,"258,000","258,000","258,000","258,000","320,000","320,000"
17773823,MSI MAG B550M 박격포 맥스 WiFi,0,가격비교예정,가격비교예정,가격비교예정,가격비교예정,"199,500"
13696388,MSI MAG B560 토마호크 WIFI,"155,500","155,500","155,500","155,500","155,500","155,500"
13803419,MSI MAG B560 토피도,"148,580","148,580","148,580","148,580","148,580","148,580"
13803641,MSI MAG B560M 바주카,"119,620","119,580","119,530","119,510","119,470","119,450"
13760447,MSI MAG B560M 박격포,"115,000","115,000","115,000","118,650","118,650","117,300"
13844039,MSI MAG B560M 박격포 WIFI,"137,020","136,980","136,930","136,890","136,870","136,850"
16329473,MSI MAG B660 토마호크 WIFI,"259,000","259,000","259,000","259,000","259,000","259,000"
16167980,MSI MAG B660 토마호크 WIFI DDR4,"260,000","260,000","260,000","260,000","260,000","260,000"
16331876,MSI MAG B660M 바주카 DDR4,"174,000","174,000","174,000","174,000","174,000","174,000"
16427084,MSI MAG B660M 박격포,"229,000","229,000","229,000","229,000","229,000","229,000"
16089002,MSI MAG B660M 박격포 DDR4,"216,750","216,800","216,740","197,870","197,870","216,530"
16427216,MSI MAG B660M 박격포 WIFI,"239,000","238,950","238,950","227,130","227,130","238,950"
16088780,MSI MAG B660M 박격포 WIFI DDR4,"233,890","233,900","233,830","216,430","232,790","233,840"
15156329,MSI MAG X570S 토마호크 맥스 WIFI,"314,220","314,220","314,220","314,210","314,220","314,220"
15200798,MSI MAG X570S 토피도 맥스,"255,110","255,110","255,110","255,100","255,110","255,110"
13669925,MSI MAG Z590 토마호크 WIFI,"396,660","396,660","396,660","396,660","396,660","396,660"
13697252,MSI MAG Z590 토피도,"167,000","167,000","167,000","167,000","167,000","167,000"
15693545,MSI MAG Z690 토마호크 WIFI,"365,680","369,000","368,990","368,980","368,990","368,990"
15618923,MSI MAG Z690 토마호크 WIFI DDR4,"349,000","339,040","339,040","339,040","339,040","339,040"
15693419,MSI MAG Z690 토피도,"299,000","299,000","299,000","299,000","299,000","299,000"
12904922,MSI MEG B550 유니파이,"299,000","299,000","299,000","299,000","299,000","299,000"
13060886,MSI MEG B550 유니파이-X,"301,360","301,320","301,290","301,270","301,250","301,210"
9831717,MSI MEG X570 유니파이,"853,630",0,0,0,0,0
15467624,MSI MEG X570S 에이스 맥스,일시품절,일시품절,일시품절,일시품절,일시품절,일시품절
6508240,MSI MEG Z390 갓라이크,"1,651,000","1,651,000","1,651,000","1,651,000",0,0
11223567,MSI MEG Z490 에이스,"390,000","390,000","390,000","390,000","390,000","390,000"
11319420,MSI MEG Z490 유니파이,"333,000","339,910","339,910","339,910","339,910","339,910"
11319750,MSI MEG Z490I 유니파이,"374,900","374,860","374,810","374,770","374,750","374,690"
13867739,MSI MEG Z590 갓라이크,"1,099,000",0,"1,099,000",0,0,0
14105573,MSI MEG Z590 유니파이,0,0,0,0,0,"275,480"
15943754,MSI MEG Z690 에이스,"748,000","748,000","748,000","748,000","748,000","748,000"
15615392,MSI MEG Z690 유니파이,"580,070","580,070","580,070","580,070","580,070","580,070"
15896510,MSI MEG Z690 유니파이-X,"1,400,000","1,400,000","1,400,000","1,400,000","1,400,000","1,400,000"
16142963,MSI MEG Z690I 유니파이,일시품절,일시품절,일시품절,일시품절,일시품절,일시품절
11193693,MSI MPG B450 게이밍 프로 카본 맥스 WiFi,일시품절,일시품절,일시품절,일시품절,일시품절,일시품절
9204126,MSI MPG B450 게이밍 플러스 맥스,0,0,0,0,"154,110","154,110"
11591798,MSI MPG B550 게이밍 엣지 WiFi,"228,000","228,000","228,000","228,000","228,000","228,000"
11578637,MSI MPG B550 게이밍 카본 WiFi,"341,990","341,990","341,990","341,990","341,990","342,000"
11591501,MSI MPG B550 게이밍 플러스,"192,150","192,130","192,100","192,080","192,060","189,390"
13355741,MSI MPG B550I 게이밍 엣지 맥스 WIFI,"461,040","480,250","480,250","480,250","480,250","480,250"
9500100,MSI MPG X470 게이밍 플러스 맥스,"202,400","202,400","202,400","202,400","202,400","202,400"
8520741,MSI MPG X570 게이밍 엣지 WiFi,"519,990","519,990","519,990","519,990","519,990","519,990"
15468128,MSI MPG X570S 카본 맥스 WiFi,"500,630","500,630","500,630","500,630","500,630","500,630"
11223594,MSI MPG Z490 게이밍 엣지 WiFi,"227,000","227,000","227,000","227,000","227,000","227,000"
12952262,MSI MPG Z490 게이밍 엣지 WiFi (해외구매),0,"263,200","263,190","263,160","263,140","263,120"
13804826,MSI MPG Z590 게이밍 엣지 WiFi,0,0,0,0,0,"325,420"
13449158,MSI MPG Z590 게이밍 포스,"247,990","247,990","247,990","247,990","247,990","247,990"
13909313,MSI MPG Z590M 게이밍 엣지 WIFI,"253,820","253,820","253,820","253,820","253,820","253,820"
15738464,MSI MPG Z690 엣지 WIFI,"379,000","379,000","379,000","379,000","379,000","379,000"
15615839,MSI MPG Z690 카본 WIFI,"434,420","434,410","434,390","434,370","434,320","434,310"
15614984,MSI MPG Z690 포스 WIFI,"400,000","400,000","400,000","400,000","400,000","400,000"
16262660,MSI PRO B660M-A DDR4,"160,000","160,000","160,000","160,000","160,000","160,000"
16571699,MSI PRO B660M-A WIFI,"199,000","199,000","199,000","199,000","199,000","199,000"
16357988,MSI PRO B660M-A WIFI DDR4,"184,000","184,000","184,000","171,700","171,700","183,500"
16332119,MSI PRO B660M-B DDR4,"129,000","129,000","129,000","129,000","129,000","129,000"
16427723,MSI PRO B660M-E DDR4,"119,000","119,000","119,000","119,000","119,000","119,000"
16332248,MSI PRO B660M-G DDR4,"129,000","129,000","129,000","129,000","129,000","129,000"
16314473,MSI PRO H610M-B DDR4,"112,560","112,560","112,560","112,560","112,560","111,000"
16637543,MSI PRO H610M-C EX,"124,120","124,120","124,120","124,120","124,120","124,120"
16314863,MSI PRO H610M-G DDR4,"121,990","121,990","121,990","121,990","121,990","121,990"
15614510,MSI PRO Z690-A,"249,000","249,000","249,000","249,000","249,000","249,000"
15616460,MSI PRO Z690-A DDR4,"252,700","252,650","252,630","252,610","252,570","252,550"
15614630,MSI PRO Z690-A WIFI,"281,780","281,780","281,780","281,780","281,780","281,780"
15756542,MSI PRO Z690-A WIFI DDR4,"269,000","278,320","263,000","263,000","278,320","278,320"
13164092,MSI 프레스티지 X570 크리에이션 (해외구매),"1,042,460","1,042,460","1,042,460","1,042,460","1,042,460",0
17700305,NVIDIA Jetson AGX Orin Developer Kit (해외구매),"3,409,300","3,409,300","3,409,300","3,409,300","3,409,300","3,409,300"
17458589,NVIDIA Jetson NANO Developer Kit 2GB (해외구매),"114,040","114,040","114,040","114,040","114,040","114,040"
17458847,NVIDIA Jetson NANO Developer Kit 4GB,일시품절,일시품절,일시품절,일시품절,일시품절,일시품절
17458712,NVIDIA Jetson NANO Developer Kit 4GB (해외구매),"122,960","122,960","122,960","122,960","122,960","122,960"
17672465,NVIDIA Jetson NANO module 4GB RAM 16GB eMMC5.1 (해외구매),"264,150","264,130","264,100","264,080","264,050","264,020"
14918444,NZXT N7 B550 Matte Black,"328,000","328,000","328,000","328,000","328,000","328,000"
14918477,NZXT N7 B550 Matte White,일시품절,일시품절,일시품절,일시품절,일시품절,0
14403617,NZXT N7 Z490 Matte Black,"317,200","317,200","317,200","317,200","317,200","317,200"
14403629,NZXT N7 Z490 Matte White,"233,730","233,720","231,080","231,080","231,080","231,080"
14978957,NZXT N7 Z590 Matte Black,"240,000","240,000","240,000","240,000","240,000","240,000"
17342633,NZXT N7 Z690 Matte Black D4,"414,780","414,740","414,710","414,690","414,670","414,650"
17342297,NZXT N7 Z690 Matte White D4,"425,860","425,860","425,860","425,860","425,860","425,860"
17287451,NZXT N7 Z690 Matte White D4 (해외구매),일시품절,일시품절,일시품절,일시품절,일시품절,일시품절
17161250,Raspberry Pi 라즈베리 파이 제로 2W,"126,290","126,290","126,290","126,290","126,290","126,290"
16946948,W238 PWM 아두이노 초음파 거리센서,"33,970","33,950","33,920","33,900","33,880","33,860"
16946939,W238 UART 아두이노 초음파 거리센서,"37,990","37,990","37,990","37,990","37,990","37,990"
17529074,라즈베리파이 3B 아크릴 케이스,"2,830","2,810","2,780","2,760","2,740","2,730"
16507886,아두이노 1채널 12V 릴레이 모듈,"1,240","1,320","1,290","1,270","1,250","1,240"
17529134,아두이노 CDS 조도 센서 GL5537,60,60,60,60,60,60
17054963,아두이노 RGB 3색 LED 4핀 센서,330,330,330,330,330,330
16734461,에너지옵티머스 B250 BTC-12P (벌크),"103,020","102,980","102,930","102,910","102,890","102,850"
16991345,에너지옵티머스 B75USB BTC (벌크),"99,840","99,840","99,840","99,840","99,840","99,840"
17670656,에너지옵티머스 B75USB BTC-8P (벌크),"102,720","102,690","102,660","102,640","102,620","102,600"
16501643,쿨러마스터 PI CASE 40 V2,"35,310","35,310","35,310","35,310","35,310","35,310"
