Id,Name,2026-10-01 14:09:25
16275866,A320 (중고),"39,400"
124199122,ADVANTECH ASMB-981T2-00A1 아이보라,"2,973,140"
10864752,ASRock A320M-HDVP 디앤디컴,"150,000"
18403331,ASRock A520M-HDV 대원씨티에스,"69,890"
12092663,ASRock A520M-HDV 디앤디컴,"68,800"
12130286,ASRock A520M-HDV 에즈윈,"65,870"
25213067,ASRock A520M-HDV 에즈윈 (벌크),"67,240"
77706989,ASRock A520M-HVS 대원씨티에스,"52,986"
12121013,ASRock A520M-ITX/ac 디앤디컴,"175,680"
97565858,ASRock A620AI WiFi 대원씨티에스,"226,600"
92108180,ASRock A620AM-HVS 대원씨티에스,"100,720"
92149667,ASRock A620AM-HVS 디앤디컴,"90,340"
92360591,ASRock A620AM-HVS 에즈윈,"90,750"
90506507,ASRock A620AM-X 디앤디컴,"98,390"
1357994,ASRock A780GM-LE (중고),"46,000"
6017713,ASRock B360M PRO4 디앤디컴,"146,000"
6494014,ASRock B450 PRO4 디앤디컴,"166,000"
7097008,ASRock B450M 스틸레전드 디앤디컴,"157,000"
29879357,ASRock B450M-HDV R4.0 대원씨티에스,"980,000"
93382583,ASRock B550M Phantom Gaming 4 + WiFi6E 랜카드 패키지 디앤디컴,"136,570"
122618520,ASRock B550M Phantom Gaming 4 + WiFi7 랜카드 패키지 디앤디컴,"153,440"
19627397,ASRock B550M Phantom Gaming 4 대원씨티에스,"109,700"
12487823,ASRock B550M Phantom Gaming 4 디앤디컴,"113,000"
12464213,ASRock B550M Phantom Gaming 4 에즈윈,"111,150"
49538822,ASRock B550M Pro RS + WiFi6E 랜카드 패키지 디앤디컴,"159,600"
122618538,ASRock B550M Pro RS + WiFi7 랜카드 패키지 디앤디컴,"177,980"
49995851,ASRock B550M Pro RS 대원씨티에스,"117,170"
49162646,ASRock B550M Pro RS 디앤디컴,"120,870"
49740182,ASRock B550M Pro RS 에즈윈,"123,000"
122829100,ASRock B550M Pro-A + WiFi6E 랜카드 패키지 디앤디컴,"144,000"
108398135,ASRock B550M Pro-A 대원씨티에스,"107,900"
122726258,ASRock B550M Pro-A 디앤디컴,"118,970"
13289012,ASRock B560 PRO4 에즈윈,"246,000"
13289171,ASRock B560M PRO4 에즈윈,"226,000"
19754957,ASRock B560M-HDV/M.2 디앤디컴,"156,000"
17971196,ASRock B650 PG Lightning 디앤디컴,"359,000"
19648718,ASRock B650 Pro RS + WiFi6E 모듈 패키지 디앤디컴,"379,320"
17971202,ASRock B650 Pro RS 디앤디컴,"379,000"
17971247,ASRock B650 Pro RS 에즈윈,"379,000"
72304610,ASRock B650 스틸레전드 WiFi 대원씨티에스,"220,490"
64394135,ASRock B650 스틸레전드 WiFi 디앤디컴,"207,410"
18007478,ASRock B650E PG Riptide WiFi 대원씨티에스,"355,100"
18007499,ASRock B650E 스틸레전드 WiFi 대원씨티에스,"438,970"
30167879,ASRock B650M PG Lightning + WiFi6E 모듈 패키지 디앤디컴,"136,840"
30622283,ASRock B650M PG Lightning + WiFi6E 모듈 패키지 에즈윈,"197,910"
46742996,ASRock B650M PG Lightning WiFi 디앤디컴,"170,000"
30300260,ASRock B650M PG Lightning 대원씨티에스,"117,420"
29908775,ASRock B650M PG Lightning 디앤디컴,"113,530"
28603964,ASRock B650M PG Lightning 에즈윈,"129,000"
63269363,ASRock B650M PG Riptide WiFi White 디앤디컴,"248,500"
62791640,ASRock B650M PG Riptide WiFi White 에즈윈,"223,560"
17971604,ASRock B650M PG Riptide 대원씨티에스,"177,600"
17971253,ASRock B650M PG Riptide 에즈윈,"299,000"
124183411,ASRock B650M PRO-A Gen5 + WiFi6E 모듈 패키지 디앤디컴,"166,270"
124183390,ASRock B650M PRO-A Gen5 + WiFi7 모듈 패키지 디앤디컴,"185,330"
122699502,ASRock B650M PRO-A Gen5 대원씨티에스,"127,000"
122697250,ASRock B650M PRO-A Gen5 디앤디컴,"130,530"
21627827,ASRock B650M Pro RS 대원씨티에스,"165,000"
93702833,ASRock B650M Pro X3D WiFi 대원씨티에스,"178,990"
77786621,ASRock B650M Pro X3D WiFi 디앤디컴,"178,790"
93317309,ASRock B650M Pro X3D WiFi 에즈윈,"178,990"
77706647,ASRock B650M Pro X3D 대원씨티에스,"132,290"
77786816,ASRock B650M Pro X3D 디앤디컴,"134,760"
76509641,ASRock B650M Pro X3D 에즈윈,"125,080"
19536692,ASRock B650M-HDV/M.2 에즈윈,"186,680"
16089554,ASRock B660M Pro RS D4 에즈윈,"196,000"
16094537,ASRock B660M-HDV D4 디앤디컴,"156,000"
2951174,ASRock B75M (중고),"15,900"
18646154,ASRock B760M PG SONIC WiFi D5 에즈윈,"180,000"
20103287,ASRock B760M Pro RS D5 + WiFi6E 모듈 패키지 디앤디컴,"187,990"
30638927,ASRock B760M Pro RS D5 + WiFi6E 모듈 패키지 에즈윈,"225,000"
31959920,ASRock B760M Pro RS D5 + WiFi7 모듈 패키지 디앤디컴,"211,950"
19498640,ASRock B760M Pro RS D5 디앤디컴,"152,100"
19536062,ASRock B760M Pro RS D5 에즈윈,"148,500"
69469049,ASRock B760M Pro RS D5 인텍앤컴퍼니,"146,530"
40895255,ASRock B760M Pro-A 에즈윈,"171,500"
106717613,ASRock B760M Pro-A 에즈윈 (벌크),"134,500"
69468977,ASRock B760M Pro-A 인텍앤컴퍼니,"138,500"
122678463,ASRock B760M Pro-A/D4 + WiFi6E 모듈 패키지 디앤디컴,"167,900"
122678434,ASRock B760M Pro-A/D4 + WiFi7 모듈 패키지 디앤디컴,"190,790"
106749107,ASRock B760M Pro-A/D4 디앤디컴,"130,010"
109483313,ASRock B760M Pro-A/D4 에즈윈,"129,200"
20536331,ASRock B760M-HDVP D5 에즈윈 (벌크),"122,280"
99714806,ASRock B760M-X Gen5 에즈윈 (벌크),"123,900"
97702355,ASRock B850 Challenger WiFi 7 White 대원씨티에스,"254,350"
99054896,ASRock B850 Challenger WiFi 7 White 디앤디컴,"241,530"
100383200,ASRock B850 Challenger WiFi 7 White 에즈윈,"267,150"
97702418,ASRock B850 Challenger WiFi 7 대원씨티에스,"254,150"
74250353,ASRock B850 LiveMixer WiFi 대원씨티에스,"278,000"
75939005,ASRock B850 Pro RS WiFi 대원씨티에스,"251,820"
74340596,ASRock B850 Pro RS WiFi 디앤디컴,"254,400"
73952600,ASRock B850 Pro RS WiFi 에즈윈,"240,400"
73952525,ASRock B850 Pro RS 에즈윈,"242,890"
79410761,ASRock B850 Pro-A WiFi 디앤디컴,"210,990"
78990293,ASRock B850 Pro-A WiFi 에즈윈,"227,510"
74250455,ASRock B850 Pro-A 대원씨티에스,"218,310"
74341610,ASRock B850 Pro-A 디앤디컴,"216,270"
74999933,ASRock B850 Pro-A 에즈윈,"220,010"
74250557,ASRock B850 Riptide WiFi 대원씨티에스,"295,190"
107958404,ASRock B850 Rock WiFi 7 대원씨티에스,"230,390"
122694871,ASRock B850 Rock WiFi 7 디앤디컴,"238,990"
106717493,ASRock B850 Rock WiFi 7 에즈윈,"228,750"
74340710,ASRock B850 스틸레전드 WiFi 디앤디컴,"278,980"
77278937,ASRock B850 스틸레전드 WiFi 에즈윈,"287,770"
77278676,ASRock B850I Lightning WiFi 대원씨티에스,"335,210"
73952591,ASRock B850I Lightning WiFi 에즈윈,"338,890"
107956478,ASRock B850M Challenger WiFi 7 White 대원씨티에스,"239,330"
107768525,ASRock B850M Challenger WiFi 7 White 디앤디컴,"234,700"
106728485,ASRock B850M Challenger WiFi 7 White 에즈윈,"242,250"
93804581,ASRock B850M Pro Plus WiFi 디앤디컴,"218,980"
78534680,ASRock B850M Pro RS + WiFi6E 모듈 패키지 디앤디컴,"259,000"
94028396,ASRock B850M Pro RS WiFi WHITE 대원씨티에스,"198,030"
93803822,ASRock B850M Pro RS WiFi WHITE 디앤디컴,"203,280"
75600851,ASRock B850M Pro RS WiFi 디앤디컴,"207,990"
73952732,ASRock B850M Pro RS WiFi 에즈윈,"208,590"
75538394,ASRock B850M Pro RS 대원씨티에스,"196,980"
75600842,ASRock B850M Pro RS 디앤디컴,"198,520"
73952729,ASRock B850M Pro RS 에즈윈,"203,740"
75540665,ASRock B850M Pro-A WiFi 대원씨티에스,"184,990"
79553249,ASRock B850M Pro-A WiFi 디앤디컴,"180,860"
74341325,ASRock B850M Pro-A WiFi 에즈윈,"193,540"
75538754,ASRock B850M Pro-A 대원씨티에스,"282,130"
75724184,ASRock B850M Pro-A 디앤디컴,"159,860"
74341163,ASRock B850M Pro-A 에즈윈,"165,050"
77705072,ASRock B850M Riptide WiFi 대원씨티에스,"247,020"
107960645,ASRock B850M Rock WiFi 대원씨티에스,"178,230"
122694865,ASRock B850M Rock WiFi 디앤디컴,"198,960"
106717577,ASRock B850M Rock WiFi 에즈윈,"189,050"
77704688,ASRock B850M 스틸레전드 WiFi 대원씨티에스,"237,800"
78102476,ASRock B850M 스틸레전드 WiFi 디앤디컴,"224,480"
74341418,ASRock B850M 스틸레전드 WiFi 에즈윈,"242,890"
79556738,ASRock B850M-X R2.0 대원씨티에스,"158,530"
79553456,ASRock B850M-X R2.0 디앤디컴,"146,250"
82093181,ASRock B850M-X R2.0 에즈윈,"155,190"
74341787,ASRock B850M-X 디앤디컴,"147,390"
5994057,ASRock B85M PRO4 (중고),"34,780"
74116181,ASRock B860 LiveMixer WiFi 인텍앤컴퍼니,"278,980"
75935651,ASRock B860 Pro RS WiFi 디앤디컴,"236,000"
74415509,ASRock B860 Pro RS WiFi 에즈윈,"261,130"
74415482,ASRock B860 Pro RS 에즈윈,"251,620"
82470941,ASRock B860 Pro-A WiFi 에즈윈,"240,630"
92360492,ASRock B860 Pro-A 에즈윈,"227,480"
106748744,ASRock B860 Rock WiFi 7 디앤디컴,"228,990"
106728086,ASRock B860 Rock WiFi 7 에즈윈,"223,550"
122642347,ASRock B860 Rock WiFi7 인텍앤컴퍼니,"221,520"
74116589,ASRock B860 스틸레전드 WiFi 인텍앤컴퍼니,"399,000"
75935729,ASRock B860I WiFi 디앤디컴,"267,000"
74491295,ASRock B860I WiFi 에즈윈,"282,150"
122726205,ASRock B860M Challenger WiFi 7 White 디앤디컴,"257,080"
74116334,ASRock B860M LiveMixer WiFi 인텍앤컴퍼니,"208,800"
75935612,ASRock B860M Pro RS WiFi 디앤디컴,"212,110"
74415038,ASRock B860M Pro RS WiFi 에즈윈,"211,670"
74121977,ASRock B860M Pro RS WiFi 인텍앤컴퍼니,"219,000"
74422025,ASRock B860M Pro RS 디앤디컴,"208,980"
74013710,ASRock B860M Pro RS 에즈윈,"202,500"
102412697,ASRock B860M Pro-A 디앤디컴,"169,270"
98415419,ASRock B860M Pro-A 에즈윈,"171,550"
75856643,ASRock B860M Pro-A 인텍앤컴퍼니,"185,000"
122694855,ASRock B860M Rock WiFi 디앤디컴,"180,310"
106728191,ASRock B860M Rock WiFi 에즈윈,"190,620"
108456887,ASRock B860M Rock WiFi 인텍앤컴퍼니,"191,480"
75935675,ASRock B860M 스틸레전드 WiFi 디앤디컴,"268,900"
74116682,ASRock B860M 스틸레전드 WiFi 인텍앤컴퍼니,"263,520"
122620820,ASRock B860M-HDVP 에즈윈 (벌크),"146,680"
102412694,ASRock B860M-X Gen5 디앤디컴,"161,330"
104966246,ASRock B860M-X Gen5 에즈윈,"164,930"
103415765,ASRock B860M-X Gen5 에즈윈 (벌크),"144,280"
104628878,ASRock B860M-X Gen5 인텍앤컴퍼니,"166,110"
78307601,ASRock B860M-X 디앤디컴,"179,000"
74491253,ASRock B860M-X 에즈윈,"168,000"
74122352,ASRock B860M-X 인텍앤컴퍼니,"172,380"
17021852,ASRock H310CM-HDVP 에즈윈,"156,000"
67372934,ASRock H510M-HDV/M.2 SE 디앤디컴,"101,990"
59826524,ASRock H610M-H2/M.2 D4 디앤디컴,"75,980"
58432343,ASRock H610M-H2/M.2 D4 에즈윈,"73,250"
58623128,ASRock H610M-H2/M.2 D4 에즈윈 (벌크),"77,390"
79559189,ASRock H610M-H2/M.2 D4 인텍앤컴퍼니,"76,000"
28183691,ASRock H610M-H2/M.2 D5 디앤디컴,"78,210"
28183721,ASRock H610M-H2/M.2 D5 디앤디컴 (벌크),"77,990"
96776582,ASRock H610M-H2/M.2 D5 에즈윈,"70,030"
28029617,ASRock H610M-H2/M.2 D5 에즈윈 (벌크),"68,470"
101069831,ASRock H610M-HDV/M.2 D5 Gen5 디앤디컴,"95,450"
101074493,ASRock H610M-HDV/M.2 D5 Gen5 디앤디컴 (벌크),"94,120"
99714851,ASRock H610M-HDV/M.2 D5 Gen5 에즈윈,"98,670"
17792948,ASRock H610M-HDV/M.2 R2.0 D4 디앤디컴,"91,890"
17831603,ASRock H610M-HDV/M.2 R2.0 D4 디앤디컴 (벌크),"88,500"
17847224,ASRock H610M-HDV/M.2 R2.0 D4 에즈윈,"91,900"
17847233,ASRock H610M-HDV/M.2 R2.0 D4 에즈윈 (벌크),"87,900"
27546074,ASRock H610M-HDV/M.2+ D5 대원씨티에스,"89,810"
27409910,ASRock H610M-HDV/M.2+ D5 디앤디컴,"88,800"
28059134,ASRock H610M-HDV/M.2+ D5 디앤디컴 (벌크),"90,940"
25866491,ASRock H610M-HDV/M.2+ D5 에즈윈,"80,850"
25869083,ASRock H610M-HDV/M.2+ D5 에즈윈 (벌크),"83,690"
29880134,ASRock H610M-HVS M.2 R2.0 D4 대원씨티에스,"95,000"
69468782,ASRock H610M-HVS M.2 R2.0 D4 인텍앤컴퍼니,"97,200"
17793371,ASRock H610M-HVS/M.2 R2.0 D4 디앤디컴,"85,130"
104595728,ASRock H610M-X D5 Gen5 대원씨티에스,"102,180"
101069660,ASRock H610M-X D5 Gen5 디앤디컴,"112,180"
101074490,ASRock H610M-X D5 Gen5 디앤디컴 (벌크),"114,200"
103415738,ASRock H610M-X D5 Gen5 에즈윈,"112,250"
99714830,ASRock H610M-X D5 Gen5 에즈윈 (벌크),"109,610"
61423463,ASRock H610M-X D5 에즈윈 (벌크),"102,380"
69468680,ASRock H610M-X D5 인텍앤컴퍼니 (벌크),"109,000"
103187837,ASRock H610TM-ITX 에즈윈,"120W 어댑터 포함_208,990|180W 어댑터 포함_209,240"
103187819,ASRock H610TM-ITX 에즈윈 (벌크),"167,850"
92971409,ASRock H810M-H 인텍앤컴퍼니,"119,000"
105969083,ASRock H810M-HDVP 디앤디컴,"130,000"
106717637,ASRock H810M-HDVP 에즈윈 (벌크),"132,050"
106709246,ASRock H810M-P Gen5 + WiFi6E 랜카드 패키지 디앤디컴,"128,760"
106729403,ASRock H810M-P Gen5 + WiFi7 랜카드 패키지 디앤디컴,"150,010"
106689341,ASRock H810M-P Gen5 디앤디컴,"98,980"
106689347,ASRock H810M-P Gen5 디앤디컴 (벌크),"99,360"
106220351,ASRock H810M-P Gen5 에즈윈,"94,050"
106746197,ASRock H810M-P Gen5 인텍앤컴퍼니,"114,170"
106710032,ASRock H810M-X Gen5 + WiFi6E 랜카드 패키지 디앤디컴,"156,700"
106729391,ASRock H810M-X Gen5 + WiFi7 랜카드 패키지 디앤디컴,"177,500"
106689353,ASRock H810M-X Gen5 디앤디컴,"129,700"
106689356,ASRock H810M-X Gen5 디앤디컴 (벌크),"129,560"
104966219,ASRock H810M-X Gen5 에즈윈,"127,600"
122663744,ASRock H810M-X Gen5 에즈윈 (벌크),"128,670"
105184787,ASRock H810M-X Gen5 인텍앤컴퍼니,"134,000"
78307670,ASRock H810M-X WIFI 디앤디컴,"155,000"
78307739,ASRock H810M-X 디앤디컴,"116,490"
78312209,ASRock H810M-X 디앤디컴 (벌크),"114,930"
74885192,ASRock H810M-X 에즈윈,"128,310"
74885201,ASRock H810M-X 에즈윈 (벌크),"131,750"
103877579,ASRock H810TM-ITX 에즈윈 (벌크),"어댑터 미포함_178,630|120W 어댑터 포함_218,990|180W 어댑터 포함_228,990"
77784170,ASRock W790 WS R2.0 에즈윈,"1,276,500"
48647831,ASRock WRX90 WS EVO 대원씨티에스,"1,861,730"
68242124,ASRock X870 Pro RS WiFi 대원씨티에스,"316,850"
79410686,ASRock X870 Pro RS WiFi 디앤디컴,"324,000"
70101260,ASRock X870 Pro RS WiFi 에즈윈,"322,850"
68242145,ASRock X870 Pro RS 대원씨티에스,"278,000"
70875566,ASRock X870 Pro RS 디앤디컴,"292,780"
67695641,ASRock X870 Pro RS 에즈윈,"302,000"
98925365,ASRock X870 Pro-A WiFi 대원씨티에스,"296,790"
97224935,ASRock X870 Pro-A WiFi 디앤디컴,"308,990"
75541040,ASRock X870 Riptide WiFi 대원씨티에스,"315,590"
103750595,ASRock X870 Taichi Creator 대원씨티에스,"597,000"
68242061,ASRock X870 스틸레전드 WiFi 대원씨티에스,"319,210"
68440103,ASRock X870 스틸레전드 WiFi 디앤디컴,"344,800"
70769987,ASRock X870E Nova WiFi 대원씨티에스,"455,000"
72757274,ASRock X870E Nova WiFi 디앤디컴,"498,470"
67852967,ASRock X870E Nova WiFi 에즈윈,"481,950"
124056572,ASRock X870E Taichi WHITE 디앤디컴,"829,000"
68246816,ASRock X870E Taichi 대원씨티에스,"768,000"
68440085,ASRock X870E Taichi 디앤디컴,"799,000"
67850639,ASRock X870E Taichi 에즈윈,"753,000"
18052340,ASRock Z790 PG Lightning D5 에즈윈,"361,250"
20012147,ASRock Z790 Pro RS D5 + WiFi6E 모듈 패키지 디앤디컴,"386,000"
31959437,ASRock Z790 Pro RS D5 + WiFi7 모듈 패키지 디앤디컴,"405,000"
18060353,ASRock Z790 Pro RS D5 디앤디컴,"351,000"
18485645,ASRock Z790 Pro RS WiFi D5 디앤디컴,"354,000"
71007920,ASRock Z890 Lightning WiFi 에즈윈,"421,190"
69868430,ASRock Z890 LiveMixer WiFi 인텍앤컴퍼니,"369,000"
69471320,ASRock Z890 Nova WiFi 에즈윈,"529,000"
69868301,ASRock Z890 Nova WiFi 인텍앤컴퍼니,"490,500"
71010251,ASRock Z890 Pro RS WiFi White 디앤디컴,"319,000"
68687816,ASRock Z890 Pro RS WiFi White 에즈윈,"344,940"
122694851,ASRock Z890 Pro RS WiFi 디앤디컴,"308,240"
69868478,ASRock Z890 Pro RS WiFi 인텍앤컴퍼니,"320,000"
70006589,ASRock Z890 Pro RS 디앤디컴,"339,000"
68687615,ASRock Z890 Pro RS 에즈윈,"331,380"
78102458,ASRock Z890 Pro-A WiFi 디앤디컴,"316,220"
69053765,ASRock Z890 Pro-A WiFi 에즈윈,"320,740"
69868499,ASRock Z890 Pro-A WiFi 인텍앤컴퍼니,"316,000"
70006610,ASRock Z890 Pro-A 디앤디컴,"308,240"
68919209,ASRock Z890 Pro-A 에즈윈,"310,490"
69868004,ASRock Z890 Taichi AQUA 인텍앤컴퍼니,"1,514,290"
69868175,ASRock Z890 Taichi OCF 인텍앤컴퍼니,"938,990"
70000382,ASRock Z890 Taichi 디앤디컴,"677,110"
68776211,ASRock Z890 Taichi 에즈윈,"677,540"
69867902,ASRock Z890 Taichi 인텍앤컴퍼니,"699,000"
69471116,ASRock Z890I Nova WiFi 에즈윈,"661,250"
95420366,ASUS B850M MAX GAMING WIFI STCOM,"188,000"
93071258,ASUS B850M MAX GAMING WIFI 대원씨티에스,"182,560"
103188218,ASUS B850M MAX GAMING WIFI 인텍앤컴퍼니,"180,030"
4482977,ASUS B85M-G (중고),"29,000"
75536555,ASUS B860M AYW GAMING WIFI 인텍앤컴퍼니,"174,980"
7452148,ASUS EX A320M-GAMING 대원씨티에스,"116,000"
18652511,ASUS EX B760M-V5 D4 코잇,"121,990"
16260506,ASUS EX H610M-V3 D4 STCOM,"97,900"
3548546,ASUS H110M-K STCOM,"123,170"
76463696,ASUS H810M AYW GAMING WIFI STCOM,"155,760"
77083265,ASUS H810M AYW GAMING WIFI 코잇,"153,470"
76463777,ASUS H810M AYW GAMING WIFI-CSM STCOM,"161,000"
6145321,ASUS H97-PLUS (중고),"96,000"
14872736,ASUS P11C-X 인텍앤컴퍼니,"445,470"
19927871,ASUS P12R-I STCOM,"358,990"
123033137,ASUS P13R-E STCOM,"807,400"
122712415,ASUS P13R-M STCOM,"743,320"
3226637,ASUS P9D-MH/10G-DUAL STCOM,"525,000"
16284179,ASUS PRIME A520M-A II 대원씨티에스,"79,770"
122721897,ASUS PRIME A520M-K ARGB 대원씨티에스,"66,420"
12060293,ASUS PRIME A520M-K STCOM,"64,930"
12069566,ASUS PRIME A520M-K 대원씨티에스,"60,300"
122643555,ASUS PRIME A520M-K 인텍앤컴퍼니,"61,330"
104989559,ASUS PRIME A620AM-A STCOM,"124,850"
106703432,ASUS PRIME A620AM-A 대원씨티에스,"109,000"
106703318,ASUS PRIME A620AM-K 대원씨티에스,"109,750"
19924310,ASUS PRIME A620M-A STCOM,"280,000"
19926611,ASUS PRIME A620M-A 대원씨티에스,"121,000"
21428693,ASUS PRIME A620M-K 대원씨티에스,"117,300"
11574458,ASUS PRIME B550M-A 대원씨티에스,"123,380"
105968858,ASUS PRIME B550M-K ARGB STCOM,"113,940"
105968849,ASUS PRIME B550M-K ARGB 대원씨티에스,"108,170"
18128375,ASUS PRIME B650-PLUS STCOM,"332,280"
96712895,ASUS PRIME B650EM-A STCOM,"147,000"
122723330,ASUS PRIME B650EM-A WIFI-CSM 대원씨티에스,"162,990"
97119959,ASUS PRIME B650EM-A 대원씨티에스,"143,990"
102004853,ASUS PRIME B650EM-A 인텍앤컴퍼니,"159,000"
19163258,ASUS PRIME B650M-A II STCOM,"227,000"
19691519,ASUS PRIME B650M-A II 대원씨티에스,"134,000"
19429325,ASUS PRIME B760-PLUS STCOM,"288,000"
19772519,ASUS PRIME B760-PLUS 인텍앤컴퍼니,"279,000"
19756130,ASUS PRIME B760-PLUS 코잇,"250,250"
18652898,ASUS PRIME B760M-A D4 STCOM,"128,870"
106708949,ASUS PRIME B760M-A D4 코잇,"132,710"
19605602,ASUS PRIME B760M-A STCOM,"154,320"
19772375,ASUS PRIME B760M-A 인텍앤컴퍼니,"149,000"
19704527,ASUS PRIME B760M-A 코잇,"141,000"
18652895,ASUS PRIME B760M-K D4 STCOM,"123,630"
18652442,ASUS PRIME B760M-K D4 코잇,"123,470"
20710217,ASUS PRIME B760M-K 인텍앤컴퍼니,"130,890"
20343650,ASUS PRIME B760M-K 코잇,"138,600"
20612690,ASUS PRIME B760M-KS 코잇 (벌크),"134,710"
34372580,ASUS PRIME B760M-PLUS-CSM STCOM,"224,630"
34810925,ASUS PRIME B760M-PLUS-CSM 인텍앤컴퍼니,"169,000"
73769357,ASUS PRIME B840-PLUS WIFI-CSM 대원씨티에스,"282,720"
73884143,ASUS PRIME B840M-A WIFI-CSM STCOM,"239,400"
73769318,ASUS PRIME B840M-A WIFI-CSM 대원씨티에스,"234,980"
73884173,ASUS PRIME B840M-A-CSM STCOM,"221,350"
73769342,ASUS PRIME B840M-A-CSM 대원씨티에스,"223,110"
74491244,ASUS PRIME B840M-A-CSM 인텍앤컴퍼니,"144,240"
95420537,ASUS PRIME B850M-A-CSM STCOM,"215,990"
93022751,ASUS PRIME B850M-A-CSM 대원씨티에스,"190,680"
101184890,ASUS PRIME B850M-A-CSM 인텍앤컴퍼니,"194,060"
74255120,ASUS PRIME B860-PLUS WIFI-CSM STCOM,"293,990"
74255327,ASUS PRIME B860-PLUS WIFI-CSM 인텍앤컴퍼니,"214,000"
74255114,ASUS PRIME B860-PLUS-CSM STCOM,"294,000"
74255033,ASUS PRIME B860M-A WIFI-CSM STCOM,"247,000"
74255204,ASUS PRIME B860M-A WIFI-CSM 인텍앤컴퍼니,"207,670"
100698416,ASUS PRIME B860M-A WIFI-CSM 코잇,"205,960"
74255060,ASUS PRIME B860M-A-CSM STCOM,"226,990"
74255321,ASUS PRIME B860M-A-CSM 인텍앤컴퍼니,"178,990"
74337680,ASUS PRIME B860M-A-CSM 코잇,"178,050"
74255084,ASUS PRIME B860M-K-CSM STCOM,"186,000"
6024335,ASUS PRIME H310M-K STCOM,"156,000"
16971290,ASUS PRIME H410M-A STCOM,"120,000"
28511822,ASUS PRIME H510M-K R2.0 STCOM,"116,500"
20027564,ASUS PRIME H510M-K R2.0 인텍앤컴퍼니,"300,000"
14005334,ASUS PRIME H510M-K 인텍앤컴퍼니,"142,100"
29393921,ASUS PRIME H610I-PLUS 코잇,"190,470"
16103177,ASUS PRIME H610M-A D4 STCOM,"106,890"
34739282,ASUS PRIME H610M-CS 2.5G 코잇,"112,990"
20344700,ASUS PRIME H610M-CS D4 코잇,"75,080"
29942195,ASUS PRIME H610M-D 코잇,"110,490"
27572138,ASUS PRIME H610M-E 인텍앤컴퍼니,"166,170"
27675110,ASUS PRIME H610M-E 코잇,"107,790"
28857623,ASUS PRIME H610M-K ARGB 인텍앤컴퍼니,"127,000"
16083650,ASUS PRIME H610M-K D4 인텍앤컴퍼니,"76,590"
28857518,ASUS PRIME H610M-K D5 인텍앤컴퍼니,"79,900"
74336033,ASUS PRIME H810M-A STCOM,"125,390"
74336888,ASUS PRIME H810M-A WIFI STCOM,"154,990"
74336894,ASUS PRIME H810M-A WIFI-CSM STCOM,"158,990"
75720068,ASUS PRIME H810M-A 인텍앤컴퍼니,"122,260"
77083181,ASUS PRIME H810M-A 코잇,"120,440"
74336102,ASUS PRIME H810M-A-CSM STCOM,"137,990"
100691990,ASUS PRIME H810M-E 코잇,"113,170"
104989499,ASUS PRIME H810M-K STCOM,"123,990"
104616128,ASUS PRIME H810M-K 인텍앤컴퍼니,"87,970"
108167225,ASUS PRIME H810M-X 2.5G Gen5 코잇,"118,340"
67693886,ASUS PRIME X870-P WIFI-CSM STCOM,"379,590"
67851653,ASUS PRIME X870-P WIFI-CSM 대원씨티에스,"327,650"
67693952,ASUS PRIME X870-P-CSM STCOM,"346,000"
67851971,ASUS PRIME X870-P-CSM 대원씨티에스,"321,000"
18054881,ASUS PRIME Z790-P WIFI-CSM 코잇,"383,990"
18054803,ASUS PRIME Z790-P-CSM 코잇,"340,180"
20079008,ASUS PRIME Z790M-PLUS-CSM 코잇,"348,990"
69661250,ASUS PRIME Z890-P WIFI-CSM STCOM,"407,090"
69656816,ASUS PRIME Z890-P WIFI-CSM 인텍앤컴퍼니,"398,880"
69696089,ASUS PRIME Z890-P WIFI-CSM 코잇,"375,900"
69661526,ASUS PRIME Z890-P-CSM STCOM,"368,000"
69656858,ASUS PRIME Z890-P-CSM 인텍앤컴퍼니,"338,990"
69696269,ASUS PRIME Z890-P-CSM 코잇,"330,220"
70002455,ASUS PRIME Z890M-PLUS WIFI-CSM STCOM,"379,000"
69696464,ASUS PRIME Z890M-PLUS WIFI-CSM 코잇,"365,320"
99913676,ASUS PRO WS B850M-ACE SE STCOM,"622,490"
96259139,ASUS PRO WS TRX50-SAGE WiFi A 아이보라,"1,405,050"
32126690,ASUS PRO WS TRX50-SAGE WiFi STCOM,"1,350,000"
32487287,ASUS PRO WS TRX50-SAGE WiFi 대원씨티에스,"1,396,980"
19556732,ASUS PRO WS W680-ACE IPMI STCOM,"728,000"
19556996,ASUS PRO WS W680-ACE STCOM,"657,220"
25208807,ASUS PRO WS W790-ACE STCOM,"1,539,990"
25129808,ASUS PRO WS W790E-SAGE SE STCOM,"2,206,570"
28780247,ASUS PRO WS W790E-SAGE SE 대원씨티에스,"2,475,640"
92687522,ASUS PRO WS W880-ACE SE STCOM,"845,250"
122701088,ASUS PRO WS W880-ACE SE 아이보라,"746,500"
122718531,ASUS PRO WS W890-SAGE STCOM,"1,570,490"
123775341,ASUS PRO WS W890-SAGE 아이보라,"1,579,980"
122621970,ASUS PRO WS W890E-SAGE SE STCOM,"2,435,000"
122718845,ASUS PRO WS W890E-SAGE SE 아이보라,"2,399,780"
38347157,ASUS PRO WS WRX90E-SAGE SE STCOM,"2,182,000"
45257993,ASUS PRO WS WRX90E-SAGE SE 대원씨티에스,"2,081,280"
77382695,ASUS PRO WS Z890-ACE SE STCOM,"874,000"
17193002,ASUS Pro H610T/CSM D4 코잇 (벌크),"기본_175,760|120W 어댑터_203,020"
122670803,ASUS ProArt B850-CREATOR WIFI NEO STCOM,"379,000"
122641599,ASUS ProArt B850-CREATOR WIFI NEO 대원씨티에스,"367,230"
122663533,ASUS ProArt B850-CREATOR WIFI NEO 인텍앤컴퍼니,"368,610"
67694132,ASUS ProArt X870E-CREATOR WIFI STCOM,"768,000"
67852106,ASUS ProArt X870E-CREATOR WIFI 대원씨티에스,"744,030"
70001147,ASUS ProArt Z890-CREATOR WIFI STCOM,"828,840"
69696563,ASUS ProArt Z890-CREATOR WIFI 코잇,"837,620"
122690875,ASUS ROG CROSSHAIR 2006 STCOM,"1,244,960"
123651170,ASUS ROG CROSSHAIR 2006 대원씨티에스,"1,245,390"
122705643,ASUS ROG CROSSHAIR 2006 인텍앤컴퍼니,"1,189,050"
12701975,ASUS ROG CROSSHAIR VIII DARK HERO STCOM,"750,000"
92971469,ASUS ROG CROSSHAIR X870E APEX STCOM,"970,170"
93019088,ASUS ROG CROSSHAIR X870E APEX 대원씨티에스,"958,500"
104554913,ASUS ROG CROSSHAIR X870E DARK HERO STCOM,"1,151,130"
104989463,ASUS ROG CROSSHAIR X870E DARK HERO 대원씨티에스,"1,063,820"
93018986,ASUS ROG CROSSHAIR X870E EXTREME STCOM,"1,470,670"
93022430,ASUS ROG CROSSHAIR X870E EXTREME 대원씨티에스,"1,474,790"
97476398,ASUS ROG CROSSHAIR X870E HERO BTF STCOM,"1,097,160"
67694456,ASUS ROG CROSSHAIR X870E HERO STCOM,"1,015,660"
67852211,ASUS ROG CROSSHAIR X870E HERO 대원씨티에스,"1,357,700"
77460956,ASUS ROG CROSSHAIR X870E HERO 인텍앤컴퍼니,"924,950"
13875599,ASUS ROG MAXIMUS XIII APEX 인텍앤컴퍼니,"650,000"
16285538,ASUS ROG MAXIMUS Z690 EXTREME GLACIAL STCOM,"3,500,000"
28803482,ASUS ROG MAXIMUS Z790 APEX ENCORE STCOM,"898,000"
18059849,ASUS ROG MAXIMUS Z790 HERO STCOM,"1,444,980"
18254819,ASUS ROG MAXIMUS Z790 HERO 코잇,"1,038,490"
69661643,ASUS ROG MAXIMUS Z890 APEX STCOM,"748,980"
69566399,ASUS ROG MAXIMUS Z890 APEX 인텍앤컴퍼니,"724,350"
69696602,ASUS ROG MAXIMUS Z890 APEX 코잇,"729,610"
69696641,ASUS ROG MAXIMUS Z890 EXTREME 코잇,"1,844,000"
69661799,ASUS ROG MAXIMUS Z890 HERO STCOM,"1,192,320"
69566996,ASUS ROG MAXIMUS Z890 HERO 인텍앤컴퍼니,"935,000"
69696719,ASUS ROG MAXIMUS Z890 HERO 코잇,"905,500"
13924805,ASUS ROG STRIX B560-A GAMING WIFI STCOM,"500,000"
18044567,ASUS ROG STRIX B650-A GAMING WIFI STCOM,"364,000"
18021842,ASUS ROG STRIX B650-A GAMING WIFI 대원씨티에스,"300,950"
18044582,ASUS ROG STRIX B650E-E GAMING WIFI STCOM,"476,500"
18265715,ASUS ROG STRIX B650E-F GAMING WIFI 대원씨티에스,"593,000"
19903481,ASUS ROG STRIX B760-G GAMING WIFI 코잇,"219,230"
18662789,ASUS ROG STRIX B760-I GAMING WIFI STCOM,"398,990"
18716924,ASUS ROG STRIX B760-I GAMING WIFI 코잇,"376,990"
73883867,ASUS ROG STRIX B850-A GAMING WIFI STCOM,"365,650"
73764137,ASUS ROG STRIX B850-A GAMING WIFI 대원씨티에스,"417,110"
78099548,ASUS ROG STRIX B850-A GAMING WIFI 인텍앤컴퍼니,"408,990"
122670765,ASUS ROG STRIX B850-A GAMING WIFI7 NEO STCOM,"399,140"
122642245,ASUS ROG STRIX B850-A GAMING WIFI7 NEO 대원씨티에스,"375,600"
122663567,ASUS ROG STRIX B850-A GAMING WIFI7 NEO 인텍앤컴퍼니,"392,630"
77618858,ASUS ROG STRIX B850-E GAMING WIFI STCOM,"510,910"
73767836,ASUS ROG STRIX B850-E GAMING WIFI 대원씨티에스,"508,460"
77460890,ASUS ROG STRIX B850-E GAMING WIFI 인텍앤컴퍼니,"547,290"
73883918,ASUS ROG STRIX B850-F GAMING WIFI STCOM,"384,440"
73767989,ASUS ROG STRIX B850-F GAMING WIFI 대원씨티에스,"422,550"
76944080,ASUS ROG STRIX B850-F GAMING WIFI 인텍앤컴퍼니,"448,990"
122637941,ASUS ROG STRIX B850-F GAMING WIFI7 NEO STCOM,"432,370"
122642236,ASUS ROG STRIX B850-F GAMING WIFI7 NEO 대원씨티에스,"425,320"
122663559,ASUS ROG STRIX B850-F GAMING WIFI7 NEO 인텍앤컴퍼니,"446,130"
95420465,ASUS ROG STRIX B850-G GAMING WIFI STCOM,"369,890"
94815752,ASUS ROG STRIX B850-G GAMING WIFI 대원씨티에스,"349,000"
73883963,ASUS ROG STRIX B850-I GAMING WIFI STCOM,"439,870"
73768364,ASUS ROG STRIX B850-I GAMING WIFI 대원씨티에스,"460,740"
76946525,ASUS ROG STRIX B850-I GAMING WIFI 인텍앤컴퍼니,"376,670"
74254586,ASUS ROG STRIX B860-A GAMING WIFI STCOM,"399,000"
74255333,ASUS ROG STRIX B860-A GAMING WIFI 인텍앤컴퍼니,"398,990"
74253692,ASUS ROG STRIX B860-F GAMING WIFI STCOM,"440,720"
74255336,ASUS ROG STRIX B860-F GAMING WIFI 인텍앤컴퍼니,"431,940"
74338013,ASUS ROG STRIX B860-F GAMING WIFI 코잇,"438,790"
74338115,ASUS ROG STRIX B860-G GAMING WIFI 코잇,"280,300"
74253203,ASUS ROG STRIX B860-I GAMING WIFI STCOM,"420,430"
17926748,ASUS ROG STRIX X670E-A GAMING WIFI STCOM,"670,900"
17926787,ASUS ROG STRIX X670E-A GAMING WIFI 대원씨티에스,"421,940"
13158504,ASUS ROG STRIX X670E-F GAMING WIFI STCOM,"749,000"
67694840,ASUS ROG STRIX X870-A GAMING WIFI STCOM,"538,000"
67852265,ASUS ROG STRIX X870-A GAMING WIFI 대원씨티에스,"698,990"
77460980,ASUS ROG STRIX X870-A GAMING WIFI 인텍앤컴퍼니,"539,000"
67695545,ASUS ROG STRIX X870-F GAMING WIFI STCOM,"712,000"
67852793,ASUS ROG STRIX X870-F GAMING WIFI 대원씨티에스,"647,460"
67976948,ASUS ROG STRIX X870-I GAMING WIFI STCOM,"741,300"
67852946,ASUS ROG STRIX X870-I GAMING WIFI 대원씨티에스,"740,000"
122930700,ASUS ROG STRIX X870-I GAMING WIFI 인텍앤컴퍼니,"520,000"
122676913,ASUS ROG STRIX X870E-A GAMING WIFI7 NEO STCOM,"687,270"
122645205,ASUS ROG STRIX X870E-A GAMING WIFI7 NEO 대원씨티에스,"671,830"
122663659,ASUS ROG STRIX X870E-A GAMING WIFI7 NEO 인텍앤컴퍼니,"663,130"
67694921,ASUS ROG STRIX X870E-E GAMING WIFI STCOM,"835,000"
67852766,ASUS ROG STRIX X870E-E GAMING WIFI 대원씨티에스,"1,050,000"
122684807,ASUS ROG STRIX X870E-E GAMING WIFI7 NEO STCOM,"910,980"
122642210,ASUS ROG STRIX X870E-E GAMING WIFI7 NEO 대원씨티에스,"891,340"
97476215,ASUS ROG STRIX X870E-H GAMING WIFI7 STCOM,"569,000"
98544125,ASUS ROG STRIX X870E-H GAMING WIFI7 대원씨티에스,"626,000"
11210097,ASUS ROG STRIX Z490-E GAMING STCOM,"500,000"
13355441,ASUS ROG STRIX Z590-F GAMING WIFI 인텍앤컴퍼니,"600,000"
69656168,ASUS ROG STRIX Z890-A GAMING WIFI 인텍앤컴퍼니,"518,900"
69662105,ASUS ROG STRIX Z890-E GAMING WIFI STCOM,"825,180"
69656276,ASUS ROG STRIX Z890-E GAMING WIFI 인텍앤컴퍼니,"786,450"
69696863,ASUS ROG STRIX Z890-E GAMING WIFI 코잇,"814,970"
69662114,ASUS ROG STRIX Z890-F GAMING WIFI STCOM,"730,000"
69656426,ASUS ROG STRIX Z890-F GAMING WIFI 인텍앤컴퍼니,"716,830"
69696959,ASUS ROG STRIX Z890-F GAMING WIFI 코잇,"744,500"
74808266,ASUS ROG STRIX Z890-I GAMING WIFI 인텍앤컴퍼니,"786,450"
69697016,ASUS ROG STRIX Z890-I GAMING WIFI 코잇,"738,280"
12761789,ASUS ROG ZENITH EXTREME ALPHA 대원씨티에스,"741,930"
13396157,ASUS TUF B450M-PRO GAMING (해외구매),"182,770"
20318291,ASUS TUF Gaming A620-PRO WIFI STCOM,"277,000"
19925807,ASUS TUF Gaming A620M-PLUS STCOM,"186,000"
19926059,ASUS TUF Gaming A620M-PLUS WIFI STCOM,"205,000"
19927037,ASUS TUF Gaming A620M-PLUS WIFI 대원씨티에스,"181,000"
19926731,ASUS TUF Gaming A620M-PLUS 대원씨티에스,"154,990"
11571368,ASUS TUF Gaming B550M-PLUS STCOM,"159,000"
18398498,ASUS TUF Gaming B560M-PLUS WIFI (해외구매),"291,710"
13561976,ASUS TUF Gaming B560M-PLUS WIFI 인텍앤컴퍼니,"330,000"
18044558,ASUS TUF Gaming B650-PLUS WIFI STCOM,"358,710"
18021662,ASUS TUF Gaming B650-PLUS WIFI 대원씨티에스,"377,200"
95421218,ASUS TUF Gaming B650EM-E WIFI STCOM,"207,000"
93703418,ASUS TUF Gaming B650EM-E WIFI 대원씨티에스,"200,650"
99893756,ASUS TUF Gaming B650EM-E WIFI 인텍앤컴퍼니,"189,000"
48476933,ASUS TUF Gaming B650M-E STCOM,"214,460"
21427535,ASUS TUF Gaming B650M-E WIFI 대원씨티에스,"267,000"
18044519,ASUS TUF Gaming B650M-PLUS STCOM,"267,430"
18044522,ASUS TUF Gaming B650M-PLUS WIFI STCOM,"249,640"
16085327,ASUS TUF Gaming B660M-E D4 인텍앤컴퍼니,"226,900"
19306598,ASUS TUF Gaming B760-PLUS WIFI 인텍앤컴퍼니,"462,000"
19756199,ASUS TUF Gaming B760-PLUS WIFI 코잇,"278,090"
34815659,ASUS TUF Gaming B760M-PLUS II 코잇,"161,960"
19628207,ASUS TUF Gaming B760M-PLUS 코잇,"190,890"
96656717,ASUS TUF Gaming B850-BTF WIFI W STCOM,"401,370"
92678840,ASUS TUF Gaming B850-BTF WIFI W 인텍앤컴퍼니,"390,680"
73884083,ASUS TUF Gaming B850-PLUS WIFI STCOM,"319,700"
73763492,ASUS TUF Gaming B850-PLUS WIFI 대원씨티에스,"306,090"
77460911,ASUS TUF Gaming B850-PLUS WIFI 인텍앤컴퍼니,"318,980"
122670820,ASUS TUF Gaming B850-PRO WIFI7 W NEO STCOM,"337,570"
122642328,ASUS TUF Gaming B850-PRO WIFI7 W NEO 대원씨티에스,"327,750"
122663671,ASUS TUF Gaming B850-PRO WIFI7 W NEO 인텍앤컴퍼니,"328,400"
95988443,ASUS TUF Gaming B850M-E WIFI STCOM,"252,990"
97121303,ASUS TUF Gaming B850M-E WIFI 대원씨티에스,"232,620"
95988578,ASUS TUF Gaming B850M-PLUS II STCOM,"248,000"
97119116,ASUS TUF Gaming B850M-PLUS II 대원씨티에스,"230,240"
103188215,ASUS TUF Gaming B850M-PLUS II 인텍앤컴퍼니,"240,370"
73884029,ASUS TUF Gaming B850M-PLUS STCOM,"254,000"
73884041,ASUS TUF Gaming B850M-PLUS WIFI STCOM,"251,000"
73763909,ASUS TUF Gaming B850M-PLUS WIFI 대원씨티에스,"258,900"
74491250,ASUS TUF Gaming B850M-PLUS WIFI 인텍앤컴퍼니,"274,550"
95988710,ASUS TUF Gaming B850M-PLUS WIFI7 STCOM,"269,000"
95988944,ASUS TUF Gaming B850M-PLUS WIFI7 W STCOM,"276,500"
97120361,ASUS TUF Gaming B850M-PLUS WIFI7 W 대원씨티에스,"271,230"
101184935,ASUS TUF Gaming B850M-PLUS WIFI7 W 인텍앤컴퍼니,"269,950"
97118543,ASUS TUF Gaming B850M-PLUS WIFI7 대원씨티에스,"259,870"
99894263,ASUS TUF Gaming B850M-PLUS WIFI7 인텍앤컴퍼니,"265,880"
73883426,ASUS TUF Gaming B850M-PLUS 대원씨티에스,"328,890"
74254724,ASUS TUF Gaming B860-PLUS WIFI STCOM,"282,940"
74255378,ASUS TUF Gaming B860-PLUS WIFI 인텍앤컴퍼니,"281,270"
74254832,ASUS TUF Gaming B860M-PLUS STCOM,"245,000"
74254814,ASUS TUF Gaming B860M-PLUS WIFI STCOM,"276,990"
67695563,ASUS TUF Gaming X870-PLUS WIFI STCOM,"437,000"
67852838,ASUS TUF Gaming X870-PLUS WIFI 대원씨티에스,"381,960"
74814188,ASUS TUF Gaming X870-PLUS WIFI 인텍앤컴퍼니,"334,370"
122621357,ASUS TUF Gaming X870-PRO WIFI7 W NEO STCOM,"406,390"
106746452,ASUS TUF Gaming X870-PRO WIFI7 W NEO 대원씨티에스,"391,700"
97475957,ASUS TUF Gaming X870E-PLUS WIFI7 STCOM,"417,950"
99288923,ASUS TUF Gaming X870E-PLUS WIFI7 대원씨티에스,"402,340"
103183034,ASUS TUF Gaming X870E-PLUS WIFI7 인텍앤컴퍼니,"418,990"
13587644,ASUS TUF Gaming Z590-PLUS 인텍앤컴퍼니,"500,000"
69697058,ASUS TUF Gaming Z890-PLUS WIFI 코잇,"397,420"
69662171,ASUS TUF Gaming Z890-PRO WIFI STCOM,"412,880"
8345859,ASUS WS X299 SAGE/10G STCOM,"1,219,000"
42860537,ASUS Z13PE-D16 STCOM,"2,054,990"
69662327,ASUS Z890 AYW GAMING WIFI W STCOM,"424,980"
69661004,ASUS Z890 AYW GAMING WIFI W 인텍앤컴퍼니,"395,010"
69697280,ASUS Z890 AYW GAMING WIFI W 코잇,"392,290"
6897841,B150 M-ATX (중고),"29,130"
11973377,B360 (중고),"34,900"
11973419,B365 (중고),"34,000"
13902929,B450 (중고),"50,000"
108411866,BIOSTAR A520MSP 제이씨현,"61,990"
97903310,BIOSTAR A620MS-E 제이씨현,"89,550"
29759561,BIOSTAR B650MT-E PRO 제이씨현,"118,810"
78102320,BIOSTAR B850MT-E PRO 제이씨현,"142,510"
95930900,BIOSTAR B850MT2-E DJ 제이씨현,"126,590"
20178734,BIOSTAR H610MH D5 이엠텍,"98,050"
28248743,BIOSTAR H610MHD D5 제이씨현,"79,050"
28248950,BIOSTAR H610MS 제이씨현,"65,000"
103694657,BIOSTAR H610MT-E D5 제이씨현,"83,156"
122645671,BIOSTAR H810MT-E 2.0 제이씨현,"107,900"
30311870,COLORFUL BATTLE-AX A520M-K M.2 V14 STCOM,"161,220"
106785044,COLORFUL BATTLE-AX A520M-K M.2 V14 도우정보,"68,000"
106784699,COLORFUL BATTLE-AX B650M-E PRO V14 도우정보,"116,000"
60151763,COLORFUL BATTLE-AX B650M-PLUS V14 STCOM,"138,270"
106785122,COLORFUL BATTLE-AX B760M-D PRO D4 V20 도우정보,"125,000"
20738630,COLORFUL BATTLE-AX B760M-K V20 D5 STCOM,"124,610"
18663323,COLORFUL BATTLE-AX B760M-PLUS V20 D5 STCOM,"149,750"
94129904,COLORFUL BATTLE-AX B850M-PLUS PRO WIFI V14 STCOM,"178,600"
124075601,COLORFUL BATTLE-AX B850M-PLUS S WIFI7 V14 도우정보,"208,990"
106784549,COLORFUL BATTLE-AX B850M-T WIFI V14 도우정보,"165,000"
58115534,COLORFUL COLORFIRE B760M-MEOW WIFI D5 ORANGE STCOM,"236,990"
89861528,COLORFUL CVN X870 ARK FROZEN V14 STCOM,"340,380"
124076275,COLORFUL CVN X870E ARK FROZEN V14 도우정보,"389,000"
106785227,COLORFUL H610M-D V20A 도우정보,"75,000"
19523846,COLORFUL H610M-E M.2 V20 D4 STCOM,"77,740"
19753526,ECS DURATHON2 B760H7-M8 코잇,"142,580"
19673975,ECS DURATHON2 B760H7-M8 코잇 (벌크),"142,140"
10525329,ECS DURATHON2 GLKD-I-J4005 코잇 (벌크),"기본_475,990|65W 어댑터_470,580"
16313690,ECS DURATHON2 GLKD-I-N4020 코잇 (벌크),"기본_475,990|65W 어댑터_495,990"
17395088,ECS DURATHON2 H610H7-M2 코잇,"103,220"
19240112,ECS H610H7-TI5 코잇,"기본_165,000"
122678230,ECS H810H8-TI 코잇,"175,460||"
6500307,GIGABYTE A320M-H 듀러블에디션 피씨디렉트,"110,000"
20459081,GIGABYTE A520M K V2 제이씨현,"55,990"
19431530,GIGABYTE A520M K V2 피씨디렉트,"57,170"
12077093,GIGABYTE A520M S2H 듀러블에디션 제이씨현,"465,000"
19673600,GIGABYTE A620M GAMING X 제이씨현,"151,520"
19725299,GIGABYTE A620M GAMING X 피씨디렉트,"169,840"
106465508,GIGABYTE A620M H 피씨디렉트,"98,930"
11684576,GIGABYTE B550M AORUS ELITE 제이씨현,"117,680"
11751599,GIGABYTE B550M AORUS ELITE 피씨디렉트,"117,340"
124298817,GIGABYTE B550M X AORUS ELITE 피씨디렉트,"144,000"
18397403,GIGABYTE B560M AORUS PRO AX (해외구매),"278,200"
30070400,GIGABYTE B650 AORUS ELITE AX ICE 제이씨현,"262,000"
32078006,GIGABYTE B650 AORUS ELITE V2 제이씨현,"200,000"
32071067,GIGABYTE B650 AORUS ELITE V2 피씨디렉트,"361,300"
18189497,GIGABYTE B650 AORUS ELITE 피씨디렉트,"212,500"
34741730,GIGABYTE B650E AORUS ELITE X AX ICE 제이씨현,"251,690"
102553601,GIGABYTE B650EM DS3H WIFI6E 피씨디렉트,"160,380"
29863127,GIGABYTE B650M AORUS ELITE AX ICE 제이씨현,"291,400"
29916821,GIGABYTE B650M AORUS ELITE AX ICE 피씨디렉트,"239,040"
18113015,GIGABYTE B650M AORUS ELITE AX 피씨디렉트,"198,990"
17970338,GIGABYTE B650M AORUS ELITE 제이씨현,"164,220"
20324882,GIGABYTE B650M K 제이씨현,"112,430"
21727307,GIGABYTE B650M K 피씨디렉트,"113,420"
21731021,GIGABYTE B650M S2H 제이씨현,"174,720"
105817802,GIGABYTE B760M AORUS ELITE D4 GEN5 제이씨현,"177,480"
105813494,GIGABYTE B760M AORUS ELITE D4 GEN5 피씨디렉트,"173,400"
18651545,GIGABYTE B760M AORUS ELITE D4 피씨디렉트,"197,330"
90271250,GIGABYTE B760M AORUS ELITE GEN5 제이씨현,"176,390"
90502931,GIGABYTE B760M AORUS ELITE GEN5 피씨디렉트,"178,980"
18649997,GIGABYTE B760M AORUS ELITE 제이씨현,"190,000"
18651431,GIGABYTE B760M AORUS ELITE 피씨디렉트,"190,000"
94888226,GIGABYTE B760M D2HX LITE SI GEN5 피씨디렉트 (벌크),"101,080"
106044725,GIGABYTE B760M DS3H D4 GEN5 제이씨현,"133,050"
109597367,GIGABYTE B760M DS3H D4 GEN5 피씨디렉트,"132,150"
18650483,GIGABYTE B760M DS3H D4 제이씨현,"123,140"
18651560,GIGABYTE B760M DS3H D4 피씨디렉트,"122,890"
91871951,GIGABYTE B760M DS3H GEN5 제이씨현,"132,990"
91872095,GIGABYTE B760M DS3H GEN5 피씨디렉트,"139,790"
106047329,GIGABYTE B760M DS3H WIFI6E D4 GEN5 제이씨현,"155,120"
105968915,GIGABYTE B760M DS3H WIFI6E D4 GEN5 피씨디렉트,"148,600"
18813608,GIGABYTE B760M DS3H 제이씨현,"139,000"
18781991,GIGABYTE B760M DS3H 피씨디렉트,"151,720"
73892279,GIGABYTE B850 AORUS ELITE WIFI7 ICE 제이씨현,"289,030"
73891778,GIGABYTE B850 AORUS ELITE WIFI7 ICE 피씨디렉트,"295,200"
73892309,GIGABYTE B850 AORUS ELITE WIFI7 제이씨현,"280,370"
73891739,GIGABYTE B850 AORUS ELITE WIFI7 피씨디렉트,"279,290"
122726156,GIGABYTE B850 AORUS ELITE X3D 제이씨현,"317,980"
122718466,GIGABYTE B850 AORUS ELITE X3D 피씨디렉트,"314,240"
124088229,GIGABYTE B850 AORUS ELITE-P ICE 제이씨현,"319,020"
124130429,GIGABYTE B850 AORUS ELITE-P ICE 피씨디렉트,"316,430"
93500939,GIGABYTE B850 AORUS STEALTH ICE 제이씨현,"379,000"
93442604,GIGABYTE B850 AORUS STEALTH ICE 피씨디렉트,"386,490"
108227489,GIGABYTE B850 AORUS STEALTH 제이씨현,"378,990"
104966336,GIGABYTE B850 AORUS STEALTH 피씨디렉트,"385,570"
99746582,GIGABYTE B850 EAGLE ICE 제이씨현,"224,890"
100192475,GIGABYTE B850 EAGLE ICE 피씨디렉트,"220,230"
77856971,GIGABYTE B850I AORUS PRO 피씨디렉트,"315,490"
73892423,GIGABYTE B850M AORUS ELITE WIFI6E ICE 제이씨현,"218,180"
73892000,GIGABYTE B850M AORUS ELITE WIFI6E ICE 피씨디렉트,"224,100"
78843671,GIGABYTE B850M AORUS ELITE WIFI6E 제이씨현,"214,630"
79000790,GIGABYTE B850M AORUS ELITE WIFI6E 피씨디렉트,"222,440"
99746822,GIGABYTE B850M AORUS ELITE WIFI7 ICE-P 제이씨현,"315,000"
99945386,GIGABYTE B850M AORUS ELITE WIFI7 ICE-P 피씨디렉트,"236,500"
106727312,GIGABYTE B850M AORUS PRO WIFI7 제이씨현,"250,870"
106695713,GIGABYTE B850M AORUS PRO WIFI7 피씨디렉트,"258,490"
122711070,GIGABYTE B850M AORUS STEALTH ICE 제이씨현,"298,790"
122710775,GIGABYTE B850M AORUS STEALTH ICE 피씨디렉트,"281,020"
122711072,GIGABYTE B850M AORUS STEALTH 제이씨현,"278,750"
122710792,GIGABYTE B850M AORUS STEALTH 피씨디렉트,"287,670"
77460818,GIGABYTE B850M DS3H ICE 제이씨현,"164,270"
77620880,GIGABYTE B850M DS3H ICE 피씨디렉트,"154,140"
73892354,GIGABYTE B850M DS3H 제이씨현,"158,990"
73892084,GIGABYTE B850M DS3H 피씨디렉트,"155,140"
122699665,GIGABYTE B850M FORCE V2 제이씨현,"155,900"
106704263,GIGABYTE B850M FORCE V2 피씨디렉트,"149,340"
95280263,GIGABYTE B850M FORCE 제이씨현,"147,300"
95200499,GIGABYTE B850M FORCE 피씨디렉트,"151,490"
122697197,GIGABYTE B850M GAMING X WIFI6E 제이씨현,"188,070"
122694530,GIGABYTE B850M GAMING X WIFI6E 피씨디렉트,"188,210"
74250827,GIGABYTE B860 AORUS ELITE WIFI7 ICE 제이씨현,"279,770"
74255381,GIGABYTE B860 AORUS ELITE WIFI7 ICE 피씨디렉트,"283,790"
74250974,GIGABYTE B860M AORUS ELITE WIFI6E ICE 제이씨현,"258,470"
74255387,GIGABYTE B860M AORUS ELITE WIFI6E ICE 피씨디렉트,"248,100"
74251187,GIGABYTE B860M AORUS ELITE WIFI6E 제이씨현,"261,100"
74255390,GIGABYTE B860M AORUS ELITE WIFI6E 피씨디렉트,"245,670"
74251253,GIGABYTE B860M AORUS ELITE 제이씨현,"216,980"
74255384,GIGABYTE B860M AORUS ELITE 피씨디렉트,"219,990"
74251349,GIGABYTE B860M DS3H 제이씨현,"167,460"
74255393,GIGABYTE B860M DS3H 피씨디렉트,"172,090"
122676874,GIGABYTE B860M GAMING X 제이씨현,"181,590"
122669173,GIGABYTE B860M GAMING X 피씨디렉트,"182,070"
5997948,GIGABYTE GA-A320M-S2H 듀러블에디션 피씨디렉트,"110,000"
3025492,GIGABYTE GA-B75M-D3H (중고),"28,230"
4490529,GIGABYTE GA-B85M-D3H (중고),"38,710"
4496138,GIGABYTE GA-B85M-DS3H (중고),"30,000"
4489009,GIGABYTE GA-B85M-HD3 (중고),"24,450"
6153517,GIGABYTE GA-H110M-DS2V 듀러블에디션 (중고),"30,000"
6016659,GIGABYTE H370 HD3 듀러블에디션 피씨디렉트,"200,000"
13830011,GIGABYTE H510M H 듀러블에디션 제이씨현,"960,000"
17697992,GIGABYTE H610I D4 듀러블에디션 피씨디렉트,"162,490"
16102367,GIGABYTE H610M H D4 듀러블에디션 제이씨현,"102,000"
20462924,GIGABYTE H610M H V2 D4 제이씨현,"92,120"
20119583,GIGABYTE H610M H V2 D4 피씨디렉트,"78,890"
66046259,GIGABYTE H610M H V2 제이씨현,"96,420"
64375265,GIGABYTE H610M H V2 피씨디렉트,"99,500"
19619507,GIGABYTE H610M H 듀러블에디션 제이씨현,"108,000"
18670778,GIGABYTE H610M K D4 제이씨현,"70,950"
32002067,GIGABYTE H610M K D4 제이씨현 (벌크),"68,800"
18663455,GIGABYTE H610M K D4 피씨디렉트,"67,870"
66046349,GIGABYTE H610M K V2 제이씨현,"74,500"
67678283,GIGABYTE H610M K V2 피씨디렉트,"74,130"
19938515,GIGABYTE H610M K 제이씨현,"82,790"
19999916,GIGABYTE H610M K 피씨디렉트,"81,000"
16102667,GIGABYTE H610M S2H D4 듀러블에디션 제이씨현,"129,000"
19242146,GIGABYTE H610M S2H V2 D4 듀러블에디션 제이씨현,"107,080"
19170107,GIGABYTE H610M S2H V2 D4 듀러블에디션 피씨디렉트,"116,000"
66046067,GIGABYTE H610M S2H V2 제이씨현,"112,040"
65307479,GIGABYTE H610M S2H V2 피씨디렉트,"107,320"
19834694,GIGABYTE H610M S2H 듀러블에디션 피씨디렉트,"121,000"
106454201,GIGABYTE H810M D2HX SI GEN5 제이씨현,"113,100"
106735550,GIGABYTE H810M D2HX SI GEN5 피씨디렉트,"115,380"
124033966,GIGABYTE H810M H GEN5 제이씨현,"116,000"
106045001,GIGABYTE H810M H GEN5 피씨디렉트,"113,550"
76941815,GIGABYTE H810M H 제이씨현,"98,220"
76942061,GIGABYTE H810M H 피씨디렉트,"112,480"
108401528,GIGABYTE H810M K GEN5 제이씨현,"101,030"
106045718,GIGABYTE H810M K GEN5 피씨디렉트,"102,280"
76941983,GIGABYTE H810M K 제이씨현,"108,351"
76942073,GIGABYTE H810M K 피씨디렉트,"102,220"
122687782,GIGABYTE H810M S2H GEN5 제이씨현,"114,850"
106688174,GIGABYTE H810M S2H GEN5 피씨디렉트,"116,490"
76941716,GIGABYTE H810M S2H 제이씨현,"118,630"
76942094,GIGABYTE H810M S2H 피씨디렉트,"115,920"
31472456,GIGABYTE TRX50 AERO D 피씨디렉트,"1,039,700"
63938699,GIGABYTE TRX50 AI TOP 제이씨현,"1,403,130"
64267934,GIGABYTE TRX50 AI TOP 피씨디렉트,"1,384,230"
75988922,GIGABYTE W790 AI TOP 제이씨현,"1,410,000"
75856148,GIGABYTE W790 AI TOP 피씨디렉트,"1,488,510"
17915426,GIGABYTE X670 AORUS ELITE AX 제이씨현,"279,000"
67845863,GIGABYTE X870 AORUS ELITE WIFI7 ICE 제이씨현,"341,320"
67847492,GIGABYTE X870 AORUS ELITE WIFI7 ICE 피씨디렉트,"356,990"
67845815,GIGABYTE X870 AORUS ELITE WIFI7 제이씨현,"334,510"
67847474,GIGABYTE X870 AORUS ELITE WIFI7 피씨디렉트,"341,980"
122728388,GIGABYTE X870 AORUS INFINITY 제이씨현,"1,064,510"
122726583,GIGABYTE X870 AORUS INFINITY 피씨디렉트,"1,022,690"
93073223,GIGABYTE X870 AORUS STEALTH ICE 제이씨현,"444,790"
93073367,GIGABYTE X870 AORUS STEALTH ICE 피씨디렉트,"456,990"
108227564,GIGABYTE X870 AORUS STEALTH 제이씨현,"444,570"
104966306,GIGABYTE X870 AORUS STEALTH 피씨디렉트,"456,890"
67846052,GIGABYTE X870 EAGLE WIFI7 제이씨현,"321,990"
67852706,GIGABYTE X870 EAGLE WIFI7 피씨디렉트,"283,500"
122662050,GIGABYTE X870E AERO X3D DARK WOOD 제이씨현,"559,870"
122681102,GIGABYTE X870E AERO X3D DARK WOOD 피씨디렉트,"562,160"
122829806,GIGABYTE X870E AERO X3D WOOD 피씨디렉트,"567,740"
106767464,GIGABYTE X870E AORUS ELITE X3D ICE 제이씨현,"418,960"
106765016,GIGABYTE X870E AORUS ELITE X3D ICE 피씨디렉트,"425,990"
107989658,GIGABYTE X870E AORUS ELITE X3D 제이씨현,"419,160"
106764977,GIGABYTE X870E AORUS ELITE X3D 피씨디렉트,"422,130"
98227940,GIGABYTE X870E AORUS MASTER X3D ICE 제이씨현,"833,430"
67845785,GIGABYTE X870E AORUS PRO ICE 제이씨현,"697,490"
67847609,GIGABYTE X870E AORUS PRO ICE 피씨디렉트,"513,590"
98229074,GIGABYTE X870E AORUS PRO X3D ICE 제이씨현,"600,830"
98543660,GIGABYTE X870E AORUS PRO X3D ICE 피씨디렉트,"594,970"
75600170,GIGABYTE X870E AORUS PRO 제이씨현,"393,900"
73560548,GIGABYTE X870E AORUS PRO 피씨디렉트,"449,990"
73770854,GIGABYTE X870E AORUS XTREME AI TOP 피씨디렉트,"939,000"
79402439,GIGABYTE X870I AORUS PRO ICE 제이씨현,"518,950"
77791190,GIGABYTE X870I AORUS PRO ICE 피씨디렉트,"457,180"
6508375,GIGABYTE Z390 AORUS ULTRA 제이씨현,"350,000"
13537568,GIGABYTE Z590 AORUS ULTRA 제이씨현,"550,000"
13448285,GIGABYTE Z590 AORUS ULTRA 피씨디렉트,"550,000"
15653582,GIGABYTE Z690 AORUS ELITE 피씨디렉트,"450,000"
15932150,GIGABYTE Z690 AORUS XTREME WATERFORCE 피씨디렉트,"1,080,000"
18264857,GIGABYTE Z790 AORUS ELITE AX 제이씨현,"450,000"
18261176,GIGABYTE Z790 AORUS ELITE AX 피씨디렉트,"450,000"
18112316,GIGABYTE Z790 AORUS ELITE 제이씨현,"240,370"
54326606,GIGABYTE Z790 AORUS XTREME X ICE + AORUS 지포스 RTX 4080 SUPER XTREME ICE 패키지 피씨디렉트,"3,115,260"
18460412,GIGABYTE Z790 AORUS XTREME 제이씨현,"1,550,000"
18265187,GIGABYTE Z790 UD 제이씨현,"514,500"
18261245,GIGABYTE Z790 UD 피씨디렉트,"303,460"
122618006,GIGABYTE Z890 AORUS ELITE DUO X 제이씨현,"445,900"
109680482,GIGABYTE Z890 AORUS ELITE DUO X 피씨디렉트,"423,110"
69699071,GIGABYTE Z890 AORUS ELITE WIFI7 ICE 제이씨현,"350,400"
69699599,GIGABYTE Z890 AORUS ELITE WIFI7 ICE 피씨디렉트,"348,490"
122618900,GIGABYTE Z890 AORUS ELITE WIFI7 PLUS 제이씨현,"341,710"
122617802,GIGABYTE Z890 AORUS ELITE WIFI7 PLUS 피씨디렉트,"349,190"
69699182,GIGABYTE Z890 AORUS ELITE WIFI7 제이씨현,"344,050"
69699671,GIGABYTE Z890 AORUS ELITE WIFI7 피씨디렉트,"357,000"
69699467,GIGABYTE Z890 AORUS MASTER 피씨디렉트,"633,900"
69698870,GIGABYTE Z890 AORUS PRO ICE 제이씨현,"406,490"
69699584,GIGABYTE Z890 AORUS PRO ICE 피씨디렉트,"423,920"
72227675,GIGABYTE Z890 AORUS XTREME AI TOP 피씨디렉트,"1,650,240"
69699317,GIGABYTE Z890 UD 제이씨현,"287,850"
69699425,GIGABYTE Z890 UD 피씨디렉트,"291,720"
69699389,GIGABYTE Z890I AORUS ULTRA 제이씨현,"498,980"
69699695,GIGABYTE Z890I AORUS ULTRA 피씨디렉트,"485,500"
122617854,GIGABYTE Z890M AORUS ELITE WIFI7 ICE 피씨디렉트,"327,070"
122617914,GIGABYTE Z890M AORUS ELITE WIFI7 피씨디렉트,"295,770"
6898267,H110 M-ATX (중고),"22,900"
11973338,H310 (중고),"23,000"
16275497,H470 (중고),"40,460"
76948292,MAXSUN e스포츠 B650ITX WIFI ICE 디앤디컴,"182,840"
92043230,MAXSUN e스포츠 B850ITX WIFI ICE 디앤디컴,"210,790"
103452395,MAXSUN e스포츠 B850M WIFI ICE 디앤디컴,"138,640"
77283125,MAXSUN 아이크레프트 Z890 아크틱 디앤디컴,"445,970"
122616566,MAXSUN 아이크레프트 Z890 퍼시픽 디앤디컴,"449,990"
76948274,MAXSUN 챌린저 A620A 2.5G 디앤디컴,"119,000"
124087254,MAXSUN 챌린저 B460M-D 디앤디컴,"102,210"
77313929,MAXSUN 챌린저 B760ITX D5 디앤디컴,"184,000"
58837484,MAXSUN 챌린저 H610ITX 2LAN 디앤디컴,"141,450"
102004862,MAXSUN 챌린저 H810ITX WIFI 디앤디컴,"197,880"
102004859,MAXSUN 챌린저 H810M 2.5G 디앤디컴,"125,380"
103130498,MAXSUN 챌린저 H810M-F 디앤디컴,"93,310"
77319245,MAXSUN 터미네이터 Z890-A WIFI 디앤디컴,"223,500"
12067598,MSI A520M-A PRO,"69,750"
122694411,MSI B550M-A PRO,"97,400"
53418977,MSI B650M 프로젝트 제로,"223,250"
53419463,MSI B760M 프로젝트 제로,"233,700"
122639563,MSI B850M 게이밍 플러스 WIFI6E,"206,490"
13628021,MSI H510M-A PRO,"150,000"
13631252,MSI MAG B550 토마호크 (해외구매),"304,520"
17971181,MSI MAG B650 토마호크 WIFI,"249,320"
17971187,MSI MAG B650M 박격포 WIFI,"206,000"
16089002,MSI MAG B660M 박격포 DDR4,"196,000"
18652865,MSI MAG B760 토마호크 WIFI,"227,740"
37226114,MSI MAG B760M 박격포 II,"175,670"
74814341,MSI MAG B850 토마호크 맥스 WIFI,"326,720"
91493696,MSI MAG B850M 박격포,"247,370"
79397648,MSI MAG B850M 박격포 WIFI,"268,990"
74340455,MSI MAG B860 토마호크 WIFI,"286,190"
122636609,MSI MAG B860M 박격포,"244,990"
74340266,MSI MAG B860M 박격포 WIFI,"267,400"
67852370,MSI MAG X870 토마호크 WIFI,"418,160"
75857021,MSI MAG X870E 토마호크 WIFI,"439,600"
124011856,MSI MAG X870E 토마호크 맥스 WIFI,"473,000"
104325440,MSI MAG X870E 토마호크 맥스 WIFI PZ,"526,490"
69697766,MSI MAG Z890 토마호크 WIFI,"458,990"
124011866,MSI MAG Z890 토마호크 WIFI II,"473,000"
124335753,MSI MEG X870E 에이스 맥스,"868,990"
69697592,MSI MEG Z890 에이스,"948,990"
69698594,MSI MEG Z890 유니파이-X,"694,470"
18172115,MSI MPG B650 엣지 WIFI,"373,780"
17971178,MSI MPG B650 카본 WIFI,"915,000"
74814380,MSI MPG B850 엣지 TI WIFI,"368,590"
97121510,MSI MPG B850I 엣지 TI WIFI,"378,580"
9500100,MSI MPG X470 게이밍 플러스 맥스,"186,990"
75538472,MSI MPG X870E 엣지 TI WIFI,"498,450"
67852652,MSI MPG X870E 카본 WIFI,"390,300"
124335598,MSI MPG X870E 카본 맥스 WIFI,"691,530"
69698492,MSI MPG Z890 엣지 TI WIFI,"548,410"
69698066,MSI MPG Z890 카본 WIFI,"598,970"
100192175,MSI PRO A620AM-B EVO,"98,890"
39249221,MSI PRO A620M-C EX,"118,870"
19705316,MSI PRO A620M-E,"109,000"
122694479,MSI PRO B550M-P,"115,000"
62568890,MSI PRO B650M-A,"149,680"
17971184,MSI PRO B650M-A WIFI,"168,810"
57295043,MSI PRO B650M-B,"111,140"
20108249,MSI PRO B650M-P,"124,900"
27474755,MSI PRO B760M-A DDR4 II,"143,990"
19241759,MSI PRO B760M-A WIFI,"158,820"
122637313,MSI PRO B760M-E DDR4,"117,500"
20171636,MSI PRO B760M-P,"134,840"
18652889,MSI PRO B760M-P DDR4,"125,130"
73948922,MSI PRO B840-P WIFI,"191,500"
93502442,MSI PRO B850M-A WIFI,"182,940"
98544692,MSI PRO B850M-P,"178,810"
74339975,MSI PRO B860M-A WIFI,"208,990"
123668879,MSI PRO B860M-A WIFI6E,"205,350"
16637543,MSI PRO H610M-C EX,"110,000"
18109313,MSI PRO H610M-E DDR4,"87,910"
97837412,MSI PRO H610M-E DDR5,"90,990"
16314863,MSI PRO H610M-G DDR4,"122,000"
97121798,MSI PRO H810M-B,"126,240"
105969161,MSI PRO H810M-C EX,"134,850"
122675438,MSI PRO H810M-E,"117,500"
27475169,MSI PRO Z790-P WIFI,"283,190"
69697916,MSI PRO Z890-A WIFI,"388,590"
13164092,MSI 프레스티지 X570 크리에이션 (해외구매),"600,000"
96981164,NZXT N7 B850 Black,"455,780"
90957212,NZXT N9 X870E Black,"659,000"
90957218,NZXT N9 X870E White,"659,000"
77460638,NZXT N9 Z890 Black,"736,200"
77460707,NZXT N9 Z890 White,"639,900"
2191233,PEGATRON IPMSB/H61 (B3) (중고) 인텍앤컴퍼니,"25,000"
71502050,Supermicro H13SSL-NT R2.0 STCOM,"1,404,990"
20226770,Supermicro X13SAZ-Q STCOM,"703,790"
20606708,Supermicro X13SRA-TF STCOM,"1,273,400"
16276364,X570 (중고),"125,000"
11973272,Z370 (중고),"51,990"
11973482,Z390 (중고),"68,990"
13170663,Z690 DDR4 (중고),"157,490"
101956625,액슬 MBAIH310 R2 에즈윈,"96,260"
16734461,에너지옵티머스 B250 BTC-12P (벌크),"141,000"
16991345,에너지옵티머스 B75USB BTC (벌크),"103,000"
99640991,타무즈 B760M-ID5 (벌크),"103,580"
92678384,타무즈 H610M-ID4,"75,750"
92678408,타무즈 H610M-ID5,"78,370"
