Id,Name,2024-10-01 10:55:07,2024-10-02 10:45:41,2024-10-03 10:46:16,2024-10-04 10:46:39,2024-10-05 10:44:55
33483494,+0asis 600SB 벌크,"15,990","15,990",0,"15,990","15,990"
15323429,+0asis Cool 600SB6P V2.3 벌크,"15,900","15,900","15,900","15,900","15,900"
15362705,+0asis Cool 700GP V2.3 벌크,"29,500","29,500","29,500","29,500","29,500"
1842030,+PLUS ATX GT-5000S 벌크,"16,330","16,330","16,330","16,330","16,330"
5240215,+PLUS ATX GT-6000S 벌크,0,"17,120","17,120","17,120","17,120"
12690218,3RSYS AK 500S 80PLUS스탠다드 230V EU,"42,750","42,750","42,750","42,750","42,750"
12690239,3RSYS AK 600S 80PLUS스탠다드 230V EU,"51,500","51,500","51,500","51,500","51,500"
12690251,3RSYS AK 700S 80PLUS스탠다드 230V EU,"58,850","58,850","58,850","58,850","58,850"
12838997,3RSYS AK 800S 80PLUS스탠다드 230V EU,"67,000","67,000","67,000","67,000","67,000"
18698132,3RSYS FORCE 500W,"35,490","35,490","35,490","35,490","35,490"
18698168,3RSYS FORCE 600W,"43,500","43,500","43,500","43,500","39,150"
17145116,3RSYS TEAMMOST TM 1000W 80PLUS브론즈 230V EU,"98,000","98,000","98,000","98,000","98,000"
17144888,3RSYS TEAMMOST TM 750W 80PLUS브론즈 230V EU,"64,500","64,500","64,500","64,500","64,500"
14705492,ANIX 듀얼파워 커넥터,"4,390","4,390","4,390","4,390","4,390"
2459011,AONE 500P KC,"23,990","23,990","23,990","23,990","23,990"
14759639,AONE 500S KC (벌크),"15,350","15,350","15,350","15,350","15,350"
4963773,AONE 600P TURBO 벌크,"31,000","31,000","31,000","31,000","31,000"
14076659,AONE 600S 벌크,"18,000","18,000","18,000","18,000","18,000"
2932261,AONE 600T KC,"26,990","26,990","26,990","26,990","26,990"
15316934,AONE BIT 1800W EVO 80PLUS브론즈 마이닝 벌크,"200,990","200,990","200,990","200,990","200,990"
14224541,AONE BIT 800W 80PLUS브론즈 마이닝 벌크,"72,500","72,500","72,500","72,500","72,500"
2935745,AONE MICRO 500P KC,"25,990","25,990","25,990","25,990","25,990"
32037200,AONE MICRO 600P,"32,000","32,000","32,000","32,000","32,000"
66051566,AONE Micro 450P,"20,480","20,480","20,480","20,480","20,480"
66051584,AONE Micro 450P 벌크,"19,950","19,950","19,950","19,950","19,950"
2615457,AONE Micro 450P-KC,"19,000","19,000","19,000","19,000","19,000"
2950192,AONE Micro 450P-KC 벌크,"19,000","19,000","19,000","19,000","19,000"
68247026,AONE NEW STORM 500LF,0,0,0,0,가격비교예정
68247062,AONE NEW STORM 500LF 벌크,0,0,0,0,가격비교예정
68247188,AONE NEW STORM 600LF,0,0,0,0,가격비교예정
68247197,AONE NEW STORM 600LF 벌크,0,0,0,0,가격비교예정
18213719,AONE STORM 1000W 80PLUS브론즈,"79,000","79,000","79,000","79,000","79,000"
4852063,AONE STORM 400LF 더블포워드 V2.3,"29,000","29,000","29,000","29,000","29,000"
4853055,AONE STORM 400LF 더블포워드 V2.3 벌크,"28,000","28,000","28,000","28,000","28,000"
10373682,AONE STORM 500LF,"36,000","36,000","36,000","36,000","36,000"
3044681,AONE STORM 500LF SINGLE RAIL,"36,000","36,000","36,000","36,000","36,000"
4801762,AONE STORM 500LF 더블포워드 V2.3,"30,500","30,500","30,500","30,500","30,500"
4879239,AONE STORM 500LF 더블포워드 V2.3 벌크,"29,500","29,500","29,500","29,500","29,500"
9978645,AONE STORM 500LF 벌크,"32,000","32,000","32,000","32,000","32,000"
9431322,AONE STORM 500W 80PLUS브론즈,"38,990","38,990","38,990","38,990","38,990"
9431340,AONE STORM 500W 80PLUS브론즈 벌크,"35,950","35,950","35,950","35,950","35,950"
10373727,AONE STORM 600LF,"41,990","41,990","41,990","41,990","41,990"
5213968,AONE STORM 600LF A-PFC,"35,500","35,500","35,500","35,500","35,500"
9789456,AONE STORM 600LF 벌크,"36,734","36,734","36,734","36,734","36,734"
9431433,AONE STORM 600W 80PLUS브론즈,"43,990","43,990","43,990","43,990","43,990"
11412288,AONE STORM 600W 80PLUS브론즈 벌크,"37,990","37,990","37,990","37,990","38,000"
11245893,AONE STORM 700K 80PLUS브론즈,"58,000","58,000","58,000","58,000","58,000"
9431586,AONE STORM 700K 80PLUS브론즈 벌크,"54,000","54,000","54,000","54,000","54,000"
20635220,AONE STORM 700LF,"48,990","48,990","48,990","48,990","48,990"
9431529,AONE STORM 700W 80PLUS브론즈,"56,050","57,990","57,990","57,990","57,990"
12583295,AONE STORM 700W 80PLUS브론즈 벌크,"45,000","45,000","45,000","45,000","45,000"
17146169,AONE STORM 750W 80PLUS브론즈 벌크,"48,990","48,990","49,000","49,000","49,000"
54959051,AONE STORM 750W 80PLUS브론즈 플랫,"61,000","61,000","61,000","61,000","61,000"
12723485,AONE STORM 800K 80PLUS브론즈 벌크,"66,990","66,990","67,000","67,000","67,000"
9431634,AONE STORM 800W 80PLUS브론즈,"57,000","57,000","57,000","57,000","57,000"
15207521,AONE STORM 800W 80PLUS브론즈 벌크,"56,050","57,000","57,000","57,000","57,000"
32036993,AONE STORM SFX 300LF,"32,000","32,000","32,000","32,000","32,000"
2310854,AONE TFX 450P,"24,000","24,000","24,000","24,000","24,000"
3099460,AONE TFX-450P KC,"24,000","24,000","24,000","24,000","24,000"
2944698,AONE TFX-500P KC,"28,500","28,500","28,500","28,500","28,500"
16079126,AONE 듀얼파워 커넥터 릴레이형,"4,200","4,200","4,200","4,200","4,200"
39912800,AONE 시그니처 1000W 80PLUS브론즈 풀모듈러 ATX3.1,"91,300","95,000","91,300","95,000","91,900"
39912806,AONE 시그니처 1000W 80PLUS브론즈 풀모듈러 베이직 ATX3.1,"81,400","85,000","81,400","85,000","81,900"
39912728,AONE 시그니처 750W 80PLUS브론즈 풀모듈러 ATX3.1,"71,250","75,000","71,240","75,000","72,800"
39912734,AONE 시그니처 750W 80PLUS브론즈 풀모듈러 베이직 ATX3.1,"62,400","65,000","62,400","65,000","62,900"
39912761,AONE 시그니처 850W 80PLUS브론즈 풀모듈러 ATX3.1,"80,750","85,000","80,740","85,000","81,900"
39912767,AONE 시그니처 850W 80PLUS브론즈 풀모듈러 베이직 ATX3.1,"71,970","75,000","71,960","75,000","72,980"
2435106,AONE 태왕 EP500 KC,"24,930","24,930","24,930","24,930","24,930"
2509283,AONE 태왕 EP600 KC,"24,920","24,920","24,920","24,920","24,920"
2451400,AONE 태왕 EP600L KC,"23,000","23,000","23,000","23,000","23,000"
14814908,AONE 태왕 EP600L KC 벌크,"22,800","22,800","22,800",0,0
2511691,AONE 태왕 TFX-450T KC,"21,500","21,500","21,500","21,500","21,500"
14744363,AONE 태왕 TFX-450T KC 벌크,"21,000","21,000",0,0,"21,000"
73075,APC BACK-UPS CS 500(BK500EI),"189,650","189,650","189,650","189,650","189,650"
1000768,APC BE400-KR,"146,000","146,000","146,000","146,000","146,000"
1004540,APC BE550-KR,"185,000","185,000","185,000","185,000","185,000"
913792,APC BE700KR,"206,150","206,150","206,150","206,150","206,150"
44415785,APC BVX1200LI-GR,"227,000","227,000","227,000","227,000","227,000"
45997400,APC BVX700LUI-GR,"160,000","160,000","160,000","160,000","160,000"
16772696,APC BX1200MI-GR,"217,550","217,550","217,550","217,540","229,000"
16772720,APC BX1600MI-GR,"360,000","360,000","360,000","360,000","360,000"
16772675,APC BX950MI-GR,"185,000","185,000","185,000","185,000","185,000"
2734412,APC RBC17 교체용 배터리,"77,000","77,000","77,000","77,000","77,000"
2734189,APC RBC2 교체용 배터리,"70,000","70,000","70,000","70,000","70,000"
2734125,APC RBC23 교체용 배터리,"506,000","506,000","506,000","506,000",0
2734518,APC RBC43 교체용 배터리,"657,000","657,000","657,000","657,000",0
2734357,APC RBC48 교체용 배터리,"182,000",0,0,0,0
2734532,APC RBC6 교체용 배터리,0,"223,000","223,000","223,000",0
2734545,APC RBC7 교체용 배터리,"312,000","312,000",0,"312,000",0
2722817,APC SMC 1000i (Smart-UPS C 1000i),"399,000","399,000","399,000","399,000","399,000"
2722850,APC SMC 1000i-2U (Smart-UPS C 1000i 2U),"506,000","506,000","506,000","506,000","506,000"
2722877,APC SMC 1500i (Smart-UPS C 1500i),"526,990","526,990","526,990","526,990","526,990"
3270285,APC SMC 2000i (Smart-UPS C 2000i),"1,015,000","1,015,000","1,015,000","1,015,000","1,015,000"
3270288,APC SMC 2000i-2U (Smart-UPS C 2000i-2U),"1,370,000","1,370,000","1,370,000","1,370,000","1,370,000"
3270345,APC SMC 3000RMI-2U (Smart-UPS C 3000i-2U),"1,863,000","1,863,000","1,863,000","1,863,000","1,863,000"
3270340,APC SMC 3000i (Smart-UPS C 3000i),"1,452,000","1,452,000","1,452,000","1,452,000","1,452,000"
44415422,APC SMC1000IC,"379,050","379,050","379,050","379,050","379,050"
17210957,APC SMC1500IC,"527,000","527,000","527,000","527,000","527,000"
3838409,APC SMT1000I,"526,970","526,970","526,970","526,970","526,970"
48023720,APC SMT1000IC,"500,650","500,650","527,000","527,000","527,000"
3838071,APC SMT1000RMI 2U,"698,990",0,0,0,0
17224202,APC SMT1000RMI2UC,"669,000","669,000","669,000","669,000","669,000"
3888244,APC SMT1500I,"739,980","739,980","739,980","739,980","739,980"
13381670,APC SMT1500IC,"710,000","710,000","710,000","710,000","710,000"
3838135,APC SMT1500RMI 2U,"911,990","911,990","911,990","911,990","911,990"
3838104,APC SMT2200RMI 2U,"1,754,800","1,754,800","1,754,800","1,754,800","1,754,800"
3838232,APC SMT3000I,"1,597,000","1,597,000","1,597,000","1,597,000","1,597,000"
3838175,APC SMT3000RMI 2U,"2,263,000","2,263,000","2,263,000","2,263,000","2,263,000"
3838359,APC SMT750I,"450,000","450,000","450,000","450,000","450,000"
3838278,APC SMT750RMI 2U,"538,990","538,990","538,990","538,990","538,990"
15533432,APC SMV 3000AI,"945,000",0,0,0,0
44415971,APC SMV1000I,"347,000","347,000","347,000","347,000","347,000"
44416040,APC SMV2000AI,"733,000","733,000","733,000","733,000","733,000"
5701772,APC SRT192BP2 외장 배터리,"1,975,000","1,975,000","1,975,000","1,975,000","1,975,000"
5700015,APC SRT2200XLI,"2,345,000","2,345,000","2,345,000","2,345,000",0
5699929,APC SRT3000XLI,"3,296,000","3,296,000","3,296,000","3,296,000",0
4237875,APC SRT5KXLI,"4,963,000","4,963,000","4,963,000","4,963,000","4,963,000"
4237952,APC SRT8KXLI,"6,568,000","6,568,000","6,568,000","6,568,000","6,568,000"
48000590,APC SRV10KRI,"4,254,000","4,254,000","4,254,000","4,254,000","4,254,000"
48000539,APC SRV1KRI,0,"509,000","509,000","509,000","509,000"
48000557,APC SRV2KRI,"931,000","931,000","931,000","931,000","931,000"
13951031,APC SRV3KI,"1,122,000","1,122,000",0,0,"1,122,000"
48000449,APC SRV3KRI,"1,122,000","1,122,000","1,122,000","1,122,000","1,122,000"
48000572,APC SRV6KRI,"3,178,000","3,178,000","3,178,000",0,0
73084,APC SUA 5000RMI 5U,"3,404,900","3,404,900","3,404,900","3,404,900","3,404,900"
27662210,ASUS PRIME 750W GOLD 대원씨티에스,"117,990","117,990","117,990","117,990","117,990"
27661976,ASUS PRIME 850W GOLD 대원씨티에스,"207,200","207,200","207,200","207,200","207,200"
19953725,ASUS ROG LOKI SFX-L 1000W PLATINUM,"362,000","362,000","362,000","362,000","362,000"
52366598,ASUS ROG LOKI SFX-L 1200W TITANIUM,"550,990","550,990","550,990","550,990","550,990"
19953230,ASUS ROG LOKI SFX-L 750W PLATINUM,"272,650","272,650","272,650","272,450","272,450"
19953449,ASUS ROG LOKI SFX-L 850W PLATINUM,"323,000","323,000","323,000","323,000","323,000"
21506708,ASUS ROG STRIX 1200W GOLD Aura Edition,"477,400","477,400","477,400","477,400","477,400"
20049668,ASUS ROG STRIX 750W GOLD Aura Edition,"287,400","287,400","287,400","287,400","287,400"
16386194,ASUS ROG STRIX 850G 화이트 에디션 80PLUS골드 인텍앤컴퍼니,"248,000","248,000","248,000","248,000","248,000"
20049734,ASUS ROG STRIX 850W GOLD Aura Edition,"293,550","293,550","293,550","293,550","293,550"
16014875,ASUS ROG THOR 1000P2,"445,090","445,090","445,090","398,000","398,000"
17443661,ASUS ROG THOR 1200P2,"529,270","529,270","529,270","529,270","529,270"
17443862,ASUS ROG THOR 1600T,"1,197,000","1,197,000","1,197,000","1,197,000","1,197,000"
7338562,ASUS ROG THOR 850P 80PLUS플래티넘,"299,000","299,000","299,000","299,000","299,000"
18936689,ASUS TUF Gaming 1000W GOLD,"238,480","238,480","238,480","238,480","238,480"
18599003,ASUS TUF Gaming 750W GOLD,"175,500","175,500","175,500","175,500","175,500"
18599078,ASUS TUF Gaming 850W GOLD,"159,000","159,000","159,000","159,000","159,000"
16054367,ATUM HITMAN 1800W 벌크,"89,000","89,000","89,000","89,000","89,000"
31459229,AcBEL R1CA2801A 800W 80PLUS플래티넘,"286,500","286,500","286,500","286,500","286,500"
14901677,Antec CSK 650W 80PLUS브론즈,"70,500","70,500","70,500","70,500","70,500"
16079105,Antec CSK 750H 80PLUS브론즈 모듈러,"95,040","95,040","95,040","95,040","95,040"
7877767,Antec EAG PRO 650W 80PLUS골드 모듈러,"162,660","162,660","162,660","162,660","162,660"
15429467,Antec HCG 1000W 80PLUS골드 풀모듈러,"259,500","259,500","259,500","259,500","259,500"
6150908,Antec HCG 850W 80PLUS골드 풀모듈러,"209,000","209,000","209,000","209,000","209,000"
60424865,Antec HCG PRO 1000W 80PLUS플래티넘 풀모듈러 ATX3.1,"284,050","284,050","284,050","284,050","284,050"
60424910,Antec HCG PRO 1200W 80PLUS플래티넘 풀모듈러 ATX3.1,"322,050","322,050","322,050","322,050","322,050"
60424808,Antec HCG PRO 850W 80PLUS플래티넘 풀모듈러 ATX3.1,"246,050","246,050","246,050","246,050","246,050"
21587054,Antec NeoECO 1000W 80PLUS골드 풀모듈러 ATX3.0,"233,180","233,180","233,180","233,180","233,180"
27527396,Antec NeoECO 1000W 화이트 80PLUS골드 풀모듈러 ATX3.0,"242,790","242,790","242,790","242,790","242,790"
21587153,Antec NeoECO 1300W 80PLUS골드 풀모듈러 ATX3.0,"283,100","283,100","283,100","283,100","283,100"
16362158,Antec NeoECO 750W 80PLUS골드 풀모듈러,"138,990","138,990","138,990","138,990","138,990"
15301127,Antec NeoECO 850W 80PLUS골드 풀모듈러,"162,000","162,000","162,000","162,000","162,000"
25098770,Antec NeoECO 850W 80PLUS골드 풀모듈러 ATX3.0,"184,490","184,490","184,490","184,490","184,490"
14048135,Antec NeoECO 850W 80PLUS플래티넘 풀모듈러,"209,000","209,000","209,000","209,000","209,000"
15429287,Antec NeoECO 850W 화이트 80PLUS골드 풀모듈러,"164,300","164,300","164,300","164,300","164,300"
62635214,Antec SF850X 80PLUS골드 SFX 풀모듈러 ATX3.1,"231,000","231,000","231,000","231,000","230,900"
10920675,Antec SIGNATURE 1000W TITANIUM,"446,000","446,000","446,000","446,000","446,000"
10920798,Antec SIGNATURE 1300W PLATINUM,"449,000","449,000","449,000","449,000","449,000"
6763879,BABEL BM-600VP Double Forward V2.31 Silverbel Series,0,"42,000","42,000",0,0
15444635,BABEL BM-600VP PFC Double Forward Silverbel Series,"38,750","38,750","38,750","38,750","38,750"
12223073,BABEL BM-700VP-F 700W 80PLUS브론즈 Blackbel Series,"59,730","59,730","59,730","59,730","59,730"
3196661,BABEL DOM 600EX V2.3 Silverbel Series,"29,990","29,990","29,990","29,990","29,990"
2416292,BABEL ECO 620BG V2.3 Silverbel Series 벌크,"29,000","29,000","29,000",0,0
2641383,BABEL ECO 620BK V2.3 Blackbel Series 벌크,"29,990","29,990","29,990",0,0
5616649,BABEL Sense 500PB V2.3 Blackbel Series 벌크,"17,450","17,680","17,680","17,680","17,680"
34390208,BABEL Sense 500PB V2.3 Series,"17,700","17,700","17,700","17,700","17,700"
6338676,BABEL Sense 600PB V2.3 Blackbel Series 벌크,"19,980","19,980","19,980","19,980","19,980"
2641447,BABEL Sense 600ST V2.3 Blackbel Series 벌크,"18,000","18,000","18,000","18,000","18,000"
3430746,Bestone SK-II 450TFX V2 벌크,"24,900","24,900","24,900","24,900","24,900"
3550147,Bestone SK-II 500SA V2,"23,810","23,810","23,810","23,810","23,810"
3565822,Bestone SK-II M500DM V2,"28,980","28,980","28,980","28,980","28,980"
3565832,Bestone SK-II M500DM V2 벌크,"26,980","26,980","26,980","26,980","26,980"
3550066,Bestone SK-II M500S,"23,980","23,980","23,980",0,0
3430715,Bestone SK-II M500S 벌크,"21,900","21,900","21,900","21,900","21,900"
6047782,CORSAIR AX1600i 80PLUS티타늄,"744,950","744,950","744,900","744,950","744,900"
15208556,CORSAIR CV650 NEW,"90,000","90,000",0,0,0
14104724,CORSAIR CV750 80PLUS브론즈,"96,700","96,700","96,700","96,700","102,840"
30121373,CORSAIR CX Series CX650,"74,870","74,870","76,000","76,000","76,000"
30121301,CORSAIR CX Series CX750,"84,590","84,590","84,590","84,590","84,590"
5299474,CORSAIR CX750 NEW 80PLUS브론즈,"88,990","88,990","88,990","88,990","88,660"
17454815,CORSAIR HX1000i 2022 80PLUS플래티넘,"389,990","389,990","389,990","389,990","389,990"
19883954,CORSAIR HX1000i ATX3.0,"372,670","372,670","372,670","372,670","386,270"
5181099,CORSAIR HX1200 80PLUS플래티넘,"276,200","276,200","276,200","276,200","280,450"
36835277,CORSAIR HX1200i ATX3.0,"379,050","381,190","381,190","381,190","394,960"
17455022,CORSAIR HX1500i 2022 80PLUS플래티넘,"559,990","559,990","559,990","559,990","559,980"
19884146,CORSAIR HX1500i ATX3.0,"558,370","558,370","558,370","558,370","559,990"
5185666,CORSAIR HX750 80PLUS플래티넘,"198,560","198,560","198,560","198,560","206,990"
19728059,CORSAIR RM1000e ATX3.0,"236,370","236,370","236,370","236,370","236,490"
14915009,CORSAIR RM1000x 2021 80PLUS골드,"314,000","314,000","314,000","314,000","314,000"
19743569,CORSAIR RM1000x SHIFT 80PLUS골드 ATX3.0,"306,720","306,720","306,720","306,720","307,990"
42390800,CORSAIR RM1000x SHIFT 80PLUS골드 ATX3.0 화이트,"304,470","304,470","304,470","304,470","307,990"
19043699,CORSAIR RM1200x SHIFT 80PLUS골드 ATX3.0,"365,190","365,190","365,190","365,190","365,190"
42390740,CORSAIR RM1200x SHIFT 80PLUS골드 ATX3.0 화이트,"350,690","350,690","350,690","350,690","353,440"
14729537,CORSAIR RM650 2021 80PLUS골드,"164,280","164,280","164,280","164,280","164,280"
4260889,CORSAIR RM650i 80PLUS골드,"153,660","153,660","153,660","153,660","153,720"
14676980,CORSAIR RM750 2021 80PLUS골드 화이트,"195,000","195,000","195,000","195,000","195,000"
17743583,CORSAIR RM750e,"169,000","169,000","169,000","169,000","169,000"
19727639,CORSAIR RM750e ATX3.0,"160,970","160,970","160,970","160,970","160,990"
42391091,CORSAIR RM750x SHIFT 80PLUS골드 ATX3.0 화이트,"188,140","188,140","188,140","188,140","191,510"
14677298,CORSAIR RM850 2021 80PLUS골드 화이트,"203,490","203,490","203,490","203,490","203,490"
18631820,CORSAIR RM850e,"161,000","161,000","169,990","169,990","169,990"
19727942,CORSAIR RM850e ATX3.0,"172,880","172,880","172,880","172,880","172,890"
14677715,CORSAIR RM850x 2021 80PLUS골드,"272,770","272,770","272,770","272,770","272,770"
19529672,CORSAIR RM850x SHIFT 80PLUS골드 ATX3.0,"241,190","241,190","241,190","241,190","241,180"
42390914,CORSAIR RM850x SHIFT 80PLUS골드 ATX3.0 화이트,"233,860","233,860","233,860","233,860","233,870"
5524355,CORSAIR RM850x 화이트 80PLUS골드,"232,000","232,000","232,000","232,000","232,000"
62649707,CORSAIR RMx Series RM1000x ATX3.1,"232,790","232,790","232,770","232,770","232,770"
62649599,CORSAIR RMx Series RM850x ATX3.1,"174,560","174,560","188,990","188,980","188,950"
59929925,CORSAIR SF1000 ATX3.1,"325,000","325,000","349,000","337,200","349,000"
19974908,CORSAIR SF1000L ATX3.0,"279,980","279,980","279,980","279,980","279,980"
7110289,CORSAIR SF750 80PLUS플래티넘,"238,150","238,150","238,150","238,150","243,800"
59929793,CORSAIR SF750 ATX3.1,"242,990","242,990","242,990","242,990","242,990"
59930681,CORSAIR SF850 ATX3.1,"324,210","324,210","324,210","324,190","324,210"
19974494,CORSAIR SF850L ATX3.0,"247,980","247,980","247,980","247,980","247,980"
12717203,CORSAIR iCUE CX650F RGB 블랙,"158,460","158,460","158,460","158,460","158,460"
12717227,CORSAIR iCUE CX650F RGB 화이트,"168,000","168,000","168,000","168,000","168,000"
17526269,COX SECURE SC-500N,"31,050","31,050","31,050","31,050","31,050"
17499473,COX SECURE SC-600N,"35,000","35,000","38,000","36,100","36,100"
17499527,COX SECURE SC-700N,"42,000","42,000","40,750","40,750","42,000"
18253073,DEEPCOOL PF700 80PLUS스탠다드 230V EU,"63,000","63,000","63,000","63,000","63,000"
20256680,DEEPCOOL PK800D 80PLUS브론즈,"65,550","65,550","65,550","68,480","68,480"
68247491,DEEPCOOL PL650D 80PLUS브론즈 ATX3.0,0,0,0,0,가격비교예정
68247452,DEEPCOOL PL750D 80PLUS브론즈 ATX3.0,0,0,0,0,가격비교예정
68247431,DEEPCOOL PL800D 80PLUS브론즈 ATX3.0,0,0,0,0,가격비교예정
63035603,DEEPCOOL PN750M 80PLUS골드 풀모듈러 ATX3.1,"127,300","127,300","127,300","130,090","130,090"
63030596,DEEPCOOL PN850M 80PLUS골드 풀모듈러 ATX3.1,"141,550","141,550","141,550","148,790","148,790"
16273730,DEEPCOOL PQ1000M 80Plus골드 풀모듈러,"203,990","203,990","203,990","203,990","203,990"
20569130,DEEPCOOL PX1000G 80PLUS골드 풀모듈러 ATX3.0,"170,900","170,900","170,900","179,690","179,690"
20569127,DEEPCOOL PX1200G 80PLUS골드 풀모듈러 ATX3.0,"189,050","189,050","189,050","192,170","192,170"
49998230,EATON 5A1500I-DIN-K,"289,000","289,000",0,0,0
49998287,EATON 5A2200I-DIN-K,"341,000","341,000","341,000","341,000","341,000"
49998137,EATON 5A700I-DIN-K,"143,000","143,000","143,000","143,000",0
49998530,EATON 5E 1100i USB,"252,000","252,000",0,0,0
49998587,EATON 5E 1500i USB,"289,000","289,000",0,0,0
49998608,EATON 5E 2000i USB,"372,000","372,000",0,0,0
49998683,EATON 5E 650i DIN,"143,000","143,000",0,0,0
49998716,EATON 5E 650i USB DIN,"154,000","154,000","154,000","154,000",0
2722682,EATON Ellipse ECO 650 USB DIN 기본,"219,990","219,990","219,990","219,990","219,990"
5973034,EVGA 750 GQ 80PLUS골드,"115,360","115,360","115,360","115,360","115,360"
6217539,EVGA SUPERNOVA 1000G+ 80PLUS골드,"287,000","287,000","287,000","287,000","287,000"
10546953,EVGA SUPERNOVA 1600G+ 80PLUS골드,"465,000","465,000","465,000","465,000","465,000"
14121053,EVGA SUPERNOVA 750 GA 80PLUS골드,"138,000","138,000","138,000","138,000","138,000"
2685447,Enhance ENP-7025B Tyan Korea 10개,"749,990","749,990","749,990","749,990","749,990"
1062033,Enhance ENP-7025B Tyan Korea 1개,"75,000","75,000","75,000","75,000","75,000"
14808722,FSP ATX500-50HYN (중고),"17,900","17,900","17,900","17,900","18,900"
12310202,FSP DAGGER PRO 650W GOLD 풀모듈러,"168,000","168,000","168,000","168,000","168,000"
15448922,FSP DAGGER PRO 850W GOLD 풀모듈러,"320,760","320,760","320,760","320,760","320,760"
16529360,FSP FSP1200-50ADB 80PLUS골드,"315,980","315,980","315,980","315,980","315,980"
16136465,FSP FSP2000-52AGPBI 80PLUS골드,"534,190","534,190","534,190","534,190","534,190"
19515974,FSP FSP2000-52AGPBI 80PLUS골드 타이안코리아,"490,000","490,000","490,000","490,000","490,000"
17004419,FSP FSP300-50FFB,"78,350","78,350","78,350","78,350","78,350"
1662750,FSP FSP300-60GHS(85),"55,160","55,160","55,160","55,160","53,600"
3280043,FSP FSP300-60GHT,"57,480","57,480","57,480","57,480","55,200"
17004332,FSP FSP350-50FFB,"94,330","94,330","94,330","94,330","94,330"
12427652,FSP FSP400-50UCB 벌크,"121,560","121,560","121,560","121,560","121,560"
1671473,FSP FSP400-60GHS(85),"64,000","64,000","64,000","64,000","60,800"
16822223,FSP FSP450-50SAC,"100,050","100,050","100,050","100,050","100,050"
13950359,FSP FSP500-50FDB,"181,590","181,590","181,590","181,590","181,590"
14621936,FSP FSP500-70AGB,"93,980","93,980","93,980","93,980","93,980"
10811913,FSP FSP700-80PSA(SK) 벌크,"141,990","141,990","141,990","141,990","141,990"
16965977,FSP FSP750-50ABA,"149,790","149,790","149,790","149,790","149,790"
17293193,FSP FSP850-50FGPH3,"225,770","225,770","225,770","225,770","225,770"
10812084,FSP FlexGURU 250W,"84,000","84,000","84,000","84,000","84,000"
5840944,FSP HEXA 550W 80PLUS브론즈 프리볼트,"67,980","67,980","67,980","67,980","67,980"
5840964,FSP HEXA 650W 80PLUS브론즈 프리볼트,"82,980","82,980","82,980","82,980","82,980"
19240301,FSP HYDRO Ti PRO 1000W TITANIUM ATX3.0,"395,010","395,010","395,010","395,010","382,400"
5353201,FSP HYPER K 500W 80PLUS스탠다드 230V EU 벌크,"48,500","48,500","48,500","48,500","48,500"
5352982,FSP HYPER K 600W 80PLUS스탠다드 230V EU 벌크,0,0,0,"62,000","62,000"
14735879,FSP HYPER K 600W 80PLUS스탠다드 230V EU 중고,"33,480","33,480","33,480","33,480","32,760"
6040915,FSP Twins 700W ATX Redundant,0,0,"655,000","655,000","655,000"
18770219,FSP Twins PRO 500W ATX Redundant,"523,000","523,000","523,000","523,000","501,600"
28803917,FSP Twins PRO 700W ATX Redundant,"652,700","652,700","652,700","652,700","652,700"
13974896,Fractal Design Ion Gold 550W,"126,000","126,000","126,000","126,000","126,000"
13975115,Fractal Design Ion Gold 650W,"143,000","143,000","143,000","143,000","143,000"
13975994,Fractal Design Ion Gold 750W,"157,000","157,000","157,000","157,000","157,000"
15026450,Fractal Design Ion+ 2 560W PLATINUM,"179,000","179,000","179,000","179,000","179,000"
15027947,Fractal Design Ion+ 2 760W PLATINUM,"222,000","222,000","222,000","222,000","222,000"
15028115,Fractal Design Ion+ 2 860W PLATINUM,"268,000","268,000","268,000","268,000","268,000"
13455881,GIGABYTE P1000GM 80PLUS골드 풀모듈러,"172,000","172,000","172,000","172,000","172,000"
5667836,GIGABYTE P650B 80PLUS브론즈 제이씨현,"60,490","60,490","60,490","60,490","60,490"
16761431,GIGABYTE P650B 80PLUS브론즈 피씨디렉트,"59,990","59,990","59,990","59,990","59,990"
33059297,GIGABYTE P650G 80PLUS골드 피씨디렉트,"72,210","72,210","72,210","72,210","72,210"
12676532,GIGABYTE P750GM 80PLUS골드 풀모듈러,"92,400","92,400","92,400","92,400","92,400"
16369616,GIGABYTE UD1000GM 80PLUS골드 풀모듈러 제이씨현,"150,870","150,870","150,870","150,870","150,870"
16761410,GIGABYTE UD1000GM 80PLUS골드 풀모듈러 피씨디렉트,"158,990","158,990","159,000","159,000","159,000"
19749797,GIGABYTE UD1000GM PG5 80PLUS골드 풀모듈러 ATX3.0 제이씨현,"222,000","222,000","222,000","222,000","222,000"
18939278,GIGABYTE UD1000GM PG5 80PLUS골드 풀모듈러 ATX3.0 피씨디렉트,"177,970","177,970","177,970","177,970","177,970"
21625730,GIGABYTE UD1300GM PG5 80PLUS골드 풀모듈러 ATX3.0 제이씨현,"359,000","359,000","359,000","359,000","359,000"
21688382,GIGABYTE UD1300GM PG5 80PLUS골드 풀모듈러 ATX3.0 피씨디렉트,"345,240","345,240","345,240","345,240","345,240"
16368917,GIGABYTE UD750GM 80PLUS골드 풀모듈러 제이씨현,"115,000","114,980","114,970","114,950","114,950"
16761692,GIGABYTE UD750GM 80PLUS골드 풀모듈러 피씨디렉트,"140,500","140,500","140,500","140,500","140,500"
16369028,GIGABYTE UD850GM 80PLUS골드 풀모듈러 제이씨현,"132,000","132,000","132,000","132,000","132,000"
16761773,GIGABYTE UD850GM 80PLUS골드 풀모듈러 피씨디렉트,"120,700","120,700","120,700","120,700","120,710"
19749611,GIGABYTE UD850GM PG5 80PLUS골드 풀모듈러 ATX3.0 제이씨현,"135,000","135,000","135,000","135,000","134,990"
19539929,GIGABYTE UD850GM PG5 80PLUS골드 풀모듈러 ATX3.0 피씨디렉트,"133,950","133,950","133,950","133,950","133,950"
62640788,GIGABYTE UD850GM PG5 80PLUS골드 풀모듈러 화이트 피씨디렉트,"141,740","141,740","141,740","141,740","141,740"
31339214,GSI DOHICH 700W PLUS,"42,700","42,700","42,700","42,700","42,700"
31344824,GSI DOHICH PREMIUM 500W,"32,100","32,100","32,100","32,100","32,100"
31345106,GSI DOHICH PREMIUM 600W,"37,280","37,280","37,280","37,280","37,280"
31344470,GSI DOHICH VT-500 PLUS 벌크,"18,100","18,100","18,100","18,100","18,100"
10070199,GreatWall E750 FROZEN 80PLUS골드 모듈러,0,0,0,0,"112,320"
1543686,HALO ATX-H500W,"14,840","14,840","14,840","14,840","14,840"
1867846,HALO Bequiet-600RW V2.3,0,0,"24,380","24,380","24,380"
4545079,HOPELY 500RW V2.3 벌크,"30,000","30,000","30,000","30,000","30,000"
4897140,HOPELY 600A 벌크,"15,810","15,810","15,810","15,810","15,810"
33483470,HOPELY 600JB LIGHT 벌크,"15,900","15,900","15,900","15,900","15,900"
4545328,HOPELY 600JB 벌크,"18,380","18,380","18,380","18,380","18,380"
9247065,HOPELY 600MB KC NEW 벌크,"25,380","25,380","25,380","25,380","25,380"
66040097,HOPELY K600 V2.3 벌크,"33,600","33,600","33,600","33,600","33,600"
11141700,KRAFT KOREA POWER MASTER PMK 11000,"75,590","75,590","75,590","75,590","75,590"
13607063,LM2596S DC-DC,0,0,660,660,660
58938845,MSI MAG A1000GL 80PLUS골드 풀모듈러 ATX3.1,"170,050","177,890","175,490","177,890","176,900"
58938893,MSI MAG A1250GL 80PLUS골드 풀모듈러 ATX3.1,"217,550","227,610","227,600","227,610","227,610"
30612056,MSI MAG A500DN 80PLUS스탠다드,"40,480","40,490","40,490","40,490","40,490"
45315014,MSI MAG A550BNL 80PLUS브론즈,"46,550","48,610","48,710","48,720","48,700"
30611999,MSI MAG A600DN 80PLUS스탠다드,"48,990","49,000","48,990","49,000","49,000"
15283025,MSI MAG A650BN 80PLUS브론즈,"62,490","62,500","60,000","60,000","62,500"
42861437,MSI MAG A650BNL 80PLUS브론즈,"60,990","61,000","61,000","61,000","61,000"
21208667,MSI MAG A650GL 80PLUS골드 풀모듈러,"87,990","88,000","86,500","86,500","86,490"
42861392,MSI MAG A750BN 80PLUS브론즈 PCIE5,"77,900","80,900","80,880","82,000","82,000"
21206882,MSI MAG A750GL 80PLUS골드 풀모듈러 ATX3.0,"117,880","118,220","117,840","118,220","117,900"
21206702,MSI MAG A850GL 80PLUS골드 풀모듈러 ATX3.0,"136,880","137,500","136,400","136,380","136,350"
28607840,MSI MAG A850GL 화이트 80PLUS골드 풀모듈러 ATX3.0,"147,390","147,400","141,540","141,550","141,550"
18146243,MSI MEG Ai1300P 80PLUS플래티넘 풀모듈러 ATX3.0,"364,980","365,200","364,930","365,200","364,900"
13168653,MSI MPG A1000G 80PLUS골드 풀모듈러 ATX3.0,"194,980","199,000","194,990","199,000","195,000"
28607720,MSI MPG A750G 80PLUS골드 풀모듈러 ATX3.0,"127,470","127,600","126,490","126,490","126,450"
13854197,MSI MPG A750GF 80PLUS골드,"118,160","118,160","118,160","118,160","118,160"
16526492,MSI MPG A750GF 화이트 80PLUS골드,"128,780","128,780","128,780","128,780","128,780"
18442058,MSI MPG A850G 80PLUS골드 풀모듈러 ATX3.0,"164,980","169,000","165,890","166,490","166,400"
13853267,MSI MPG A850GF 80PLUS골드,"187,870","187,870","187,870","187,870","187,870"
21595763,MaxCool 600 LIGHT,"16,990","16,990","16,990","16,990","17,000"
2785007,NCTOP MIRASOL LR1204 DC to DC 120W,"21,850","21,850","21,850","21,850","21,850"
20507534,NEWZEN SKULL 1000XM ATX3.0 80PLUS골드,"189,050","191,050","191,050","191,050","191,050"
24714023,NEWZEN SKULL 750SM 모듈러 ATX3.0 80PLUS골드,"129,190","129,190","129,190","129,190","129,190"
24714137,NEWZEN SKULL 750SM 모듈러 ATX3.0 80PLUS골드 화이트,"125,490","125,490","126,710","126,710","128,230"
59465297,NEWZEN SKULL 750SM 모듈러 ATX3.1 80PLUS골드,"116,550","116,550","116,550","116,550","119,000"
59466356,NEWZEN SKULL 750SM 모듈러 ATX3.1 80PLUS골드 화이트,"122,550","122,550","122,550","122,550","122,550"
67406777,NEWZEN SKULL 750XM 풀모듈러 ATX3.1 80PLUS골드 화이트,"122,550","122,550","122,550","122,550","122,550"
24713456,NEWZEN SKULL 850SM 모듈러 ATX3.0 80PLUS골드,"133,990","133,990","133,990","133,990","133,990"
24713753,NEWZEN SKULL 850SM 모듈러 ATX3.0 80PLUS골드 화이트,"143,200","143,200","143,200","143,200","143,200"
67403255,NEWZEN SKULL 850SM 모듈러 ATX3.1 80PLUS골드,"127,300","127,300","127,300","127,300","127,300"
67406867,NEWZEN SKULL 850XM 풀모듈러 ATX3.1 80PLUS골드 화이트,"136,800","136,800","136,800","136,800","136,800"
68243594,NZXT C1000 80PLUS골드 풀모듈러 ATX3.1 블랙,0,0,0,0,가격비교예정
68243621,NZXT C1000 80PLUS골드 풀모듈러 ATX3.1 화이트,0,0,0,0,가격비교예정
19587200,NZXT C1200 80PLUS골드 풀모듈러 ATX3.0,"188,100","188,100","188,100","188,100","186,660"
68243864,NZXT C1500 80PLUS플래티넘 풀모듈러 ATX3.1 블랙,0,0,0,0,가격비교예정
68243456,NZXT C850 80PLUS골드 풀모듈러 ATX3.1 블랙,0,0,0,0,가격비교예정
68243522,NZXT C850 80PLUS골드 풀모듈러 ATX3.1 화이트,0,0,0,0,가격비교예정
6336184,NZXT E650 SMARTER 80PLUS골드 모듈러,"132,000","132,000","132,000","132,000","132,000"
2751270,PCM UPS BLACK KNIGHT BNT-1000AP,"316,200","316,200","316,200","316,200",0
34813202,PNC PARTNER EVEREST 1600AP PCIE5,"154,980","154,980","154,980","154,980","154,980"
38450186,PNC PARTNER EVEREST 1600AP PCIE5 벌크,"154,980","154,980","154,980","154,980","154,980"
18826778,PNC PARTNER EVEREST 1600AP VER.S 벌크,"108,990","108,990","108,990","108,990","108,990"
12342704,PNC PARTNER EVEREST 1600AP 벌크,"108,990","108,990","108,990","108,990","108,990"
34812935,PNC PARTNER EVEREST 2200AP PCIE5,"255,980","255,980","255,980","255,980","255,980"
6088467,PNC PARTNER EVEREST 2200AP 벌크,"250,000","250,000","250,000","250,000","250,000"
11292753,PNC PARTNER EVEREST 230W PLUS 벌크,"14,760","14,760","14,760","14,760","14,760"
11925151,PNC PARTNER EVEREST 300W PLUS 블랙 벌크,"24,800","24,800","24,800",0,0
6420059,PNC PARTNER EVEREST 500EV 벌크,"14,490","14,490","14,490","14,490","14,490"
7794913,PNC PARTNER EVEREST 500K RGB,"35,390","35,390","35,390","35,390",0
11292813,PNC PARTNER EVEREST 500K RGB 벌크,"34,400","34,400","34,400","34,400","34,400"
8672864,PNC PARTNER EVEREST 500W PLUS,"31,600","31,600","31,600","31,600","31,600"
6420095,PNC PARTNER EVEREST 600EV 벌크,"15,150","15,150","15,150","15,150","15,150"
20185535,PNC PARTNER EVEREST 600EV 블랙 벌크,"15,790","15,790","15,790","15,790","15,790"
12610565,PNC PARTNER EVEREST 750W 80PLUS스탠다드 230V EU,"55,700","55,700","55,700","55,700","55,700"
14110970,PNC PARTNER EVEREST 750W 80PLUS스탠다드 230V EU 벌크,"54,500","54,500","54,500","54,500","54,500"
17523821,PNC PARTNER EVEREST 750W 화이트 80PLUS스탠다드 230V EU 벌크,"56,500","56,500","56,500",0,0
33386915,PNC PARTNER EVEREST 900W ATX3.0,0,0,0,"89,000","89,000"
38450195,PNC PARTNER EVEREST 900W ATX3.0 벌크,"87,680","87,680","87,680","87,680","87,680"
29956388,PNC PARTNER EVEREST ECO AFTER 1100AP RGB MODULE,"157,990","157,990","157,990","157,990","157,990"
32849117,PNC PARTNER EVEREST N 500W PLUS,"33,900","33,900","33,900","33,900",0
33432917,PNC PARTNER EVEREST N 500W PLUS 벌크,"30,400","30,400","32,890","32,890","32,890"
32849147,PNC PARTNER EVEREST N 600W PLUS,"37,900","37,900","37,900","37,900","37,900"
33432950,PNC PARTNER EVEREST N 600W PLUS 벌크,"36,900","36,900","36,900","36,900","36,900"
48394967,PNC PARTNER EVEREST N 900W V3.0,"88,600","88,600","88,600","88,600","88,600"
48394979,PNC PARTNER EVEREST N 900W V3.0 벌크,"87,500","87,500","87,500","87,500","87,500"
5183457,PNC PARTNER ON_Power 600ST 벌크,"14,760","14,760","14,760","14,760","14,760"
33483425,PowerFul P-FUL AW600 벌크,"15,900","15,900","15,900","15,900","15,900"
7834054,PowerFul P-FUL PF600PW V2.3 KC,"37,390","37,390","37,390","37,390",0
7828099,PowerFul P-FUL PF600REAL 12VSD,0,0,0,"51,700","51,700"
6517783,REX COOL SILENT HS1-600 NEW,"48,390","48,390","48,390","48,390","48,390"
6435126,REX COOL SILENT LS1-600 NEW,"28,490","28,490","28,490","28,490","28,490"
6435147,REX COOL SILENT LS2-600,"34,640","34,640","34,640","34,640","34,640"
47843912,Segotep GM1000W 80PLUS골드 풀모듈러 ATX3.1 블랙,"154,990","154,990","154,990","154,990","154,990"
47843963,Segotep GM1000W 80PLUS골드 풀모듈러 ATX3.1 화이트,"169,990","169,990","169,990","169,990","169,990"
47844002,Segotep GM1250W 80PLUS골드 풀모듈러 ATX3.1 블랙,"158,990","158,990","158,990","158,990","158,990"
47844026,Segotep GM1250W 80PLUS골드 풀모듈러 ATX3.1 화이트,"173,880","173,880","173,880","173,880","173,880"
47843792,Segotep GM750W 80PLUS골드 풀모듈러 ATX3.1 블랙,"104,990","104,990","104,990","104,990","104,990"
47843813,Segotep GM750W 80PLUS골드 풀모듈러 ATX3.1 화이트,"119,990","119,990","119,990","119,990","119,990"
47843861,Segotep GM850W 80PLUS골드 풀모듈러 ATX3.1 블랙,"114,990","114,990","114,990","114,990","114,990"
47843882,Segotep GM850W 80PLUS골드 풀모듈러 ATX3.1 화이트,"129,990","129,990","129,990","129,990","129,990"
5466131,SilverStone Essential ST60F-ES230 600W 80PLUS스탠다드 아이보라,"54,000","54,000","54,000","54,000","54,000"
5466156,SilverStone Essential ST70F-ES230 700W 80PLUS스탠다드 아이보라,"71,670","71,670","71,670","71,670","71,670"
44906423,SilverStone HELA 2050R Platinum ATX3.1 마이크로닉스,"746,410","746,410","746,410","746,410","681,290"
3288945,SilverStone SST-SX500-LG 아이보라,"120,990","120,990","120,990","120,990","120,990"
2801362,SilverStone Strider GOLD ST1500-GS 아이보라,"359,700","359,700","359,700","359,700","359,700"
9343317,SuperFlower SF-1000F14HT LEADEX TITANIUM,"448,000","448,000","448,000","448,000","448,000"
18419825,SuperFlower SF-1000F14PE LEADEX VI PRO PLATINUM,"215,000","215,000","215,000","215,000","215,000"
19921292,SuperFlower SF-1000F14PE LEADEX VI PRO PLATINUM 화이트 PCIE5,"222,400","222,400","222,400","222,400","222,400"
15298655,SuperFlower SF-1000F14TP LEADEX V PRO PLATINUM,"239,510","239,510","239,510","239,510","239,510"
15298397,SuperFlower SF-1000F14TP LEADEX V PRO PLATINUM 화이트,"314,440","314,440","314,440","314,440","314,440"
20057756,SuperFlower SF-1000F14XG LEADEX VII GOLD ATX3.0,"204,710","204,710","204,710","204,710","204,710"
20237495,SuperFlower SF-1000F14XG LEADEX VII GOLD 화이트 ATX3.0,"217,090","217,090","217,090","217,090","217,090"
32037950,SuperFlower SF-1000F14XP LEADEX VII PRO PLATINUM 블랙 ATX3.1,"246,380","246,380","246,380","246,380","246,380"
49081385,SuperFlower SF-1000F14XP LEADEX VII PRO PLATINUM 화이트 ATX3.1,"254,060","254,060","254,060","254,060","254,060"
32038043,SuperFlower SF-1200F14XP LEADEX VII PRO PLATINUM 블랙 ATX3.1,"280,320","280,320","280,320","280,320","280,320"
49091162,SuperFlower SF-1200F14XP LEADEX VII PRO PLATINUM 화이트 ATX3.1,"286,490","286,500","288,980","288,980","288,980"
20275859,SuperFlower SF-1300F14XG LEADEX VII GOLD ATX3.0,"256,490","256,490","256,480","256,480","258,990"
20615300,SuperFlower SF-1300F14XG LEADEX VII GOLD 화이트 ATX3.0,"264,590","264,590","264,590","264,590","264,590"
67621013,SuperFlower SF-1600F14HT LEADEX TITANIUM ATX3.1,"700,000","700,000","730,000","730,000","730,000"
4088785,SuperFlower SF-1600F14HT LEADEX 티타늄,"597,660","597,660","597,660","597,660","597,660"
3353742,SuperFlower SF-2000F14HP LEADEX PLATINUM,"643,490","643,490","643,490","643,490","643,490"
7179172,SuperFlower SF-500R12ST MEGA 80PLUS스탠다드 230V EU,"50,500","50,500","50,500","50,500","50,490"
11691866,SuperFlower SF-500R12ST MEGA 80PLUS스탠다드 230V EU 벌크,"49,500","49,500","49,500","49,500","49,500"
7179223,SuperFlower SF-600R12ST MEGA 80PLUS스탠다드 230V EU,"60,420","60,420","60,420","60,420","60,420"
9458841,SuperFlower SF-650F14RG LEADEX III ARGB GOLD,"155,000","155,000","155,000","155,000","155,000"
7179316,SuperFlower SF-700R12ST MEGA 80PLUS스탠다드 230V EU,"75,040","75,040","75,030","75,030","75,030"
60148454,SuperFlower SF-750C12FG COMBAT FG 80PLUS골드 ATX3.1,"124,990","125,000","125,000","125,000","125,000"
9243156,SuperFlower SF-750F14HG LEADEX III GOLD,"142,550","142,550","142,550","142,550","142,550"
10506012,SuperFlower SF-750F14HG LEADEX III GOLD 화이트,"146,490","146,500","147,510","147,510","147,510"
9343239,SuperFlower SF-750F14HT LEADEX TITANIUM,"331,650","331,650","331,650","331,650","331,650"
9458865,SuperFlower SF-750F14RG LEADEX III ARGB GOLD,"178,000","178,000","178,000","178,000","178,000"
14724467,SuperFlower SF-750P14XE Legion GX PRO GOLD,"155,120","155,120","155,120","155,120","155,120"
60148511,SuperFlower SF-850C12FG COMBAT FG 80PLUS골드 ATX3.1,"154,850","154,850","154,850","154,850","154,850"
9243210,SuperFlower SF-850F14HG LEADEX III GOLD,"164,000","164,000","164,000","164,000","164,000"
20315651,SuperFlower SF-850F14HG LEADEX III GOLD 블랙 PCIE5,"158,960","158,960","158,960","158,960","158,960"
10506042,SuperFlower SF-850F14HG LEADEX III GOLD 화이트,"169,000","169,000","169,000","169,000","169,000"
20315813,SuperFlower SF-850F14HG LEADEX III GOLD 화이트 PCIE5,"167,300","167,300","167,300","167,300","167,300"
9343278,SuperFlower SF-850F14HT LEADEX TITANIUM,"382,140","382,140","382,140","382,140","382,140"
4479358,SuperFlower SF-850F14MT LEADEX SILVER,"145,000","145,000","145,000","145,000","145,000"
19227146,SuperFlower SF-850F14PE LEADEX VI PRO PLATINUM PCIE5,"187,110","187,110","187,110","187,110","187,110"
9458883,SuperFlower SF-850F14RG LEADEX III ARGB GOLD,"198,000","198,000","198,000","198,000","198,000"
15298862,SuperFlower SF-850F14TP LEADEX V PRO PLATINUM 블랙,"190,490","190,500","190,500","190,500","190,500"
16054550,SuperFlower SF-850F14TP LEADEX V PRO PLATINUM 화이트,"206,660","206,660","206,660","206,660","206,660"
20057990,SuperFlower SF-850F14XG LEADEX VII GOLD ATX3.0,"166,390","166,390","166,380","166,380","167,990"
20237516,SuperFlower SF-850F14XG LEADEX VII GOLD 화이트 ATX3.0,"183,400","183,400","183,400","183,400","183,400"
32037836,SuperFlower SF-850F14XP LEADEX VII PRO PLATINUM 블랙 ATX3.1,"208,990","208,990","208,990","208,990","208,990"
55795079,SuperFlower SF-850F14XP LEADEX VII PRO PLATINUM 화이트 ATX3.1,"212,260","212,260","212,260","212,260","212,260"
20358236,TAGER JN500W GAMING 벌크,"31,810","31,810","31,810","31,810","31,810"
20358308,TAGER JN630K 벌크,0,0,"16,800","16,800","16,800"
20358266,TAGER JN650K 벌크,0,0,0,0,"23,880"
20358221,TAGER JN700W EXTREME 80PLUS브론즈,"49,500","49,500","49,500","49,500","49,500"
20358194,TAGER JN700W EXTREME 80PLUS브론즈 벌크,"47,560","47,560","47,560","47,560","47,560"
1253359,WEED W450-MW 벌크,"20,000","20,000","20,000","20,000","19,990"
3426658,WEED W500-ORIGIN REAL,"30,490","30,490","30,490","30,490","30,490"
1565135,WEED W600-ORIGIN,"23,000","23,000","23,000","23,000","23,000"
3171476,ares Akira 600AK Plus UP,0,0,0,0,"22,470"
16282421,be quiet DARK POWER 12 1000W 80PLUS티타늄,"456,300","456,300","456,300","456,300","456,300"
16282103,be quiet DARK POWER 12 750W 80PLUS티타늄,"268,400","268,400","268,400","268,400","268,400"
16282301,be quiet DARK POWER 12 850W 80PLUS티타늄,"428,850","428,850","428,850","428,850","428,850"
16265510,be quiet DARK POWER PRO 12 1200W 80PLUS티타늄,"650,000","650,000","650,000","650,000","650,000"
16265594,be quiet DARK POWER PRO 12 1500W 80PLUS티타늄,"718,480","718,480","718,480","718,480","718,480"
28802945,be quiet DARK POWER PRO 13 1300W 80PLUS티타늄,"714,310","714,310","714,310","714,310","714,310"
28803080,be quiet DARK POWER PRO 13 1600W 80PLUS티타늄,"797,200","797,200","797,200","797,200","797,200"
16290887,be quiet STRAIGHT POWER 11 1000W 80PLUS플래티넘,"359,000","359,000","359,000","359,000","359,000"
16290773,be quiet STRAIGHT POWER 11 750W 80PLUS플래티넘,"302,820","302,820","302,820","302,820","302,820"
16290845,be quiet STRAIGHT POWER 11 850W 80PLUS플래티넘,"366,240","366,240","366,240","366,240","366,240"
28803386,be quiet STRAIGHT POWER 12 1000W 80PLUS플래티넘,"339,120","339,120","339,120","339,120","339,120"
28803602,be quiet STRAIGHT POWER 12 1200W 80PLUS플래티넘,"411,600","411,600","411,600","411,600","408,640"
28803701,be quiet STRAIGHT POWER 12 1500W 80PLUS플래티넘,"418,160","418,160","418,160","418,160","418,160"
21651302,darkFlash SAVEMOST 500W 블랙,"35,490","35,490","35,490","35,490","35,490"
27941540,darkFlash SAVEMOST 600W 80PLUS스탠다드,"50,780","50,780","50,780","50,780","50,780"
60170783,darkFlash SAVEMOST 600W 80PLUS스탠다드 벌크,"50,920","50,920","50,920","50,920","50,920"
21651443,darkFlash SAVEMOST 600W 블랙,"42,080","42,080","42,080","42,080","42,080"
27941621,darkFlash SAVEMOST 700W 80PLUS스탠다드,"60,360","60,360","60,360","60,360","60,360"
60170801,darkFlash SAVEMOST 700W 80PLUS스탠다드 벌크,"59,840","59,840","59,840","59,840","59,840"
21651530,darkFlash SAVEMOST 700W 블랙,"47,940","47,940","47,940","47,940","47,940"
21547862,darkFlash UPMOST 1050W 80PLUS골드 풀모듈러 ATX3.0 블랙,"174,390","174,390","174,390","174,390","174,390"
21547892,darkFlash UPMOST 1050W 80PLUS골드 풀모듈러 ATX3.0 화이트,"177,590","177,590","177,590","177,590","177,590"
29340080,darkFlash UPMOST 1250W 80PLUS골드 풀모듈러 ATX3.0 블랙,"187,690","187,690","187,690","187,690","187,690"
29340092,darkFlash UPMOST 1250W 80PLUS골드 풀모듈러 ATX3.0 화이트,"193,960","193,960","193,960","193,960","193,960"
19813763,darkFlash UPMOST 750W 80PLUS골드 풀모듈러 블랙,"112,940","112,940","112,940","112,940","112,940"
19813847,darkFlash UPMOST 750W 80PLUS골드 풀모듈러 화이트,"118,940","118,940","116,750","116,750","116,750"
20709257,darkFlash UPMOST 850W 80PLUS골드 풀모듈러 ATX3.0 블랙,"153,690","153,690","153,690","153,690","153,690"
20709380,darkFlash UPMOST 850W 80PLUS골드 풀모듈러 ATX3.0 화이트,"157,990","157,990","157,990","157,990","157,990"
19814000,darkFlash UPMOST 850W 80PLUS골드 풀모듈러 블랙,"136,560","136,560","135,350","135,350","135,350"
19814027,darkFlash UPMOST 850W 80PLUS골드 풀모듈러 화이트,"140,860","140,860","140,860","140,860","140,860"
10550613,topower Guardian TOP-600DG Single Rail 80PLUS브론즈,"59,000","59,000","59,000","59,000","59,000"
10550649,topower Guardian TOP-700DG Single Rail 80PLUS브론즈,"69,000","69,000","69,000","69,000","68,990"
13150373,topower Guardian TOP-900DG 80PLUS스탠다드,"86,950","86,950","86,950","86,950","86,950"
13150403,topower Guardian TOP-900DG 80PLUS스탠다드 화이트,"91,830","91,830","91,830","91,830","91,830"
11685743,topower TOP-500S 12VSD DUAL POWER 벌크,"32,000","32,000","32,000","32,000","32,000"
19554956,topower TOP-500S 12VSD 벌크,"32,000","32,000","32,000","32,000","32,000"
12125519,topower TOP-600S 12VSD V2 벌크,"36,000","36,000","36,000","36,000","36,000"
19555031,topower TOP-600S 12VSD 벌크,"35,990","35,990","35,990","35,990","35,990"
11657477,델타 GPS-1000DB 80PLUS플래티넘 풀모듈러,"286,500","286,500","286,500","286,500","286,500"
17441513,델타 GPS-1000EB 80PLUS골드 풀모듈러,"219,000","219,000","219,000","219,000","219,000"
31092083,델타 GPS-1100AB 1100W PLATINUM 풀모듈러 ATX3.0,"328,990","328,990","328,990","328,990","328,990"
11294055,델타 GPS-1300CB 80PLUS플래티넘 풀모듈러,"359,000","359,000","359,000","359,000","359,000"
31169711,델타 GPS-1300DB 1300W PLATINUM 풀모듈러 ATX3.0,"378,990","378,990","378,990","378,990","378,990"
17459000,델타 GPS-650MB 80PLUS골드 풀모듈러,0,0,0,"126,000","126,000"
17458148,델타 GPS-750HB 80PLUS골드 풀모듈러,"149,000","149,000","149,000","149,000","149,000"
5282204,델타 GPS-850HB 80PLUS플래티넘,"186,500","186,500","186,500","186,500","186,500"
17441363,델타 GPS-850LB 80PLUS골드 풀모듈러,"165,860","165,860","165,860","165,860","165,860"
5870421,델타 UPS Agilon VX-1000VA,"180,000","180,000","180,000","180,000","180,000"
5870432,델타 UPS Agilon VX-600VA,"105,000","105,000","105,000","105,000","105,000"
5697447,라이트컴 COMS 릴레이형 듀얼파워 커넥터 IE870,"5,490","5,490","5,490","5,490","5,490"
60322502,르그랑코리아 DK Plus10000,"5,000,000","5,000,000","5,000,000","5,000,000","5,000,000"
62793494,르그랑코리아 KEOR SP2000,"359,990","359,990","359,990","359,990","359,990"
62176037,리안리 EDGE 1000 80PLUS플래티넘 블랙,"274,550","274,550","274,550","274,550","274,550"
62176049,리안리 EDGE 1000 80PLUS플래티넘 화이트,"281,080","281,080","281,080","281,080","281,080"
62176103,리안리 EDGE 1300 80PLUS플래티넘 블랙,"338,200","338,200","338,200","338,200","338,200"
62176118,리안리 EDGE 1300 80PLUS플래티넘 화이트,"347,700","348,630","348,630","348,630","348,630"
62175968,리안리 EDGE 850 80PLUS플래티넘 블랙,"217,550","217,550","217,550","217,550","217,550"
16490357,리안리 SP750 80PLUS골드 블랙,"173,850","173,850","173,850","173,850","173,850"
16489511,리안리 SP750 80PLUS골드 화이트,"173,850","173,850","173,850","173,850","173,850"
6389830,마이크로닉스 ASTRO G-Series 700W 80PLUS EU Silver 풀모듈러,"165,000","165,000","165,000","165,000","165,000"
3192023,마이크로닉스 ASTRO GD 550W 80PLUS골드,"101,000","101,000","101,000","101,000","101,000"
6228355,마이크로닉스 ASTRO GD 550W 80PLUS골드 풀모듈러,"101,000","101,000","101,000","101,000","101,000"
13110488,마이크로닉스 ASTRO GD 550W 80PLUS골드 풀모듈러 FDB,"101,000","101,000","101,000","101,000","101,000"
6228385,마이크로닉스 ASTRO GD 650W 80PLUS골드 풀모듈러,"113,000","113,000","113,000","113,000","113,000"
11569574,마이크로닉스 ASTRO GD 650W 80PLUS골드 풀모듈러 FDB 블랙,"112,990","112,990","112,990","112,990","112,990"
16000562,마이크로닉스 ASTRO GD 650W 80PLUS골드 풀모듈러 FDB 화이트,"102,370","102,370","102,370","102,370","102,370"
8539694,마이크로닉스 ASTRO GD 650W 80PLUS골드 풀모듈러 화이트,"103,000","103,000","103,000","103,000","103,000"
3192077,마이크로닉스 ASTRO GD 750W 80PLUS골드,"132,500","132,500","132,500","132,500","132,500"
6228426,마이크로닉스 ASTRO GD 750W 80PLUS골드 풀모듈러,"132,500","132,500","132,500","132,500","132,500"
10831719,마이크로닉스 ASTRO GD 750W 80PLUS골드 풀모듈러 FDB,"112,490","112,490","112,490","112,490","112,490"
11844925,마이크로닉스 ASTRO GD 750W 80PLUS골드 풀모듈러 FDB 화이트,"137,990","137,990","137,990","137,990","137,990"
5520924,마이크로닉스 ASTRO GD 750W 80PLUS골드 풀모듈러 화이트,"138,000","138,000","138,000","138,000","138,000"
18005060,마이크로닉스 ASTRO II GD 1650W 80PLUS골드 풀모듈러 ATX3.0,"498,990","498,990","499,000","499,000","499,000"
27942170,마이크로닉스 ASTRO II PT 1000W 80PLUS플래티넘 풀모듈러 ATX3.0,"258,600","258,600","258,600","258,600","258,600"
33386042,마이크로닉스 ASTRO II PT 1300W 80PLUS플래티넘 풀모듈러 ATX3.1,"309,000","309,000","309,000","309,000","309,000"
27942059,마이크로닉스 ASTRO II PT 850W 80PLUS플래티넘 풀모듈러 ATX3.0,"219,000","219,000","219,000","219,000","197,100"
6461871,마이크로닉스 ASTRO PLATINUM 1050W 풀모듈러,"239,000","239,000","239,000","239,000","239,000"
6461883,마이크로닉스 ASTRO PLATINUM 1200W 풀모듈러,"350,000","350,000","350,000","350,000","350,000"
6461849,마이크로닉스 ASTRO PLATINUM 850W 풀모듈러,"198,690","198,690","198,690","198,690","198,690"
15210140,마이크로닉스 CASLON M 750W 80PLUS브론즈 230V EU,"92,500","92,500","92,500","92,500","92,500"
29082194,마이크로닉스 CASLON M 750W 80PLUS실버 모듈러 ATX3.0,"99,000","99,000","99,000","99,000","99,000"
14319440,마이크로닉스 CASLON M 850W 80PLUS브론즈 230V EU,"114,500","114,500","114,500","114,500","114,500"
29084696,마이크로닉스 CASLON M 850W 80PLUS실버 모듈러 ATX3.0,"116,900","116,900","116,900","116,900","116,900"
16026494,마이크로닉스 CE-350ST-H12S 벌크,"31,000","31,000","31,000","31,000","31,000"
4712094,마이크로닉스 COOLMAX FOCUS 600W 80Plus 230V EU,"48,000","48,000","48,000","48,000","48,000"
28549583,마이크로닉스 COOLMAX FOCUS II 500W ETA BRONZE,"44,500","44,500","44,500","44,500","44,500"
51817283,마이크로닉스 COOLMAX FOCUS II 600W ETA BRONZE,"51,000","51,000","51,000","51,000","51,000"
17052830,마이크로닉스 COOLMAX FOCUS II 700W ETA BRONZE,"67,900","67,900","67,900","67,900","67,900"
20010086,마이크로닉스 COOLMAX FOCUS II 700W ETA BRONZE PCIE5.1,"67,900","67,900","67,900","67,900","67,900"
17052878,마이크로닉스 COOLMAX FOCUS II 800W ETA BRONZE,"79,900","79,900","79,900","79,900","79,900"
20010002,마이크로닉스 COOLMAX FOCUS II 800W ETA BRONZE PCIE5.1,"79,900","79,900","79,900","79,900","79,900"
18894161,마이크로닉스 COOLMAX FOCUS II 900W ETA SILVER,"94,900","94,900","94,900","94,900","94,900"
20009693,마이크로닉스 COOLMAX FOCUS II 900W ETA SILVER PCIE5,"94,900","94,900","94,900","94,900","94,900"
12978929,마이크로닉스 COOLMAX FOCUS PRO 500W 80PLUS 230V EU,"44,500","44,500","44,500","44,500","44,500"
13585271,마이크로닉스 COOLMAX FOCUS PRO 600W 80PLUS 230V EU,"50,000","50,000","50,000","50,000","50,000"
19961321,마이크로닉스 COOLMAX P-1050W 80PLUS플래티넘 ATX3.0,"219,000","219,000","219,000","219,000","219,000"
19961018,마이크로닉스 COOLMAX P-850W 80PLUS플래티넘 ATX3.0,"179,000","179,000","179,000","179,000","179,000"
12076481,마이크로닉스 COOLMAX VISION 600W HDB,"90,000","90,000","90,000","90,000","90,000"
12076526,마이크로닉스 COOLMAX VISION 700W HDB,"100,000","100,000","100,000","100,000","100,000"
16566995,마이크로닉스 COOLMAX VISION II 500W,"39,900","39,900","39,900","39,870","39,900"
16567067,마이크로닉스 COOLMAX VISION II 600W,"48,500","48,500","48,500","48,470","48,500"
16567166,마이크로닉스 COOLMAX VISION II 700W,"59,500","59,500","59,500","59,500","59,500"
16567229,마이크로닉스 COOLMAX VISION II 800W,"69,550","69,550","69,550","71,500","71,500"
15266783,마이크로닉스 Classic II 1050W 80PLUS골드 230V EU 풀모듈러 화이트,"184,990","184,990","184,990","184,970","184,990"
63029591,마이크로닉스 Classic II 1050W 80PLUS골드 풀모듈러 ATX3.1,"199,500","209,000","209,000","209,000","209,000"
5353220,마이크로닉스 Classic II 500W +12V Single Rail 벌크,"51,100","51,100","51,100","51,100","51,100"
1928673,마이크로닉스 Classic II 500W 80PLUS 230V EU,"54,500","54,500","54,500","54,500","54,500"
9326265,마이크로닉스 Classic II 550W 80PLUS브론즈 230V EU HDB,"60,500","60,500","60,500","60,500","60,500"
1928750,마이크로닉스 Classic II 600W 80PLUS 230V EU,"62,270","62,270","62,270","62,270","62,270"
11226927,마이크로닉스 Classic II 600W 80PLUS 230V EU 화이트,"68,400","68,400","68,400","68,400","68,400"
15046403,마이크로닉스 Classic II 650W 80PLUS골드 230V EU,"179,000","179,000","179,000","179,000","179,000"
10901664,마이크로닉스 Classic II 650W 80PLUS브론즈 230V EU HDB 핑크,"64,900","64,900","64,900","64,900","64,900"
1966330,마이크로닉스 Classic II 700W 80PLUS 230V EU,"83,500","83,500","83,500","83,500","83,500"
14380028,마이크로닉스 Classic II 700W 80PLUS 230V EU (중고),0,"44,640","44,640","44,640",0
11227005,마이크로닉스 Classic II 700W 80PLUS 230V EU 화이트,"94,510","94,510","94,510","94,510","94,510"
15046910,마이크로닉스 Classic II 750W 80PLUS골드 230V EU,"139,000","139,000","139,000","139,000","139,000"
58913891,마이크로닉스 Classic II 750W 80PLUS골드 풀모듈러 ATX3.1,"132,050","139,000","139,000","138,970","138,970"
54314609,마이크로닉스 Classic II 750W 80PLUS골드 풀모듈러 ATX3.1 화이트,"138,700","146,000","146,000","146,000","146,000"
10901742,마이크로닉스 Classic II 750W 80PLUS브론즈 230V EU HDB 핑크,"69,490","69,490","69,490","69,490","71,990"
8431077,마이크로닉스 Classic II 800W 80PLUS 230V EU,"99,900","99,900","99,900","99,900","99,900"
51815078,마이크로닉스 Classic II 850W 80PLUS골드 풀모듈러 ATX3.1,"168,150","169,000","169,000","168,970","168,970"
47487848,마이크로닉스 Classic II 850W 80PLUS골드 풀모듈러 ATX3.1 화이트,"177,000","177,000","177,000","176,970","177,000"
49642352,마이크로닉스 Classic II 풀체인지 500W 80PLUS브론즈 ATX3.1,"54,500","54,500","54,500","54,470","54,470"
14763332,마이크로닉스 Classic II 풀체인지 600W 80PLUS 230V EU 벌크,"62,710","62,710","62,710","62,710","62,710"
49642652,마이크로닉스 Classic II 풀체인지 600W 80PLUS브론즈 ATX3.1,"62,480","62,480","62,500","62,470","62,470"
46888478,마이크로닉스 Classic II 풀체인지 600W 80PLUS브론즈 ATX3.1 화이트,"63,650","67,000","67,000","67,000","67,000"
49642700,마이크로닉스 Classic II 풀체인지 700W 80PLUS브론즈 ATX3.1,"83,900","83,900","83,900","83,870","83,900"
44906339,마이크로닉스 Classic II 풀체인지 700W 80PLUS브론즈 ATX3.1 화이트,"67,000","67,000","87,900","87,900","87,900"
49642751,마이크로닉스 Classic II 풀체인지 800W 80PLUS브론즈 ATX3.1,"99,900","99,900","99,900","99,870","99,900"
50124029,마이크로닉스 Classic II 풀체인지 800W 80PLUS브론즈 ATX3.1 화이트,"103,900","103,900","103,900","103,870","103,900"
63482117,마이크로닉스 Classic II 풀체인지 900W 80PLUS실버 ATX3.1,"109,150","114,780","114,780","114,780","114,770"
2716389,마이크로닉스 Compact SFX 300W 80PLUS브론즈,"58,000","58,000","58,000","58,000","58,000"
2717067,마이크로닉스 Compact SFX 350W 80PLUS브론즈,"67,500","67,500","67,500","67,500","67,500"
6426892,마이크로닉스 Compact SFX 400W 80PLUS브론즈,"77,990","77,990","77,990","77,990","77,990"
6324846,마이크로닉스 Compact SFX 450W 80PLUS브론즈,"90,990","90,990","90,990","90,990","90,990"
10759575,마이크로닉스 Compact SFX 700W 80PLUS골드,"139,000","139,000","139,000","139,000","139,000"
6290133,마이크로닉스 Compact SFX-L 700W 80PLUS플래티넘,"138,990","138,990","138,990","138,990","138,990"
16729655,마이크로닉스 Compact TFX 400W 80Plus 230V EU,"65,500","65,500","65,500","65,500","65,500"
5540255,마이크로닉스 Cyclone III 400W After Cooling,"34,100","34,100","34,100","34,100","34,100"
15911549,마이크로닉스 Cyclone III 600W After Cooling 중고,"36,000",0,"36,000","36,000",0
2110209,마이크로닉스 New Performance 600W 80PLUS브론즈 Change-up,"70,000","70,000","70,000","70,000","70,000"
2421111,마이크로닉스 New Performance 600W 80PLUS브론즈 프리볼트,"104,000","104,000","104,000","104,000","104,000"
14939270,마이크로닉스 Performance II 125 700W 80PLUS골드,"107,500","107,500","107,500","107,500","107,500"
10054617,마이크로닉스 Performance II HV 1000W 80PLUS브론즈 FDB,"187,000","187,000","187,000","187,000","187,000"
3071195,마이크로닉스 Performance II HV 1000W Bronze,"187,000","187,000","187,000","187,000","187,000"
10054539,마이크로닉스 Performance II HV 850W 80PLUS브론즈 FDB,"153,000","153,000","153,000","153,000","153,000"
3071154,마이크로닉스 Performance II HV 850W Bronze,"153,000","153,000","153,000","153,000","153,000"
10557825,마이크로닉스 Performance II PV 500W 80PLUS브론즈 FDB,"81,550","81,550","81,550","81,550","81,550"
5045394,마이크로닉스 Performance II PV 500W 80PLUS브론즈 Surge 4K,"82,000","82,000","82,000","82,000","82,000"
10557888,마이크로닉스 Performance II PV 600W 80PLUS브론즈 FDB,"106,500","106,500","106,500","106,500","106,500"
5045425,마이크로닉스 Performance II PV 600W 80PLUS브론즈 Surge 4K,"98,000","98,000","98,000","98,000","98,000"
10557909,마이크로닉스 Performance II PV 700W 80PLUS브론즈 FDB,"125,000","125,000","125,000","125,000","125,000"
5045444,마이크로닉스 Performance II PV 700W 80PLUS브론즈 Surge 4K,"125,000","125,000","125,000","125,000","125,000"
6537151,마이크로닉스 Performance II PV RGB Sync 600W 80PLUS브론즈,"97,000","97,000","97,000","97,000","97,000"
6537179,마이크로닉스 Performance II PV RGB Sync 700W 80PLUS브론즈,"116,640","116,640","116,640","116,640","116,640"
16026650,마이크로닉스 SG-400D12S 벌크,"24,900","24,900","24,900","24,900","24,900"
60244517,마이크로닉스 WIZMAX 1050W 80PLUS플래티넘 풀모듈러 ATX3.1,"249,000","249,000","249,000","249,000","249,000"
19023932,마이크로닉스 WIZMAX 1200W 80PLUS플래티넘 풀모듈러 ATX3.0,"299,000","299,000","299,000","299,000","299,000"
35223218,마이크로닉스 WIZMAX 1200W 80PLUS플래티넘 풀모듈러 ATX3.1,"284,050","298,690","298,680","298,680","298,680"
17538716,마이크로닉스 WIZMAX 750W 80PLUS골드,"89,900","89,900","89,900","89,900","89,900"
28832762,마이크로닉스 WIZMAX 750W 80PLUS골드 ATX3.0,"99,890","99,890","99,890","99,890","99,890"
18741254,마이크로닉스 WIZMAX 750W 80PLUS실버,"89,900","89,900","89,900","89,900","89,900"
20628080,마이크로닉스 WIZMAX 750W 80PLUS실버 ATX3.0,"89,900","89,900","89,900","89,900","89,900"
17538779,마이크로닉스 WIZMAX 850W 80PLUS골드,"119,900","119,900","119,900","119,900","119,900"
28832915,마이크로닉스 WIZMAX 850W 80PLUS골드 ATX3.0,"119,890","119,890","119,890","119,890","104,490"
18741287,마이크로닉스 WIZMAX 850W 80PLUS실버,"89,900","89,900","89,900","89,900","89,900"
20628194,마이크로닉스 WIZMAX 850W 80PLUS실버 ATX3.0,"86,270","89,890","89,890","89,870","89,870"
5467243,마이크로닉스 ZERO PLUS 500W Active PFC,"57,000","57,000","57,000","57,000","57,000"
5405967,마이크로닉스 ZERO PLUS 600W Active PFC,"72,000","72,000","72,000","72,000","72,000"
4186794,마이크로닉스 ZERO POWER 500W,"45,900","45,900","45,900","45,900","45,900"
5518018,마이크로닉스 ZERO POWER 500W 벌크,"45,000","45,000","45,000","45,000","45,000"
16514312,마이크로닉스 듀얼 파워 커넥터 BTC,"3,500","3,500","3,500","3,500","3,500"
16200479,맥스엘리트 MAXWELL BARON 700W 80PLUS브론즈 플랫,"75,520","76,990","76,990","76,990","76,990"
16200560,맥스엘리트 MAXWELL BARON 800W 80PLUS브론즈 플랫,"86,990","86,990","85,650","85,650","85,640"
17102117,맥스엘리트 MAXWELL COUNT 750W 80PLUS골드 풀모듈러 (본체+딥블랙),"157,990","157,990","158,000","158,000","158,000"
17102183,맥스엘리트 MAXWELL COUNT 750W 80PLUS골드 풀모듈러 (본체+메탈그레이),"158,000","158,000","158,000","158,000","158,000"
17102153,맥스엘리트 MAXWELL COUNT 750W 80PLUS골드 풀모듈러 (본체+퓨어화이트),"158,000","158,000","158,000","158,000","158,000"
17102069,맥스엘리트 MAXWELL COUNT 750W 80PLUS골드 풀모듈러 (본체+플랫멀티팩),"127,400","127,400","127,410","127,410","127,410"
17101994,맥스엘리트 MAXWELL COUNT 750W 80PLUS골드 풀모듈러 (본체+플랫슬림팩),"119,000","119,000","119,000","119,000","119,000"
62649467,맥스엘리트 MAXWELL COUNT 750W 80PLUS골드 풀모듈러 ATX3.1,"132,050","132,050","139,000","139,000","139,000"
17103122,맥스엘리트 MAXWELL COUNT 850W 80PLUS골드 풀모듈러 (본체+플랫멀티팩),"139,000","139,000","139,000","139,000","139,000"
29490029,맥스엘리트 MAXWELL COUNT 850W 80PLUS골드 풀모듈러 ATX3.0,"149,000","149,000","149,000","149,000","149,000"
30349685,맥스엘리트 MAXWELL COUNT 850W 80PLUS골드 풀모듈러 ATX3.1,"151,050","159,000","159,000","159,000","159,000"
18901058,맥스엘리트 MAXWELL DUKE 1000W 80PLUS플래티넘 풀모듈러 ATX3.0,"218,990","218,990","218,990","218,990","218,990"
27602531,맥스엘리트 MAXWELL DUKE 1000W 80PLUS플래티넘 풀모듈러 ATX3.0 화이트,"229,000","229,000","229,000","229,000","228,990"
31285949,맥스엘리트 MAXWELL DUKE 1000W 80PLUS플래티넘 풀모듈러 ATX3.1,"226,100","235,000","235,000","235,000","235,000"
58113215,맥스엘리트 MAXWELL DUKE 1000W 80PLUS플래티넘 풀모듈러 ATX3.1 화이트,"227,050","239,000","239,000","239,000","239,000"
19451888,맥스엘리트 MAXWELL DUKE 1300W 80PLUS플래티넘 풀모듈러 ATX3.0,"295,000","295,000","295,000","295,000","295,000"
27602564,맥스엘리트 MAXWELL DUKE 1300W 80PLUS플래티넘 풀모듈러 ATX3.0 화이트,"307,000","307,000","307,000","307,000","307,000"
58113260,맥스엘리트 MAXWELL DUKE 1300W 80PLUS플래티넘 풀모듈러 ATX3.1 화이트,"301,150","317,000","317,000","317,000","317,000"
8804528,맥스엘리트 MAXWELL GAMING PRO 500W 80PLUS스탠다드 플랫,"43,000","43,000","43,000","43,000","43,000"
31392236,맥스엘리트 MAXWELL KNIGHT 700W 80PLUS브론즈,"65,550","69,000","69,000","69,000","69,000"
31392374,맥스엘리트 MAXWELL KNIGHT 800W 80PLUS브론즈,"75,050","79,000","79,000","79,000","79,000"
18503351,맥스엘리트 MAXWELL PRIMO 500W 80PLUS스탠다드 플랫,"45,500","45,500","45,500","45,500","45,500"
18503426,맥스엘리트 MAXWELL PRIMO 600W 80PLUS스탠다드 플랫,"52,500","52,500","52,500","52,500","52,500"
18503468,맥스엘리트 MAXWELL PRIMO 700W 80PLUS스탠다드 플랫,"62,000","62,000","62,000","62,000","62,000"
31338233,몬스타 가츠 ExtremeX FX500 80PLUS스탠다드,"35,590","35,590","35,590","35,590","35,590"
30255296,몬스타 가츠 ExtremeX FX600 80PLUS스탠다드,"41,140","41,140","41,140","41,140","41,140"
30267548,몬스타 가츠 ExtremeX FX700 80PLUS스탠다드,"44,830","44,830","44,830","44,830","44,830"
30273785,몬스타 가츠 ExtremeX FX800 80PLUS스탠다드,"49,090","49,090","49,030","49,030","49,030"
39103550,몬스타 가츠 ExtremeX FX800 80PLUS스탠다드 화이트,"54,050","54,090","54,020","54,020","54,020"
60425312,몬스타 가츠 MASTERX X750W 80PLUS브론즈 ATX3.1,"55,330","56,490","56,490","56,490","56,490"
61417925,몬스타 가츠 MASTERX X750W 80PLUS브론즈 ATX3.1 화이트,"56,490","56,490","58,990","58,990","58,990"
61842290,몬스타 가츠 MASTERX X850W 80PLUS브론즈 ATX3.1,"60,450","62,600","62,600","62,600","62,600"
61842320,몬스타 가츠 MASTERX X850W 80PLUS브론즈 ATX3.1 화이트,"62,700","64,700","64,700","64,700","64,700"
32061311,삼성전자 PSD-350DHGB 벌크,"18,600","18,600","18,600","18,600","18,200"
15986096,삼성전자 PSD-450DHGB 450W 벌크,"14,900","14,900","14,900","14,900","18,000"
14630879,성주컴텍 SJ-N1600 벌크,"134,700","134,700","134,700","134,700","134,700"
6025473,셀텍 LR1010 DC to DC 180W 19V/9.5A 180W 어댑터 포함,"74,990","74,990","74,990","74,990","74,990"
2180509,셀텍 LR1010 DC to DC 180W 어댑터 미포함,"35,990","35,990","35,990","35,990",0
24713768,셀텍 LR1204 DC to DC 150W 어댑터 미포함,"20,790",0,0,0,0
2585670,스카이디지탈 파워스테이션4 PS4-350M 86P ActivePFC V2.31,"46,900","46,900","46,900","46,900","46,890"
2585708,스카이디지탈 파워스테이션4 PS4-350T 86P ActivePFC V2.31,"51,700","51,700","51,700","51,700","50,390"
7020658,스카이디지탈 파워스테이션5 PS5-500EV 80PLUS스탠다드,"44,000","44,000","44,000","44,000","43,400"
12345542,스카이디지탈 파워스테이션5 PS5-500N,"34,490","34,490","34,490","34,490","33,990"
7020736,스카이디지탈 파워스테이션5 PS5-600EV 80PLUS스탠다드,"49,500","49,500","49,500","49,500","49,500"
10268796,스카이디지탈 파워스테이션5 PS5-700EV 80PLUS스탠다드,"58,900","58,900","58,900","58,900","58,900"
14216270,스카이디지탈 파워스테이션5 PS5-800BR 80PLUS브론즈,"74,500","74,500","74,500","74,500","74,500"
9647631,스카이디지탈 파워스테이션5 PS5-850RV 80PLUS골드 풀모듈러,"117,580","117,580","117,580","117,580","117,580"
14217302,스카이디지탈 파워스테이션5 PS5-850SV 80PLUS실버,"88,820","88,820","88,820","88,820","88,820"
11247363,시소닉 A12 STANDARD 230V EU SSR-600RA LLC,"61,990","62,000","62,000","62,000","62,000"
11242917,시소닉 A12 STANDARD 230V EU SSR-700RA LLC,"82,000","82,000","82,000","82,000","82,000"
18087905,시소닉 B12 BRONZE BC-750,"94,000","94,000","94,000","94,000","94,000"
18087920,시소닉 B12 BRONZE BC-850,"113,000","113,000","113,000","113,000","113,000"
18087923,시소닉 B12 BRONZE BM-750 모듈러,"105,000","105,000","105,000","105,000","105,000"
18087932,시소닉 B12 BRONZE BM-850 모듈러,"125,000","125,000","125,000","125,000","125,000"
9782097,시소닉 FOCUS GOLD GM-750 모듈러,"133,000","133,000","133,000","133,000","132,810"
10448835,시소닉 FOCUS GOLD GM-850 모듈러,"148,740","155,000","155,000","155,000","155,000"
9564369,시소닉 FOCUS GOLD GX-1000 풀모듈러,"338,800","338,800","338,800","338,800","338,800"
9515841,시소닉 FOCUS GOLD GX-750 풀모듈러,"158,120","158,010","158,120","163,700","163,590"
9564675,시소닉 FOCUS GOLD GX-750 화이트 풀모듈러,"188,000","188,000","188,000","188,000","188,000"
9515844,시소닉 FOCUS GOLD GX-850 풀모듈러,"218,000","218,000","218,000","218,000","218,000"
9515871,시소닉 FOCUS PLATINUM PX-750 풀모듈러,"222,000","222,000","222,000","222,000","222,000"
8312727,시소닉 FOCUS SFX-L SSR-500SGX Gold 풀모듈러,"142,000","142,000","142,000","142,000","142,000"
7170880,시소닉 FOCUS SFX-L SSR-650SGX Gold 풀모듈러,"159,000","159,000","159,000","159,000","159,000"
18087941,시소닉 G12 GOLD GC-750,"106,000","106,000","106,000","106,000","106,000"
18087947,시소닉 G12 GOLD GC-850,"125,990","125,990","125,990","125,990","125,990"
18087962,시소닉 G12 GOLD GM-750 모듈러,"115,000","115,000","115,000","115,000","115,000"
18087968,시소닉 G12 GOLD GM-850 모듈러,"135,000","135,000","135,000","135,000","134,990"
28416680,시소닉 NEW FOCUS GX-750 GOLD 풀모듈러 ATX3.0,"178,990","178,990","178,990","178,990","178,990"
28416773,시소닉 NEW FOCUS GX-850 GOLD 풀모듈러 ATX3.0,"201,000","201,000","201,000","201,000","198,000"
30256538,시소닉 NEW FOCUS GX-850 GOLD 풀모듈러 화이트 ATX3.0,"289,230","289,230","289,230","289,230","289,230"
67577099,시소닉 NEW FOCUS V4 GX-1000 GOLD 풀모듈러 ATX3.1,"232,750","232,750","245,000","245,000","245,000"
67577342,시소닉 NEW FOCUS V4 GX-1000 GOLD 풀모듈러 ATX3.1 화이트,"251,750","251,750","262,220","262,220","262,220"
67576934,시소닉 NEW FOCUS V4 GX-750 GOLD 풀모듈러 ATX3.1,"166,250","166,250","175,000","175,000","175,000"
67577021,시소닉 NEW FOCUS V4 GX-850 GOLD 풀모듈러 ATX3.1,"188,100","188,100","190,080","190,080","190,080"
67577330,시소닉 NEW FOCUS V4 GX-850 GOLD 풀모듈러 ATX3.1 화이트,"207,100","207,100","218,000","218,000","218,000"
9817428,시소닉 PRIME GOLD GX-1000 풀모듈러,"338,000","338,000","338,000","338,000","338,000"
10497549,시소닉 PRIME GOLD GX-850 풀모듈러,"288,000","288,000","288,000","288,000","288,000"
21193208,시소닉 PRIME PLATINUM PX-1600 풀모듈러 ATX3.0,"730,000","730,000","730,000","730,000","730,000"
17870045,시소닉 PRIME TITANIUM TX-1300 풀모듈러,"619,990","619,990","619,990","619,990","619,990"
21193484,시소닉 PRIME TITANIUM TX-1300 풀모듈러 ATX3.0,"760,000","760,000","760,000","760,000","760,000"
17869835,시소닉 PRIME TITANIUM TX-1600 풀모듈러,"770,000","770,000","770,000","770,000","770,000"
21193022,시소닉 PRIME TITANIUM TX-1600 풀모듈러 ATX3.0,"920,000","920,000","920,000","920,000","920,000"
9347682,시소닉 S1M-162CGP2 1600W 80PLUS플래티넘,"358,690","358,690","358,690","358,690","358,690"
5858937,시소닉 SSP-300SUB,"90,490","90,490","90,490","90,490","90,490"
12941267,시소닉 SSP-600ES2 80PLUS브론즈,"128,990","128,990","128,990","128,990","128,990"
18698078,시소닉 VERTEX GX-1000 GOLD 풀모듈러 ATX3.0,"254,000","254,000","254,000","254,000","254,000"
18698087,시소닉 VERTEX GX-1200 GOLD 풀모듈러 ATX3.0,"374,990","374,990","375,990","375,990","375,990"
63035666,시소닉 VERTEX GX-1200 GOLD 풀모듈러 화이트 ATX3.0,"369,550","369,550","389,000","389,000","389,000"
18698063,시소닉 VERTEX GX-850 GOLD 풀모듈러 ATX3.0,"207,990","207,990","208,000","208,000","208,000"
28922603,시소닉 VERTEX PX-850 PLATINUM 풀모듈러 ATX3.0,"359,000","359,000","359,000","359,000","359,000"
15268130,써멀테이크 터프파워 GF 750W GOLD,"117,290","117,290","117,290","117,290","117,290"
15268217,써멀테이크 터프파워 GF 850W GOLD,"149,000","149,000","149,000","149,000","149,000"
19747445,써멀테이크 터프파워 GF3 1000W GOLD 풀모듈러 ATX3.0,0,"272,000","272,000","272,000","272,000"
19752935,써멀테이크 터프파워 GF3 1200W GOLD 풀모듈러 ATX3.0,"319,000","319,000","319,000","319,000","319,000"
27482198,써멀테이크 터프파워 GF3 1650W GOLD 풀모듈러 ATX3.0,"457,300","457,300","457,300","457,300","457,300"
19744133,써멀테이크 터프파워 GF3 850W GOLD 풀모듈러 ATX3.0,"239,000","239,000","239,000","239,000","239,000"
15257927,써멀테이크 터프파워 PF1 750W PLATINUM,"189,000","189,000","189,000","189,000","189,000"
15258014,써멀테이크 터프파워 PF1 850W PLATINUM,"198,000","198,000","198,000","198,000","198,000"
60421478,써멀테이크 터프파워 SFX 1000W 골드 풀모듈러 ATX3.0,"278,250","278,250","278,250","278,250","278,250"
5245870,써멀테이크 터프파워 그랜드 RGB 750W 골드 풀모듈러,"115,000","115,000",0,"115,000",0
8621330,썬루트 700W 80PLUS스탠다드 230V EU 벌크,"42,990","42,990","42,990","42,990","42,990"
15315824,썬루트 EX1800 80PLUS브론즈 벌크,"136,800","136,800","136,800","136,800","136,800"
63271172,썬루트 PN700W 80PLUS브론즈 ATX3.0,"45,680","45,680","48,410","48,410","48,410"
63271199,썬루트 PN700W 80PLUS브론즈 ATX3.0 벌크,"45,680","45,680","47,000","47,000","46,990"
39253877,썬루트 PN800W 80PLUS브론즈 ATX3.0,"54,400","54,400","57,300","57,300","57,300"
39253910,썬루트 PN800W 80PLUS브론즈 ATX3.0 벌크,"55,700","55,700","55,700","55,700","55,700"
11720159,썬루트 TX750 80PLUS브론즈 230V EU 벌크,"49,000","49,000","49,000","49,000","49,000"
16778399,썬루트 TX850 80PLUS골드 풀모듈러,"83,990","83,990","83,990","83,990","83,990"
13340918,아이구주 ELPIS SP-500EL V2,"38,890","38,890","38,890","38,890","38,890"
15216788,아이구주 TITAN GF-850 80PLUS골드 풀모듈러,0,0,0,0,"200,400"
17702240,앱코 ABKONCORE TN 850W GOLD 풀모듈러,"98,880","98,880","98,880","98,880","98,880"
49741892,앱코 SETTLER 하이브리드 PCIE5.1 STH-700B ETA BRONZE 블랙,"60,000","60,000","60,000","60,000","60,000"
49742012,앱코 SETTLER 하이브리드 PCIE5.1 STH-700B ETA BRONZE 화이트,"65,000","65,000","65,000","65,000","65,000"
49742117,앱코 SETTLER 하이브리드 PCIE5.1 STH-800B ETA BRONZE 블랙,"69,000","69,000","69,000","69,000","69,000"
49742132,앱코 SETTLER 하이브리드 PCIE5.1 STH-800B ETA BRONZE 화이트,"75,000","75,000","75,000","75,000","75,000"
18871862,앱코 SETTLER-II ST-500S 80PLUS스탠다드,"37,000","37,000","37,000","37,000","37,000"
19779059,앱코 SETTLER-II ST-600B ETA BRONZE,"49,000","49,000","49,000","49,000","49,000"
18871952,앱코 SETTLER-II ST-600S 80PLUS스탠다드,"42,000","42,000","42,000","42,000","42,000"
19779095,앱코 SETTLER-II ST-700B ETA BRONZE,"57,490","57,490","57,490","57,490","57,490"
18872015,앱코 SETTLER-II ST-700S 80PLUS스탠다드,"48,000","48,000","48,000","48,000","48,000"
19779116,앱코 SETTLER-II ST-800B ETA BRONZE,"68,000","68,000","68,000","68,000","68,000"
19548806,앱코 SETTLER-II ST-800S 80PLUS스탠다드,"54,000","54,000","54,000","54,000","54,000"
6298255,앱코 SUITMASTER Mighty 500W 80PLUS스탠다드 230V EU,"41,650","41,650","41,650","41,650","41,650"
6255477,앱코 SUITMASTER Mighty 600W 80PLUS스탠다드 230V EU,"52,910","52,910","52,910","52,910","52,910"
6255497,앱코 SUITMASTER Mighty 700W 80PLUS스탠다드 230V EU,"63,120","63,120","63,120","63,120","63,120"
7932829,앱코 SUITMASTER ULTIMATE 1200W 80PLUS플래티넘,"209,990","209,990","210,000","210,000","210,000"
8038282,앱코 SUITMASTER ULTIMATE 1200W RGB 80PLUS플래티넘,"204,990","204,990","205,000","205,000","205,000"
23573519,앱코 ULTIMATE GX850 80PLUS골드 풀모듈러 ATX3.0 블랙,"149,000","149,000","149,000","149,000","149,000"
23575055,앱코 ULTIMATE GX850 80PLUS골드 풀모듈러 ATX3.0 화이트,"159,000","159,000","159,000","159,000","159,000"
17515637,앱코 XPERT XP-500N,"32,000","32,000","32,000","32,000","32,000"
17337491,앱코 XPERT XP-600N,"38,000","38,000","38,000","38,000","38,000"
17337602,앱코 XPERT XP-700N,"42,000","42,000","42,000","42,000","42,000"
16362038,앱코 XTREAM XT-1000G 80PLUS골드 풀모듈러,"149,000","149,000","149,000","149,000","149,000"
16061147,앱코 XTREAM XT-650B 80PLUS스탠다드,"67,000","67,000","67,000","67,000","67,000"
16060109,앱코 XTREAM XT-750B 80PLUS스탠다드,"64,990","64,990","64,990","64,990","64,990"
16293371,앱코 XTREAM XT-750B 80PLUS스탠다드 화이트,"79,000","79,000","79,000","79,000","79,000"
16362002,앱코 XTREAM XT-850G 80PLUS골드 풀모듈러,"128,000","128,000","128,000","128,000","128,000"
17051741,에너맥스 CYBERBRON ECB600AWT 80PLUS브론즈,"62,000","62,000","62,000","62,000","62,000"
46098878,에너맥스 Cyberbron 2 ECS600B 80PLUS브론즈,"55,990","55,990","55,990","55,990","55,990"
46098851,에너맥스 Cyberbron 2 ECS700B 80PLUS브론즈,"71,710","71,710","71,710","71,710","71,710"
56140376,에너맥스 MARBLEBRON EMB650AWT 80PLUS브론즈 모듈러,"114,000","114,000","114,000","114,000","114,000"
10417905,에너맥스 MAXPRO II EMP500AGT-C 80PLUS스탠다드 230V EU,"45,000",0,0,0,0
10418043,에너맥스 MAXPRO II EMP700AGT-C 80PLUS스탠다드 230V EU,0,"70,000","70,000","70,000","70,000"
5968537,에너맥스 Platimax D.F. EPF1050EWT 80PLUS플래티넘 풀모듈러,"231,790","231,790","231,790","231,790","231,790"
9668025,에너맥스 Platimax D.F. EPF850EWT 80PLUS플래티넘 풀모듈러,"162,780","162,780","162,780","162,780","162,780"
5868913,에너맥스 Platimax EPM1700EGT,"343,070","343,070","343,070","343,070","343,070"
27608465,에너맥스 REVOLUTION ATX3.0 ERA1000EWT 80PLUS골드 풀모듈러,"256,600","256,600","256,600","256,600","256,600"
27611285,에너맥스 REVOLUTION ATX3.0 ERA1200EWT 80PLUS골드 풀모듈러,"285,200","285,200","285,200","285,200","285,200"
9498231,에너맥스 REVOLUTION D.F. ERF750EWT 80PLUS골드 풀모듈러,"135,000","135,000","135,000","135,000","135,000"
36709001,에너맥스 REVOLUTION D.F. X ERT850EWT 80PLUS골드 풀모듈러 ATX3.0,"148,410","148,410","148,410","148,410","143,190"
16142033,에너지옵티머스 EOP-1800,0,0,0,0,"116,200"
16505159,에너지옵티머스 EOP-2400,"139,450","139,450","139,450","139,450","139,450"
18307193,에너지옵티머스 EXCEL CLASSIC 500W 80PLUS브론즈 230V EU,"43,540","43,540","41,500","41,500","41,500"
18307220,에너지옵티머스 EXCEL CLASSIC 600W 80PLUS브론즈 230V EU,"51,460","51,450","51,750","51,750","51,750"
18307241,에너지옵티머스 EXCEL CLASSIC 700W 80PLUS브론즈 230V EU,"53,420","53,420","53,430","53,430","53,430"
18307490,에너지옵티머스 EXCEL CLASSIC 800W 80PLUS브론즈 230V EU,"64,810","64,810","65,490","65,490","65,490"
17730380,에너지옵티머스 EXCEL FOCUS 850W 80PLUS골드 풀모듈러,"107,870","107,870","109,000","109,000","109,000"
19281344,에너지옵티머스 EXCEL II 500W 80PLUS스탠다드 230V EU,"36,120","36,110","36,100","36,090","36,080"
18851423,에너지옵티머스 EXCEL II 500W 80PLUS스탠다드 230V EU 벌크,"32,990","32,990","32,990","32,990","32,990"
18851522,에너지옵티머스 EXCEL II 600W 80PLUS스탠다드 230V EU 벌크,"37,980","37,980","37,980","37,980","37,980"
19266176,에너지옵티머스 EXCEL II 700W 80PLUS스탠다드 230V EU,"48,990","48,990","49,490","49,490","49,490"
19266209,에너지옵티머스 EXCEL II 700W 80PLUS스탠다드 230V EU 벌크,"45,620","45,610","45,580","45,580","45,570"
55457975,에너지옵티머스 EXCEL II 700W 80PLUS스탠다드 230V EU 화이트,"58,900","58,900","59,180","59,180","59,160"
58026038,에너지옵티머스 EXCEL II 700W 80PLUS스탠다드 230V EU 화이트 벌크,"52,640","52,640","52,640","52,640","52,640"
30230108,에너지옵티머스 EXTREME 500W 벌크,"31,990","31,990","31,990","31,990","31,990"
9839895,에너지옵티머스 EXTREME 600W 벌크,"36,580","36,580","36,580","36,580","36,580"
16142261,에너지옵티머스 Mach III 350K 벌크,"24,300","24,300","24,300","24,300","24,300"
3182134,에너지옵티머스 Mach III 500K v2.3,"31,490","31,490","31,490","31,490","31,490"
15779807,에너지옵티머스 Mach III 500K v2.3 벌크,"31,290","31,290","31,290","31,290","31,290"
3188023,에너지옵티머스 Mach III 600K v2.3,"35,800","35,800","35,800","35,800","35,800"
15779888,에너지옵티머스 Mach III 600K v2.3 벌크,"34,990","34,990","34,990","34,990","34,990"
16142312,에너지옵티머스 S500 PRO 벌크,"14,490","14,490","14,490","14,490","14,490"
7725250,에너지옵티머스 Thunderbolt S600 PRO,"15,900",0,0,0,"15,900"
67979930,엔클롬 CAPO 1000W 80PLUS골드 풀모듈러 ATX3.1 블랙,0,0,가격비교예정,가격비교예정,"99,000"
67979936,엔클롬 CAPO 1000W 80PLUS골드 풀모듈러 ATX3.1 화이트,0,0,가격비교예정,가격비교예정,"106,000"
67979672,엔클롬 CAPO 750W 80PLUS골드 풀모듈러 ATX3.1 블랙,0,0,가격비교예정,가격비교예정,"79,000"
67979705,엔클롬 CAPO 750W 80PLUS골드 풀모듈러 ATX3.1 화이트,0,0,가격비교예정,가격비교예정,"86,000"
67979786,엔클롬 CAPO 850W 80PLUS골드 풀모듈러 ATX3.1 블랙,0,0,가격비교예정,가격비교예정,"89,000"
67979864,엔클롬 CAPO 850W 80PLUS골드 풀모듈러 ATX3.1 화이트,0,0,가격비교예정,가격비교예정,"96,000"
65925125,엔티스 EG 1000W 80PLUS골드 풀모듈러 ATX3.1,"94,050","99,000","99,000","98,970","99,000"
65925170,엔티스 EG 1000W 80PLUS골드 풀모듈러 ATX3.1 화이트,"100,700","106,000","106,000","105,970","105,970"
65921978,엔티스 EG 750W 80PLUS골드 풀모듈러 ATX3.1,"75,050","79,000","79,000","78,970","79,000"
65922035,엔티스 EG 750W 80PLUS골드 풀모듈러 ATX3.1 화이트,"81,700","86,000","86,000","85,970","86,000"
65924891,엔티스 EG 850W 80PLUS골드 풀모듈러 ATX3.1,"84,550","89,000","89,000","88,970","89,000"
65924927,엔티스 EG 850W 80PLUS골드 풀모듈러 ATX3.1 화이트,"91,200","96,000","96,000","95,970","95,970"
19067243,오존컴퍼니 마이크로박스 DC to DC 200W + 24V 5A 120W,"어댑터 포함_65,000","어댑터 포함_65,000","어댑터 포함_65,000","어댑터 포함_65,000","어댑터 포함_65,000"
16493285,오존컴퍼니 마이크로박스 DC to DC 200W 기본,"어댑터별도_36,990","어댑터별도_36,990","어댑터별도_36,990","어댑터별도_36,990","어댑터별도_36,990"
16493324,오존컴퍼니 마이크로박스 DC to DC 200W+19.5V 7.7A 150W,"어댑터포함_78,000","어댑터포함_78,000","어댑터포함_78,000","어댑터포함_78,000","어댑터포함_78,000"
16493309,오존컴퍼니 마이크로박스 DC to DC 200W+19V 6.32A 120W,"어댑터포함_65,000","어댑터포함_65,000","어댑터포함_65,000","어댑터포함_65,000","어댑터포함_65,000"
4451343,이도디스플레이 ICE-MAN 500L V2.2 KC,"16,000","16,000","16,000","16,000","16,000"
1413579,이도디스플레이 ICE-MAN 500T PLUS V2.2,0,0,"26,900","26,900","26,900"
4451345,이도디스플레이 ICE-MAN 500T PLUS V2.2 KC,"21,000","21,000","21,000","21,000","21,000"
1940920,이도디스플레이 ICE-MAN 600AL V2.3,"28,990","28,990","28,990","28,990","28,990"
1540915,이도디스플레이 ICE-MAN 600AL V2.3 벌크,0,0,"27,000","27,000","27,000"
4451350,이도디스플레이 ICE-MAN 600TI V2.3 KC 벌크,"31,011","31,011","31,011","31,011","31,011"
4451351,이도디스플레이 ICE-MAN M400W KC 벌크,"16,000","16,000","16,000","16,000","16,000"
4451352,이도디스플레이 ICE-MAN M450W V2.2 KC 벌크,"20,870","20,870","20,870","20,870","20,870"
1430348,이도디스플레이 ICE-MAN M500W V2.2,"27,490","27,490","27,490","27,490","27,490"
6381666,이도디스플레이 ICE-MAN M500W V2.2 NEW,"27,490","27,490","27,490","27,490","27,490"
4447526,이도디스플레이 ICE-MAN PREMIUM 500W V2.3,"33,000","33,000","33,000","33,000","33,000"
66039971,이도디스플레이 ICE-MAN PREMIUM 600W V2.3,"45,130","45,130","45,130","45,130","45,130"
1757968,이도디스플레이 ICE-MAN TFX450W,"22,990","22,990","22,990","22,990","22,990"
3593272,이도디스플레이 ICE-MAN TFX500W,"28,990","28,990","28,990","28,990","28,990"
18392996,이엠텍 레드빗 CRPS-2000W-1U 80PLUS플래티넘,"716,700","716,700","716,700","716,700","716,700"
49601795,잘만 DecaMax 500W 80PLUS스탠다드,"39,760","39,740","39,720","39,720","39,700"
49609028,잘만 DecaMax 600W 80PLUS스탠다드,"45,460","45,440","45,420","45,420","45,400"
49617173,잘만 DecaMax 700W 80PLUS스탠다드,"51,220","51,200","51,180","51,180","51,160"
65921402,잘만 DecaMax ET 600W 80PLUS스탠다드,"60,000","60,000","60,000","60,000","60,000"
65921480,잘만 DecaMax ET 700W 80PLUS스탠다드,"65,000","65,000","65,000","65,000","65,000"
6216861,잘만 EcoMax 500W,"33,630","33,610","33,590","33,590","33,570"
6216877,잘만 EcoMax 600W,"40,050","40,030","40,010","40,010","39,990"
14998259,잘만 EcoMax 700W,"45,970","45,950","45,930","45,930","45,910"
6158670,잘만 GAMING 500W 벌크,"36,190","36,190","36,190","36,190","36,190"
6158698,잘만 GAMING 600W 벌크,"40,330","40,330","40,330","40,330","40,330"
9910554,잘만 GigaMax 650W 80PLUS브론즈 230V EU,"69,900","69,900","69,900","69,900","69,900"
9910572,잘만 GigaMax 750W 80PLUS브론즈 230V EU,"77,500","77,500","77,500","77,500","77,500"
31996193,잘만 GigaMax III 650W 80PLUS브론즈 모듈러 ATX3.0,"65,330","65,310","65,290","65,290","65,270"
29615753,잘만 GigaMax III 750W 80PLUS브론즈 모듈러 ATX3.0,"74,830","74,810","74,790","74,790","74,770"
29615807,잘만 GigaMax III 850W 80PLUS브론즈 모듈러 ATX3.1,"91,970","91,970","91,950","91,950","91,930"
10174137,잘만 MegaMax 500W 80PLUS스탠다드,"46,990","46,990","46,990","46,990","46,990"
10174200,잘만 MegaMax 600W 80PLUS스탠다드,"50,970","50,950","50,930","50,930","50,490"
10174248,잘만 MegaMax 700W 80PLUS스탠다드,"61,090","61,090","61,090","61,090","61,070"
15786305,잘만 MegaMax 800W 80PLUS스탠다드,"65,660","65,660","65,660","65,660","65,650"
17121881,잘만 MegaMax ET 500W 80PLUS스탠다드,"44,470","44,450","44,430","44,430","44,410"
17122130,잘만 MegaMax ET 600W 80PLUS스탠다드,"48,300","48,300","48,300","48,300","48,300"
17122220,잘만 MegaMax ET 700W 80PLUS스탠다드,"54,070","54,050","54,030","54,030","54,010"
11441394,잘만 Tager 600W 80PLUS스탠다드 벌크,"43,280","43,280","43,280","43,280","43,280"
12461492,잘만 Tager GAMING 500W 벌크,"34,850","34,850","34,850","34,850","34,850"
12461447,잘만 Tager GAMING 600W 벌크,"42,300","42,300","42,300","42,300","42,300"
16939196,잘만 TeraMax 1200W 80PLUS골드 풀모듈러,"191,000","191,000","191,000","191,000","191,000"
16935488,잘만 TeraMax 750W 80PLUS골드 풀모듈러,"126,270","126,250","126,250","126,250","126,230"
20662874,잘만 TeraMax II 1000W 80PLUS골드 풀모듈러 블랙 ATX3.0,"167,370","167,350","167,350","167,350","167,330"
20662922,잘만 TeraMax II 1000W 80PLUS골드 풀모듈러 화이트 ATX3.0,"173,790","173,770","173,770","173,770","173,750"
20663186,잘만 TeraMax II 1200W 80PLUS골드 풀모듈러 블랙 ATX3.0,"188,040","188,020","188,020","188,020","188,000"
20663225,잘만 TeraMax II 1200W 80PLUS골드 풀모듈러 화이트 ATX3.0,"190,880","190,860","190,860","190,860","190,840"
20662217,잘만 TeraMax II 750W 80PLUS골드 풀모듈러 블랙 ATX3.0,"140,570","140,550","140,550","140,550","140,530"
20662292,잘만 TeraMax II 750W 80PLUS골드 풀모듈러 화이트 ATX3.0,"150,570","150,570","150,570","150,570","150,570"
20662490,잘만 TeraMax II 850W 80PLUS골드 풀모듈러 블랙 ATX3.0,"150,070","150,050","150,050","150,050","150,030"
20662529,잘만 TeraMax II 850W 80PLUS골드 풀모듈러 화이트 ATX3.0,"160,470","160,470","160,470","160,470","160,470"
12170843,잘만 WATTTERA 1000W 80PLUS골드,"179,450","179,450","179,450","179,450","179,450"
12170882,잘만 WATTTERA 1200W 80PLUS골드,"211,390","211,390","211,390","211,390","211,390"
10568034,잘만 WATTTERA 700W 80PLUS골드,"135,990","135,990","135,990","135,990","135,990"
10568100,잘만 WATTTERA 800W 80PLUS골드,"159,890","159,890","159,890","159,890","159,890"
12023885,잘만 Wattbit II 400W,"35,620","35,620","35,620","35,620","37,500"
12023939,잘만 Wattbit II 500W,"39,800","39,800","39,890","39,890","39,890"
12023981,잘만 Wattbit II 600W,"44,000","44,000","44,000","44,000","43,990"
4909726,잘만 ZM1000-ARX 80PLUS플래티넘,"224,850","224,850","224,850","224,850","224,850"
5488836,잘만 ZM1200-ARX 80PLUS플래티넘,"259,000","259,000","259,000","259,000","259,000"
17484788,잘만 ZM350-TFX 80PLUS스탠다드 230V EU,"49,500","49,500","49,500","49,500","49,500"
13987022,잘만 ZM350-TFX 80PLUS스탠다드 230V EU 벌크,"57,400","57,400","57,400","57,400","57,400"
18564248,잘만 ZM400-TFX 80PLUS스탠다드 230V EU,"57,870","57,870","57,870","57,870","57,870"
4909686,잘만 ZM750-ARX 80PLUS플래티넘,"179,000","179,000","179,000","179,000","179,000"
4909709,잘만 ZM850-ARX 80PLUS플래티넘,"190,200","190,200","190,200","190,200","190,200"
13189397,제이씨현 TUNDRA PRO 600W FHB,"41,460","41,460","41,460","41,460","41,460"
14230463,제이씨현 TUNDRA PRO 700W FHB 80PLUS브론즈,"56,990","56,990","56,990","56,990","56,990"
21483242,제이씨현 TUNDRA 리부트 500W FHB 80+ BRONZE,"38,510","38,510","38,510","38,510","38,510"
21483341,제이씨현 TUNDRA 리부트 600W FHB 80+ BRONZE,"44,990","44,990","44,990","44,990","44,990"
43619150,제이씨현 TUNDRA 리부트 700W FHB 80+ BRONZE,"55,640","55,640","55,640","55,640","55,640"
20311550,중앙시스템 PowerStone PM 400W 80PLUS브론즈,"68,940","68,940","68,940","68,940","68,940"
7260283,쿨러마스터 ATX 24핀 90도 어댑터 Capacitor,"22,300","22,300","22,300","22,300","22,300"
14209529,쿨러마스터 G800 GOLD,"88,280","88,280","88,280","88,280","93,000"
7259221,쿨러마스터 GOLD V650 풀모듈러,"124,830","124,830","124,830","124,830","124,830"
12235556,쿨러마스터 GOLD V750 V2 블랙 풀모듈러,"148,000","148,000","148,000","148,000","148,000"
12235604,쿨러마스터 GOLD V750 V2 화이트 풀모듈러,"158,000","158,000","158,000","158,000","158,000"
7259314,쿨러마스터 GOLD V750 풀모듈러,"151,000","151,000","151,000","151,000","151,000"
12235745,쿨러마스터 GOLD V850 V2 화이트 풀모듈러,"182,900","182,900","182,900","182,900","182,900"
28246184,쿨러마스터 GX II GOLD 750 ATX3.0,"119,450","119,450","119,450","119,450","119,450"
28245941,쿨러마스터 GX II GOLD 850 ATX3.0,"133,000","134,970","134,970","134,970","134,970"
31262567,쿨러마스터 GX III GOLD 1050 풀모듈러 ATX3.0,"219,830","219,830","219,830","219,830","219,830"
31262300,쿨러마스터 GX III GOLD 1250 풀모듈러 ATX3.0,"242,250","252,000","252,000","252,000","252,000"
28245617,쿨러마스터 GX III GOLD 850 ATX3.0,"171,030","171,030","171,030","171,030","171,030"
16367276,쿨러마스터 M2000 80PLUS플래티넘 230V 풀모듈러,"635,000","635,000","635,000","635,000","635,000"
12400607,쿨러마스터 MWE 500 BRONZE V2 230V,"42,500","42,500","43,560","43,560","43,560"
12400646,쿨러마스터 MWE 600 BRONZE V2 230V,"71,400","71,400","71,400","71,400","71,400"
12400748,쿨러마스터 MWE 650 BRONZE V2 230V,"75,970","75,970","75,970","75,970","75,970"
12400805,쿨러마스터 MWE 700 BRONZE V2 230V,"72,500","72,500","72,500","72,500","72,500"
12400844,쿨러마스터 MWE 750 BRONZE V2 230V,"72,700","78,000","78,000","78,000","78,000"
28246559,쿨러마스터 MWE GOLD 1050 V2 ATX3.0,"242,020","242,020","242,020","242,020","242,020"
14601938,쿨러마스터 MWE GOLD 1050 V2 풀모듈러,"199,000","199,000","199,000","199,000","199,000"
14397236,쿨러마스터 MWE GOLD 1250 V2 풀모듈러,"233,000","233,000","233,000","233,000","233,000"
18429605,쿨러마스터 MWE GOLD 1250-V2 ATX3.0,"266,000","266,000","266,000","266,000","266,000"
6149322,쿨러마스터 MWE GOLD 650 풀모듈러,"131,000","131,000","131,000","131,000","131,000"
65920853,쿨러마스터 MWE Gold 1050 V2 풀모듈러 ATX3.0 SF6 Blanka,"243,620","243,620","243,620","243,620","243,620"
54814436,쿨러마스터 MWE 브론즈 550 V3 230V ATX3.1,"50,890","50,890","50,890","50,890","50,890"
54814346,쿨러마스터 MWE 브론즈 650 V3 230V ATX3.1,"60,240","60,240","60,240","60,240","60,240"
65921183,쿨러마스터 MWE 브론즈 650 V3 230V ATX3.1 화이트,"66,140","66,140","66,140","66,140","66,140"
54814202,쿨러마스터 MWE 브론즈 750 V3 230V ATX3.1,"76,030","76,030","78,360","78,360","78,350"
65920958,쿨러마스터 MWE 브론즈 750 V3 230V ATX3.1 화이트,"85,000","85,000","85,000","85,000","85,000"
7259851,쿨러마스터 PLATINUM V1000 풀모듈러,"346,490","346,490","346,490","346,490","346,490"
7259989,쿨러마스터 PLATINUM V1300 풀모듈러,"408,380","408,380","408,380","408,380","408,380"
7259731,쿨러마스터 PLATINUM V850 풀모듈러,"288,590","288,590","288,590","288,590","288,590"
23785619,쿨러마스터 V1100 SFX PLATINUM ATX3.0,"403,750","403,750","403,750","403,750","403,750"
23792255,쿨러마스터 V1300 SFX PLATINUM ATX3.0,"422,000","422,000","422,000","422,000","422,000"
12573677,쿨러마스터 V750 SFX GOLD,"184,000","184,000","184,000","184,000","184,000"
17260823,쿨러마스터 V750 SFX GOLD 화이트 에디션,"188,700","188,700","188,700","188,700","188,700"
12573746,쿨러마스터 V850 SFX GOLD,"197,350","197,350","197,350","197,350","197,350"
17260979,쿨러마스터 V850 SFX GOLD 화이트 에디션,"223,000","223,000","223,000","223,000","223,000"
22079534,쿨러마스터 V850 SFX 골드 ATX3.0,"218,130","218,130","218,130","218,130","218,130"
22079648,쿨러마스터 V850 SFX 골드 ATX3.0 화이트,"238,900","238,900","238,900","238,900","238,900"
4401214,퍼스트큐브씨앤씨 First CUBE 450GM VALUE,"19,890","19,890","19,890","19,890","19,890"
2841145,퍼스트큐브씨앤씨 First CUBE 620GX V2.3,"25,140","25,140","25,140","25,140","25,140"
3351026,퍼스트큐브씨앤씨 MAX 500W V2.3,"30,490","30,490","30,490","30,490","30,490"
14790071,포게임 AK700 80PLUS브론즈 풀모듈러,"69,990","69,990","69,990","69,990","69,990"
34811057,포게임 ECOMASTER ECO 650 80PLUS스탠다드,"50,320","50,320","50,320",0,0
17523179,포게임 ECOMASTER ECO 700 STANDARD,"42,000","42,000","42,000","42,000","42,000"
34811093,포게임 ECOMASTER ECO 750 80PLUS스탠다드,"55,190","55,190","55,190","55,190","55,190"
34811156,포게임 ECOMASTER ECO PLUS 900 ATX3.0,"82,260","82,260","82,260","82,260","82,260"
17523389,포게임 MAXMASTER MAX 750 GOLD,"75,000","75,000","75,000","75,000","75,000"
17523467,포게임 MAXMASTER MAX 850 GOLD,"103,500","103,500","103,500","103,500","103,500"
17523305,포게임 PROMASTER PRO 700 BRONZE,"47,000","47,000","47,000","47,000","47,000"
11432340,포게임 RPO 500,"31,470","31,470","31,470","31,470","31,470"
52062020,한국이스트 EA901RM,"440,000","440,000","440,000","440,000",0
52061984,한국이스트 EA902,"730,000","730,000","730,000","730,000",0
52062032,한국이스트 EA902RM,"880,000","880,000","880,000","880,000",0
52062047,한국이스트 EA903RM,"1,200,000","1,200,000","1,200,000","1,200,000",0
9706125,현대파워 PRIME 600K 벌크,"14,940","14,940","14,940","14,940","14,940"
9706182,현대파워 PRIME 620K 벌크,"15,900","15,900","15,900","15,900","15,900"
9706308,현대파워 PRIME 650K 벌크,"24,980","24,980","24,980","24,980","24,980"
9706365,현대파워 PRIME 670K 벌크,"25,150","25,150","25,150","25,150","25,150"
9706407,현대파워 PRIME 700K 벌크,"27,171","27,171","27,171","27,171","27,171"
9367125,현대파워 PRIME 750K PLUS 벌크,"29,990","29,990","29,990","29,990","29,990"
9367050,현대파워 PRIME 850K PLUS 벌크,"34,340","34,340","34,340","34,340","34,340"
9367200,현대파워 PRIME SFX-600M 벌크,"18,890","18,890","18,890","18,890","18,890"
9367224,현대파워 PRIME SFX-630M 벌크,"22,890","22,890","22,890","22,890","22,890"
32488520,현대파워 PRIME SFX-650M 벌크,"29,490","29,490","29,490","29,490","29,490"
9367299,현대파워 PRIME TFX-500P 벌크,"20,790","20,790","20,790","20,790","20,790"
18373064,현대파워 VEGA ST-500W 벌크,"29,490","29,490","29,490","29,490","29,490"
18373133,현대파워 VEGA ST-600W 벌크,"34,350","34,350","34,350","34,350","34,350"
