Id,Name,2026-10-01 14:09:49
10363848,ACPI DDR3-1600,"8GB_2,673원/1GB_21,380"
17020214,ADATA DDR4-3200 CL22 중고,"16GB_11,063원/1GB_177,000"
94450319,ADATA DDR4-3200 CL22 파인인포,"32GB_12,859원/1GB_411,480|_16GB_10,938원/1GB_175,000|_8GB_11,168원/1GB_89,340"
93804974,ADATA DDR5-4800 CL40 서린,"32GB_15,297원/1GB_489,500"
15598841,ADATA DDR5-5200 CL38 LANCER 블랙 패키지,"32GB(16Gx2)_24,566원/1GB_786,100"
104374652,ADATA DDR5-5600 CL46 ARMAX 서린,"16GB_21,429원/1GB_342,870"
103415363,ADATA DDR5-5600 CL46 ARMAX 파인인포,"16GB_21,146원/1GB_338,340"
76071389,ADATA DDR5-5600 CL46 ECC/REG,"32GB_65,642원/1GB_2,100,550"
105818030,ADATA DDR5-5600 CL46 ECC/REG 파인인포,"16GB_62,185원/1GB_994,960|_32GB_65,642원/1GB_2,100,550|_64GB_62,337원/1GB_3,989,590"
105818027,ADATA DDR5-5600 CL46 ECC/REG 파인인포,"16GB_62,185원/1GB_994,960|_32GB_65,642원/1GB_2,100,550|_64GB_62,337원/1GB_3,989,590"
81036575,ADATA DDR5-5600 CL46 LANCER BLADE 블랙 서린,"_16GB_21,875원/1GB_350,000|_32GB_22,615원/1GB_723,690"
95202428,ADATA DDR5-5600 CL46 LANCER BLADE 블랙 파인인포,"_32GB_21,719원/1GB_695,000|_16GB_21,146원/1GB_338,340"
81036653,ADATA DDR5-5600 CL46 LANCER BLADE 화이트 서린,"_16GB_21,874원/1GB_349,980|_32GB_21,094원/1GB_675,000"
95205893,ADATA DDR5-5600 CL46 LANCER BLADE 화이트 파인인포,"_32GB_20,879원/1GB_668,130|_16GB_21,147원/1GB_338,350"
68918912,ADATA DDR5-5600 CL46-45-45 서린,"16GB_23,558원/1GB_376,930"
29822102,ADATA DDR5-5600 CL46-45-45 코잇,"16GB_22,581원/1GB_361,290"
79397219,ADATA DDR5-5600 CL46-45-45 파인인포,"32GB_23,133원/1GB_740,250|_16GB_20,846원/1GB_333,540|_64GB_206,250원/1GB_1,650,000|8GB_26,986원/1GB_215,890"
104374655,ADATA DDR5-6000 CL30 ARMAX RGB 패키지 서린,"32GB(16Gx2)_24,374원/1GB_779,980"
103415291,ADATA DDR5-6000 CL30 ARMAX RGB 패키지 파인인포,"32GB(16Gx2)_23,720원/1GB_759,030"
109483625,ADATA DDR5-6000 CL30 ARMAX 패키지 파인인포,"32GB(16Gx2)_23,582원/1GB_754,630"
75938444,ADATA DDR5-6000 CL30 LANCER BLADE RGB 화이트 패키지 서린,"48GB(24Gx2)_22,500원/1GB_1,080,000"
93179012,ADATA DDR5-6000 CL30 LANCER BLADE RGB 화이트 패키지 파인인포,"_48GB(24Gx2)_21,391원/1GB_1,026,770|_32GB(16Gx2)_23,733원/1GB_759,460"
102621410,ADATA DDR5-6000 CL30 LANCER BLADE 블랙 파인인포,"32GB_24,531원/1GB_784,990"
93178988,ADATA DDR5-6000 CL30 LANCER BLADE 블랙 패키지 파인인포,"32GB(16Gx2)_23,421원/1GB_749,480"
68787977,ADATA DDR5-6000 CL30 LANCER BLADE 화이트 패키지 서린,"32GB(16Gx2)_23,906원/1GB_765,000"
93178919,ADATA DDR5-6000 CL30 LANCER BLADE 화이트 패키지 파인인포,"32GB(16Gx2)_22,969원/1GB_735,000"
68914628,ADATA DDR5-6000 CL30 LANCER RGB 블랙 패키지 서린,"32GB(16Gx2)_24,844원/1GB_795,000"
93629063,ADATA DDR5-6000 CL30 LANCER RGB 블랙 패키지 파인인포,"32GB(16Gx2)_24,844원/1GB_795,000"
68915270,ADATA DDR5-6000 CL30 LANCER RGB 화이트 패키지 서린,"32GB(16Gx2)_24,375원/1GB_780,000"
93629033,ADATA DDR5-6000 CL30 LANCER RGB 화이트 패키지 파인인포,"32GB(16Gx2)_24,844원/1GB_795,000"
95205638,ADATA DDR5-6000 CL34 LANCER BLADE 블랙 패키지 파인인포,"32GB(16Gx2)_22,750원/1GB_728,000"
100695821,ADATA DDR5-6000 CL36 LANCER BLADE RGB 블랙 패키지 파인인포,"32GB(16Gx2)_22,526원/1GB_720,840"
81037301,ADATA DDR5-6000 CL36 LANCER BLADE RGB 화이트 패키지 서린,"32GB(16Gx2)_22,813원/1GB_730,000"
95205599,ADATA DDR5-6000 CL36 LANCER BLADE 블랙 패키지 파인인포,"32GB(16Gx2)_22,987원/1GB_735,590"
95205719,ADATA DDR5-6000 CL36 LANCER BLADE 화이트 패키지 파인인포,"32GB(16Gx2)_22,524원/1GB_720,780"
68788169,ADATA DDR5-6400 CL32 LANCER BLADE RGB 블랙 패키지 서린,"32GB(16Gx2)_26,875원/1GB_860,000"
75938468,ADATA DDR5-6400 CL32 LANCER BLADE RGB 화이트 패키지 서린,"48GB(24Gx2)_22,177원/1GB_1,064,500"
68915306,ADATA DDR5-6400 CL32 LANCER RGB 화이트 패키지 서린,"64GB(32Gx2)_26,441원/1GB_1,692,200"
122709317,ADATA DDR5-6400 CL52 CUDIMM 파인인포,"_64GB_25,575원/1GB_1,636,800|_32GB_25,423원/1GB_813,530|16GB_24,125원/1GB_386,000"
124237121,ADATA DDR5-6400 CL52 CUDIMM 파인인포,"_64GB_25,575원/1GB_1,636,800|_32GB_25,423원/1GB_813,530|16GB_24,125원/1GB_386,000"
124184376,ADATA TRUSTA DDR5-5600 CL46 ECC/REG,"_64GB_66,220원/1GB_4,238,110|_32GB_가격비교예정|16GB_가격비교예정"
124184364,ADATA TRUSTA DDR5-5600 CL46 ECC/REG,"_64GB_66,220원/1GB_4,238,110|_32GB_가격비교예정|16GB_가격비교예정"
11196249,ADATA 노트북 DDR4-3200 CL22,"_16GB_11,284원/1GB_180,550|_8GB_11,551원/1GB_92,410"
94450280,ADATA 노트북 DDR4-3200 CL22 파인인포,"_16GB_12,771원/1GB_204,330|_8GB_11,335원/1GB_90,680"
68918960,ADATA 노트북 DDR5-5600 CL46 서린,"_32GB_26,452원/1GB_846,460|_16GB_24,493원/1GB_391,880"
79397126,ADATA 노트북 DDR5-5600 CL46 파인인포,"_32GB_20,586원/1GB_658,750|_16GB_22,531원/1GB_360,490|8GB_23,868원/1GB_190,940"
122830277,AFOX DDR4-2666 CL19 대원씨티에스,"16GB_8,817원/1GB_141,070"
97124171,AFOX DDR4-3200 CL22 대원씨티에스,"_16GB_10,384원/1GB_166,140|_8GB_10,444원/1GB_83,550"
101628668,AGI DDR4-3200 CL22 UD138 서린,"_16GB_12,124원/1GB_193,980|_8GB_11,873원/1GB_94,980"
101628743,AGI DDR4-3600 CL18 TURBOJET UD848 RGB BLACK 서린,"32GB(16Gx2)_12,468원/1GB_398,980"
124236524,AGI DDR5-5600 CL46 RD238 ECC/REG,"_64GB_62,500원/1GB_4,000,000|_32GB_62,500원/1GB_2,000,000"
124236516,AGI DDR5-5600 CL46 RD238 ECC/REG,"_64GB_62,500원/1GB_4,000,000|_32GB_62,500원/1GB_2,000,000"
99737048,AGI DDR5-5600 CL46 UD238 서린,"_32GB_21,562원/1GB_689,980|_16GB_21,063원/1GB_337,000"
124129601,AGI DDR5-5600 CL46 UD238 엠씨케이글로벌,"16GB_21,563원/1GB_345,000"
101078582,AGI DDR5-6000 CL30 TURBOJET UD858 RGB 블랙 패키지 서린,"_32GB(16Gx2)_24,969원/1GB_799,000|_48GB(24Gx2)_21,443원/1GB_1,029,250"
106694363,AGI DDR5-6000 CL30 TURBOJET UD858 RGB 블루그린 패키지 서린,"32GB(16Gx2)_24,343원/1GB_778,980"
101078618,AGI DDR5-6000 CL30 TURBOJET UD858 RGB 화이트 패키지 서린,"32GB(16Gx2)_24,964원/1GB_798,860"
101078510,AGI DDR5-6000 CL30 TURBOJET UD858 블랙 패키지 서린,"32GB(16Gx2)_24,656원/1GB_789,000"
108418964,AGI DDR5-6000 CL36 TURBOJET UD858 RGB 블랙 패키지 서린,"32GB(16Gx2)_21,552원/1GB_689,660"
108419015,AGI DDR5-6000 CL36 TURBOJET UD858 RGB 화이트 패키지 서린,"32GB(16Gx2)_21,552원/1GB_689,660"
124236511,AGI DDR5-6400 CL52 RD238 ECC/REG,"64GB_67,188원/1GB_4,300,000"
101725856,AGI 노트북 DDR4-3200 CL22 SD138 서린,"_16GB_11,811원/1GB_188,980|_8GB_12,125원/1GB_97,000"
101721581,AGI 노트북 DDR5-5600 CL46 SD238 서린,"_16GB_22,186원/1GB_354,980|_32GB_22,344원/1GB_715,000"
124129562,AGI 노트북 DDR5-5600 CL46 SD238 엠씨케이글로벌,"16GB_22,188원/1GB_355,000"
15414239,ANACOMDA DDR4-3200 CL22 디앤디컴,"16GB_11,033원/1GB_176,530"
124012173,ANACOMDA DDR4-3200 CL22 얼티메이크,"16GB_10,285원/1GB_164,560"
91496405,ANACOMDA DDR5-5600 CL46 디앤디컴,"16GB_21,046원/1GB_336,730"
105966707,ANACOMDA DDR5-6000 CL38 KING SNAKE 블랙 얼티메이크,"32GB(16Gx2)_20,849원/1GB_667,160"
105966770,ANACOMDA DDR5-6000 CL38 KING SNAKE 화이트 얼티메이크,"32GB(16Gx2)_20,849원/1GB_667,160"
2430601,AVEXIR DDR3-1600 CL10 Blitz 1.1 Original 패키지 대양케이스,"16GB(8Gx2)_9,375원/1GB_150,000"
109483274,Apacer DDR4-3200 CL22,"_16GB_12,934원/1GB_206,940|_8GB_13,125원/1GB_105,000"
109483250,Apacer DDR4-3200 CL22,"_16GB_12,934원/1GB_206,940|_8GB_13,125원/1GB_105,000"
99886835,Apacer DDR5-5200 CL40 NOX BLACK 패키지,"32GB(16Gx2)_18,406원/1GB_589,000"
99749048,Apacer DDR5-5200 CL40 NOX RGB BLACK 패키지,"32GB(16Gx2)_19,844원/1GB_635,000"
99749258,Apacer DDR5-5200 CL40 NOX RGB SILVER 패키지,"32GB(16Gx2)_19,843원/1GB_634,980"
99887309,Apacer DDR5-5200 CL40 NOX WHITE 패키지,"32GB(16Gx2)_19,375원/1GB_620,000"
99893666,Apacer DDR5-5600 CL46,"_32GB_22,344원/1GB_715,000|_16GB_21,061원/1GB_336,980"
99887372,Apacer DDR5-6000 CL38 NOX BLACK 패키지,"32GB(16Gx2)_21,843원/1GB_698,980"
99749339,Apacer DDR5-6000 CL38 NOX RGB BLACK 패키지,"32GB(16Gx2)_21,578원/1GB_690,490"
99749558,Apacer DDR5-6000 CL38 NOX RGB SILVER 패키지,"_64GB(32Gx2)_24,219원/1GB_1,550,000|_32GB(16Gx2)_23,093원/1GB_738,980"
99887405,Apacer DDR5-6000 CL38 NOX WHITE 패키지,"32GB(16Gx2)_21,844원/1GB_699,000"
101667029,Apacer 노트북 DDR5-5600 CL46,"_16GB_25,385원/1GB_406,160|_32GB_22,343원/1GB_714,980"
14091533,ArchMemory DDR4-2666 ECC for Synology,"16GB_36,250원/1GB_580,000"
95423780,BIWIN DDR4-3200 CL22,"16GB_14,591원/1GB_233,450"
101079236,BIWIN DDR5-4800 CL40,"_32GB_11,191원/1GB_358,120|_16GB_20,053원/1GB_320,840"
95423906,BIWIN DDR5-5600 CL46,"_32GB_28,913원/1GB_925,200|_16GB_29,063원/1GB_465,000"
124180487,BIWIN DDR5-6000 CL26 Origin Code VORTEX RGB 블랙 패키지,"96GB(48Gx2)_46,354원/1GB_4,450,000"
124180438,BIWIN DDR5-6000 CL26 Origin Code VORTEX RGB 패키지,"192GB(48Gx4)_46,354원/1GB_8,900,000"
95424089,BIWIN DDR5-6000 CL28 DW100 RGB 블랙 패키지,"48GB(24Gx2)_24,167원/1GB_1,160,000"
95424116,BIWIN DDR5-6000 CL28 DW100 RGB 화이트 패키지,"48GB(24Gx2)_24,167원/1GB_1,160,000"
123807465,BIWIN 노트북 DDR5-4800 CL40,"16GB_20,518원/1GB_328,280"
13244855,CORSAIR DDR4-3200 CL16 VENGEANCE RGB PRO SL WHITE 패키지,"16GB(8Gx2)_13,441원/1GB_215,060"
16239491,CORSAIR DDR5-5200 CL40 Dominator Platinum RGB 패키지,"64GB(32Gx2)_24,219원/1GB_1,550,000"
27788273,CORSAIR DDR5-5600 CL40 VENGEANCE RGB BLACK 패키지,"128GB(32Gx4)_23,515원/1GB_3,009,900"
105969257,CORSAIR DDR5-5600 CL48 VENGEANCE SODIMM,"16GB_22,343원/1GB_357,480"
72471092,CORSAIR DDR5-6000 CL30 VENGEANCE RGB DP WHITE 패키지,"32GB(16Gx2)_27,890원/1GB_892,490"
27666047,CORSAIR DDR5-6000 CL30 VENGEANCE RGB WHITE 패키지,"32GB(16Gx2)_27,993원/1GB_895,780"
59829371,CORSAIR DDR5-6000 CL30 VENGEANCE RGB 패키지,"_64GB(32Gx2)_30,384원/1GB_1,944,600|_32GB(16Gx2)_24,956원/1GB_798,590"
59829503,CORSAIR DDR5-6000 CL30 VENGEANCE 패키지,"_64GB(32Gx2)_29,908원/1GB_1,914,110|_32GB(16Gx2)_29,093원/1GB_930,990"
106045133,CORSAIR DDR5-6000 CL36 VENGEANCE,"16GB_21,750원/1GB_348,000"
106046342,CORSAIR DDR5-6000 CL36 VENGEANCE RGB,"16GB_28,744원/1GB_459,900"
17544278,CORSAIR DDR5-6000 CL36 VENGEANCE RGB BLACK 패키지,"32GB(16Gx2)_23,438원/1GB_750,000"
105969236,CORSAIR DDR5-6000 CL36 VENGEANCE RGB RS 패키지,"32GB(16Gx2)_22,968원/1GB_734,990"
105969242,CORSAIR DDR5-6000 CL36 VENGEANCE WHITE 패키지,"32GB(16Gx2)_22,728원/1GB_727,300"
105969251,CORSAIR DDR5-6000 CL36 VENGEANCE 패키지,"32GB(16Gx2)_23,209원/1GB_742,680"
100692866,CORSAIR DDR5-6400 CL32 VENGEANCE BLACK 패키지,"64GB(32Gx2)_20,125원/1GB_1,288,000"
27779540,CORSAIR DDR5-6400 CL32 VENGEANCE RGB BLACK 패키지,"64GB(32Gx2)_27,656원/1GB_1,770,000"
103482146,CORSAIR DDR5-8400 CL40 VENGEANCE RGB BLACK 패키지,"48GB(24Gx2)_27,860원/1GB_1,337,300"
44178593,CORSAIR 노트북 DDR5-5600 CL48 VENGEANCE,"16GB_22,204원/1GB_355,260"
2030384,CYNEX DDR3-1600 엠트란 매직,"_8GB_4,500원/1GB_36,000|_4GB_2,750원/1GB_11,000"
99746915,DLI MEMORY DDR4-3200 CL22,"16GB_9,927원/1GB_158,830"
636450,Dreamware DDR2-800 FB For APPLE,"1GB_90,000원/1GB_90,000"
876470,Dreamware DDR3-1066 ECC Mac Pro,"_4GB_55,000원/1GB_220,000|_2GB_50,000원/1GB_100,000"
1177359,Dreamware DDR3-1333 ECC Mac Pro,"_4GB_50,000원/1GB_200,000|_2GB_50,000원/1GB_100,000"
2672598,Dreamware DDR3-1866 ECC Mac Pro,"_16GB_27,411원/1GB_438,581|_8GB_29,073원/1GB_232,581|4GB_29,239원/1GB_116,955"
1183663,EKMEMORY DDR3-1333 인디핑크,"4GB_9,825원/1GB_39,300"
1885748,EKMEMORY DDR3-1600,"_8GB_4,750원/1GB_38,000|_4GB_3,750원/1GB_15,000"
4152022,ESSENCORE KLEVV DDR3-1600 CL9 URBANE 패키지,"16GB(8Gx2)_13,125원/1GB_210,000"
4152056,ESSENCORE KLEVV DDR3-1866 CL9 URBANE 패키지,"16GB(8Gx2)_13,750원/1GB_220,000"
3409631,ESSENCORE KLEVV DDR3-2666 CL12 URBANE 패키지,"8GB(4Gx2)_8,485원/1GB_67,880"
9390978,ESSENCORE KLEVV DDR4-2666 CL19 파인인포,"_16GB_11,313원/1GB_181,000|_4GB_11,500원/1GB_46,000"
27867110,ESSENCORE KLEVV DDR4-3200 CL16 BOLT X 서린,"8GB_14,875원/1GB_119,000"
123133867,ESSENCORE KLEVV DDR4-3200 CL22 중고,"_32GB_11,370원/1GB_363,840|_8GB_10,625원/1GB_85,000"
11787091,ESSENCORE KLEVV DDR4-3200 CL22 파인인포,"32GB_13,500원/1GB_431,990|_16GB_11,061원/1GB_176,970|_8GB_11,125원/1GB_89,000"
58107197,ESSENCORE KLEVV DDR5-5600 CL30 FIT V WHITE 서린,"16GB_22,258원/1GB_356,130"
92152220,ESSENCORE KLEVV DDR5-5600 CL30 FIT V 서린,"16GB_22,258원/1GB_356,130"
94638185,ESSENCORE KLEVV DDR5-5600 CL46 AMD 파인인포,"_16GB_20,875원/1GB_334,000|_8GB_22,520원/1GB_180,160"
124167264,ESSENCORE KLEVV DDR5-5600 CL46 NEO 중고,"16GB_20,938원/1GB_335,000"
71216363,ESSENCORE KLEVV DDR5-5600 CL46 NEO 파인인포,"16GB_21,606원/1GB_345,700"
18965774,ESSENCORE KLEVV DDR5-5600 CL46 파인인포,"_32GB_23,030원/1GB_736,960|_16GB_21,026원/1GB_336,420"
91188350,ESSENCORE KLEVV DDR5-6000 CL28 BOLT V WHITE 패키지 서린,"32GB(16Gx2)_25,047원/1GB_801,500"
91188470,ESSENCORE KLEVV DDR5-6000 CL28 CRAS V RGB WHITE 패키지 서린,"32GB(16Gx2)_28,394원/1GB_908,610"
91188443,ESSENCORE KLEVV DDR5-6000 CL28 CRAS V RGB 패키지 서린,"32GB(16Gx2)_28,235원/1GB_903,520"
123437610,ESSENCORE KLEVV DDR5-6000 CL28 FIT V BLACK AMD 패키지 서린,"32GB(16Gx2)_23,093원/1GB_738,980"
123437617,ESSENCORE KLEVV DDR5-6000 CL28 FIT V WHITE AMD 패키지 서린,"32GB(16Gx2)_23,093원/1GB_738,980"
100692755,ESSENCORE KLEVV DDR5-6000 CL28 URBANE V RGB 블랙 패키지 서린,"32GB(16Gx2)_27,487원/1GB_879,570"
100692737,ESSENCORE KLEVV DDR5-6000 CL28 URBANE V RGB 화이트 패키지 서린,"32GB(16Gx2)_27,487원/1GB_879,570"
123538748,ESSENCORE KLEVV DDR5-6000 CL30 BOLT V WHITE AMD 패키지 서린,"32GB(16Gx2)_24,919원/1GB_797,420"
92152256,ESSENCORE KLEVV DDR5-6000 CL30 BOLT V WHITE 패키지 서린,"_64GB(32Gx2)_25,778원/1GB_1,649,800|_32GB(16Gx2)_25,303원/1GB_809,680"
27894470,ESSENCORE KLEVV DDR5-6000 CL30 BOLT V 패키지 서린,"_64GB(32Gx2)_28,302원/1GB_1,811,300|_32GB(16Gx2)_25,303원/1GB_809,680"
79010636,ESSENCORE KLEVV DDR5-6000 CL30 CRAS V RGB WHITE AMD 패키지 서린,"32GB(16Gx2)_27,781원/1GB_889,000"
37989017,ESSENCORE KLEVV DDR5-6000 CL30 CRAS V RGB WHITE 패키지 서린,"_64GB(32Gx2)_28,595원/1GB_1,830,110|48GB(24Gx2)_25,762원/1GB_1,236,560|_32GB(16Gx2)_27,703원/1GB_886,500"
30002663,ESSENCORE KLEVV DDR5-6000 CL30 CRAS V RGB 패키지 서린,"_64GB(32Gx2)_28,595원/1GB_1,830,110|48GB(24Gx2)_25,762원/1GB_1,236,560|_32GB(16Gx2)_25,479원/1GB_815,330"
122663226,ESSENCORE KLEVV DDR5-6000 CL30 FIT V AMD 패키지 서린,"16GB(8Gx2)_11,593원/1GB_370,970"
122663232,ESSENCORE KLEVV DDR5-6000 CL30 FIT V WHITE AMD 패키지 서린,"16GB(8Gx2)_11,593원/1GB_370,970"
91188716,ESSENCORE KLEVV DDR5-6000 CL30 FIT V WHITE 패키지 서린,"32GB(16Gx2)_23,454원/1GB_750,540"
91188656,ESSENCORE KLEVV DDR5-6000 CL30 FIT V 패키지 서린,"32GB(16Gx2)_27,858원/1GB_891,470"
100692833,ESSENCORE KLEVV DDR5-6000 CL30 URBANE V RGB 블랙 패키지 서린,"32GB(16Gx2)_27,781원/1GB_888,980"
72587681,ESSENCORE KLEVV DDR5-6000 CL30 URBANE V RGB 패키지 서린,"_48GB(24Gx2)_24,731원/1GB_1,187,100|_32GB(16Gx2)_27,487원/1GB_879,570"
93805103,ESSENCORE KLEVV DDR5-6400 CL30 BOLT V WHITE 패키지 서린,"32GB(16Gx2)_27,184원/1GB_869,900"
93805016,ESSENCORE KLEVV DDR5-6400 CL30 BOLT V 패키지 서린,"32GB(16Gx2)_27,184원/1GB_869,900"
123538770,ESSENCORE KLEVV DDR5-6400 CL32 BOLT V WHITE AMD 패키지 서린,"32GB(16Gx2)_24,919원/1GB_797,420"
79017092,ESSENCORE KLEVV DDR5-6400 CL32 CRAS V RGB WHITE AMD 패키지 서린,"32GB(16Gx2)_28,394원/1GB_908,610"
37989125,ESSENCORE KLEVV DDR5-6400 CL32 CRAS V RGB WHITE 패키지 서린,"_64GB(32Gx2)_28,595원/1GB_1,830,110|48GB(24Gx2)_25,762원/1GB_1,236,560|_32GB(16Gx2)_28,394원/1GB_908,610"
27886454,ESSENCORE KLEVV DDR5-6400 CL32 CRAS V RGB 패키지 서린,"_48GB(24Gx2)_25,762원/1GB_1,236,560|_32GB(16Gx2)_28,406원/1GB_909,000"
78849305,ESSENCORE KLEVV DDR5-6400 CL32 URBANE V RGB 패키지 서린,"_32GB(16Gx2)_27,688원/1GB_886,010|_48GB(24Gx2)_24,396원/1GB_1,171,030"
74340050,ESSENCORE KLEVV DDR5-6400 CL52 CUDIMM 파인인포,"16GB_22,605원/1GB_361,680"
64376690,ESSENCORE KLEVV DDR5-7200 CL34 CRAS V RGB ROG 패키지 서린,"32GB(16Gx2)_24,656원/1GB_789,000"
37989224,ESSENCORE KLEVV DDR5-7200 CL34 CRAS V RGB White 패키지 서린,"_48GB(24Gx2)_20,625원/1GB_990,000|_32GB(16Gx2)_29,234원/1GB_935,490"
27886676,ESSENCORE KLEVV DDR5-7200 CL34 CRAS V RGB 패키지 서린,"32GB(16Gx2)_28,836원/1GB_922,740"
19240181,ESSENCORE KLEVV 노트북 DDR4-2666 CL19 중고,"4GB_11,500원/1GB_46,000"
14205968,ESSENCORE KLEVV 노트북 DDR4-3200 CL22 파인인포,"_32GB_12,893원/1GB_412,560|_16GB_11,344원/1GB_181,510|8GB_11,259원/1GB_90,070"
28208825,ESSENCORE KLEVV 노트북 DDR5-5600 CL46 파인인포,"_32GB_20,600원/1GB_659,190|_16GB_20,898원/1GB_334,370"
124129284,FASTRO DDR4-3200,"16GB_9,938원/1GB_159,000"
124129316,FASTRO DDR5-5600,"16GB_20,938원/1GB_335,000"
106729376,FRIO DDR5-5600 CL46,"16GB_25,575원/1GB_409,200"
6540147,G.SKILL DDR4-2666 CL19 AEGIS,"_16GB_11,813원/1GB_189,000|_8GB_12,120원/1GB_96,960"
4905041,G.SKILL DDR4-3200 CL14 TRIDENT Z RGB 패키지,"16GB(8Gx2)_13,750원/1GB_220,000"
9593742,G.SKILL DDR4-3200 CL16 AEGIS,"_16GB_12,250원/1GB_196,000|_8GB_12,375원/1GB_99,000"
4571593,G.SKILL DDR4-3200 CL16 RIPJAWS V VK,"16GB_13,027원/1GB_208,430"
10019382,G.SKILL DDR4-3200 CL16 RIPJAWS V VK 패키지,"64GB(32Gx2)_9,797원/1GB_627,010"
4905070,G.SKILL DDR4-3200 CL16 TRIDENT Z RGB 패키지,"16GB(8Gx2)_14,006원/1GB_224,090"
3439724,G.SKILL DDR4-3200 CL16 TRIDENT Z 패키지,"_32GB(16Gx2)_11,241원/1GB_359,700|_16GB(8Gx2)_13,436원/1GB_214,980"
4589107,G.SKILL DDR4-3200 CL16 TRIDENT ZKW 패키지,"16GB(8Gx2)_13,438원/1GB_215,000"
9480405,G.SKILL DDR4-3600 CL16 TRIDENT Z NEO C 패키지,"_32GB(16Gx2)_14,458원/1GB_462,660|_16GB(8Gx2)_13,181원/1GB_210,900"
11044452,G.SKILL DDR4-3600 CL18 TRIDENT Z NEO 패키지,"64GB(32Gx2)_12,031원/1GB_770,000"
11431059,G.SKILL DDR4-3600 CL18 TRIDENT Z RGB 패키지,"_32GB(16Gx2)_13,313원/1GB_426,000|_16GB(8Gx2)_14,031원/1GB_224,490"
18643175,G.SKILL DDR4-3600 CL18 TRIDENT Z RGB 패키지 (해외구매),"16GB(8Gx2)_15,690원/1GB_251,040"
54102935,G.SKILL DDR5-5200 CL40 FLARE X5 J 패키지,"_96GB(48Gx2)_24,896원/1GB_2,390,000|_48GB(24Gx2)_21,375원/1GB_1,026,000"
56151416,G.SKILL DDR5-5200 CL40 RIPJAWS M5 RGB 블랙 패키지,"_64GB(32Gx2)_24,844원/1GB_1,590,000|_32GB(16Gx2)_24,969원/1GB_799,000"
56151509,G.SKILL DDR5-5200 CL40 RIPJAWS M5 RGB 화이트 패키지,"_64GB(32Gx2)_22,848원/1GB_1,462,290|_32GB(16Gx2)_23,250원/1GB_744,000"
54103109,G.SKILL DDR5-5200 CL40 RIPJAWS S5 J 블랙 패키지,"96GB(48Gx2)_23,639원/1GB_2,269,300|_64GB(32Gx2)_24,062원/1GB_1,539,990|_32GB(16Gx2)_23,719원/1GB_759,000"
54103175,G.SKILL DDR5-5200 CL40 RIPJAWS S5 J 화이트 패키지,"_96GB(48Gx2)_24,896원/1GB_2,390,000|_32GB(16Gx2)_24,266원/1GB_776,500"
109682708,G.SKILL DDR5-5600 CL28 G5 ECC/REG 패키지,"128GB(32Gx4)_60,156원/1GB_7,700,000"
109682669,G.SKILL DDR5-5600 CL28 G5 NEO ECC/REG 패키지,"128GB(32Gx4)_60,156원/1GB_7,700,000"
28241219,G.SKILL DDR5-5600 CL36 AEGIS 5,"_32GB_25,594원/1GB_819,000|_16GB_24,625원/1GB_394,000"
102553307,G.SKILL DDR5-5600 CL36 FLARE X5 AMD 블랙,"8GB_28,125원/1GB_225,000"
56151770,G.SKILL DDR5-5600 CL40 RIPJAWS M5 RGB 화이트 패키지,"96GB(48Gx2)_26,979원/1GB_2,590,000"
40551086,G.SKILL DDR5-5600 CL40 RIPJAWS S5 J 블랙 패키지,"96GB(48Gx2)_27,206원/1GB_2,611,750"
122720444,G.SKILL DDR5-5600 CL46 G5 ECC/REG,"_32GB_71,563원/1GB_2,290,000|_48GB_48,542원/1GB_2,330,000|"
80151371,G.SKILL DDR5-6000 CL26 TRIDENT Z5 NEO RGB H 화이트 패키지,"32GB(16Gx2)_33,093원/1GB_1,058,990"
122727537,G.SKILL DDR5-6000 CL26 TRIDENT Z5 NeoX RGB for AMD ULL 글로시블랙 패키지,"32GB(16Gx2)_66,772원/1GB_2,136,700"
122727539,G.SKILL DDR5-6000 CL26 TRIDENT Z5 NeoX RGB for AMD ULL 매트블랙 패키지,"32GB(16Gx2)_68,438원/1GB_2,190,000"
122727540,G.SKILL DDR5-6000 CL26 TRIDENT Z5 NeoX RGB for AMD ULL 매트화이트 패키지,"32GB(16Gx2)_68,438원/1GB_2,190,000"
72913436,G.SKILL DDR5-6000 CL28 FLARE X5 J 패키지,"_64GB(32Gx2)_29,784원/1GB_1,906,190|_32GB(16Gx2)_26,775원/1GB_856,790"
72913478,G.SKILL DDR5-6000 CL28 FLARE X5 J 화이트 패키지,"_64GB(32Gx2)_32,063원/1GB_2,052,010|_32GB(16Gx2)_26,686원/1GB_853,950"
75724346,G.SKILL DDR5-6000 CL28 RIPJAWS M5 NEO RGB 블랙 패키지,"_32GB(16Gx2)_32,063원/1GB_1,026,000|_64GB(32Gx2)_26,250원/1GB_1,680,000"
72913541,G.SKILL DDR5-6000 CL28 RIPJAWS M5 NEO RGB 화이트 패키지,"32GB(16Gx2)_24,656원/1GB_789,000"
93385487,G.SKILL DDR5-6000 CL28 TRIDENT Z5 NEO RGB J 패키지,"32GB(16Gx2)_30,622원/1GB_979,910"
67980524,G.SKILL DDR5-6000 CL28 TRIDENT Z5 NEO RGB J 화이트 패키지,"32GB(16Gx2)_26,844원/1GB_859,000"
122727531,G.SKILL DDR5-6000 CL28 TRIDENT Z5 NeoX RGB for AMD ULL 글로시블랙 패키지,"32GB(16Gx2)_62,188원/1GB_1,990,000"
122727533,G.SKILL DDR5-6000 CL28 TRIDENT Z5 NeoX RGB for AMD ULL 매트블랙 패키지,"32GB(16Gx2)_62,188원/1GB_1,990,000"
122727534,G.SKILL DDR5-6000 CL28 TRIDENT Z5 NeoX RGB for AMD ULL 매트화이트 패키지,"32GB(16Gx2)_62,188원/1GB_1,990,000"
67847312,G.SKILL DDR5-6000 CL28 TRIDENT Z5 ROYAL NEO 골드 패키지,"32GB(16Gx2)_33,093원/1GB_1,058,990"
102553352,G.SKILL DDR5-6000 CL30 FLARE X5 AMD 블랙,"8GB_29,374원/1GB_234,990"
40022765,G.SKILL DDR5-6000 CL30 FLARE X5 J 패키지,"_64GB(32Gx2)_32,656원/1GB_2,090,000|96GB(48Gx2)_32,407원/1GB_3,111,100|_32GB(16Gx2)_32,813원/1GB_1,050,000"
75656765,G.SKILL DDR5-6000 CL30 FLARE X5 J 화이트 패키지,"96GB(48Gx2)_33,229원/1GB_3,190,000"
75724418,G.SKILL DDR5-6000 CL30 RIPJAWS M5 NEO RGB 블랙 패키지,"_96GB(48Gx2)_34,167원/1GB_3,280,000|_32GB(16Gx2)_33,125원/1GB_1,060,000|64GB(32Gx2)_34,219원/1GB_2,190,000"
75724526,G.SKILL DDR5-6000 CL30 RIPJAWS M5 NEO RGB 화이트 패키지,"_96GB(48Gx2)_34,167원/1GB_3,280,000|32GB(16Gx2)_33,438원/1GB_1,070,000|_64GB(32Gx2)_34,219원/1GB_2,190,000"
56151878,G.SKILL DDR5-6000 CL30 RIPJAWS M5 RGB 블랙 패키지,"_64GB(32Gx2)_34,063원/1GB_2,180,000|_32GB(16Gx2)_33,438원/1GB_1,070,000"
56151998,G.SKILL DDR5-6000 CL30 RIPJAWS M5 RGB 화이트 패키지,"_64GB(32Gx2)_33,224원/1GB_2,126,360|_32GB(16Gx2)_33,438원/1GB_1,070,000"
16875872,G.SKILL DDR5-6000 CL30 RIPJAWS S5 J 블랙 패키지,"_64GB(32Gx2)_31,820원/1GB_2,036,460|_32GB(16Gx2)_30,938원/1GB_990,000"
16875908,G.SKILL DDR5-6000 CL30 RIPJAWS S5 J 화이트 패키지,"_64GB(32Gx2)_32,656원/1GB_2,090,000|_32GB(16Gx2)_31,219원/1GB_999,000"
17139398,G.SKILL DDR5-6000 CL30 TRIDENT Z5 J 실버 패키지,"32GB(16Gx2)_30,094원/1GB_963,000"
17139326,G.SKILL DDR5-6000 CL30 TRIDENT Z5 J 패키지,"_64GB(32Gx2)_32,813원/1GB_2,100,000|_32GB(16Gx2)_30,281원/1GB_969,000"
17932031,G.SKILL DDR5-6000 CL30 TRIDENT Z5 NEO J 패키지,"_64GB(32Gx2)_32,813원/1GB_2,100,000|_32GB(16Gx2)_30,098원/1GB_963,120"
90114077,G.SKILL DDR5-6000 CL30 TRIDENT Z5 NEO RGB J 패키지,"_96GB(48Gx2)_35,943원/1GB_3,450,560|_64GB(32Gx2)_34,219원/1GB_2,190,000|32GB(16Gx2)_33,750원/1GB_1,079,990"
40579721,G.SKILL DDR5-6000 CL30 TRIDENT Z5 NEO RGB J 화이트 패키지,"96GB(48Gx2)_34,271원/1GB_3,290,000|_64GB(32Gx2)_33,342원/1GB_2,133,890|_32GB(16Gx2)_34,062원/1GB_1,089,990"
122727495,G.SKILL DDR5-6000 CL30 TRIDENT Z5 NeoX RGB for AMD ULL 글로시블랙 패키지,"32GB(16Gx2)_36,875원/1GB_1,180,000"
122727504,G.SKILL DDR5-6000 CL30 TRIDENT Z5 NeoX RGB for AMD ULL 매트블랙 패키지,"32GB(16Gx2)_36,938원/1GB_1,182,000"
122727512,G.SKILL DDR5-6000 CL30 TRIDENT Z5 NeoX RGB for AMD ULL 매트화이트 패키지,"32GB(16Gx2)_35,313원/1GB_1,130,000"
17001281,G.SKILL DDR5-6000 CL30 TRIDENT Z5 RGB J 실버 패키지,"64GB(32Gx2)_32,953원/1GB_2,109,000"
16873946,G.SKILL DDR5-6000 CL30 TRIDENT Z5 RGB J 패키지,"_64GB(32Gx2)_34,219원/1GB_2,190,000|_32GB(16Gx2)_26,531원/1GB_849,000"
21639437,G.SKILL DDR5-6000 CL30 TRIDENT Z5 RGB 화이트 패키지,"64GB(32Gx2)_34,219원/1GB_2,190,000"
17931401,G.SKILL DDR5-6000 CL32 FLARE X5 J 패키지,"32GB(16Gx2)_38,537원/1GB_1,233,180"
18610958,G.SKILL DDR5-6000 CL32 TRIDENT Z5 NEO RGB J 패키지,"64GB(32Gx2)_31,094원/1GB_1,990,000"
93385544,G.SKILL DDR5-6000 CL32 TRIDENT Z5 NEO RGB J 화이트 패키지,"64GB(32Gx2)_31,094원/1GB_1,990,000"
51541061,G.SKILL DDR5-6000 CL32 TRIDENT Z5 RGB J 화이트 패키지,"32GB(16Gx2)_30,312원/1GB_969,990"
93803003,G.SKILL DDR5-6000 CL34 FLARE X5 J 패키지,"128GB(64Gx2)_43,328원/1GB_5,546,000"
93803096,G.SKILL DDR5-6000 CL34 RIPJAWS S5 J 블랙 패키지,"128GB(64Gx2)_45,313원/1GB_5,800,000"
93803243,G.SKILL DDR5-6000 CL34 TRIDENT Z5 NEO RGB J 패키지,"128GB(64Gx2)_46,484원/1GB_5,949,990"
93803210,G.SKILL DDR5-6000 CL34 TRIDENT Z5 RGB J 패키지,"128GB(64Gx2)_46,484원/1GB_5,949,990"
72913406,G.SKILL DDR5-6000 CL36 AEGIS 5,"_32GB_27,030원/1GB_864,950|_16GB_24,938원/1GB_399,000"
93803030,G.SKILL DDR5-6000 CL36 FLARE X5 J 패키지,"_32GB(16Gx2)_25,938원/1GB_830,000|_256GB(64Gx4)_42,969원/1GB_11,000,000|64GB(32Gx2)_24,922원/1GB_1,595,000"
72913568,G.SKILL DDR5-6000 CL36 FLARE X5 J 화이트 패키지,"64GB(32Gx2)_26,063원/1GB_1,668,000"
78983834,G.SKILL DDR5-6000 CL36 RIPJAWS M5 NEO RGB 블랙 패키지,"_64GB(32Gx2)_26,406원/1GB_1,689,990|_32GB(16Gx2)_27,781원/1GB_889,000"
78983882,G.SKILL DDR5-6000 CL36 RIPJAWS M5 NEO RGB 화이트 패키지,"_64GB(32Gx2)_26,406원/1GB_1,689,990|_32GB(16Gx2)_27,719원/1GB_887,000"
71218634,G.SKILL DDR5-6000 CL36 RIPJAWS M5 RGB 블랙 패키지,"32GB(16Gx2)_26,500원/1GB_848,000"
71218667,G.SKILL DDR5-6000 CL36 RIPJAWS M5 RGB 화이트 패키지,"32GB(16Gx2)_26,469원/1GB_847,000"
102553379,G.SKILL DDR5-6000 CL36 RIPJAWS S5 블랙,"16GB_25,469원/1GB_407,500"
16192574,G.SKILL DDR5-6000 CL36 TRIDENT Z5 J 실버 패키지,"32GB(16Gx2)_26,429원/1GB_845,730"
16192424,G.SKILL DDR5-6000 CL36 TRIDENT Z5 J 패키지,"32GB(16Gx2)_26,429원/1GB_845,730"
17932061,G.SKILL DDR5-6000 CL36 TRIDENT Z5 NEO J 패키지,"32GB(16Gx2)_24,578원/1GB_786,500"
17931893,G.SKILL DDR5-6000 CL36 TRIDENT Z5 NEO RGB J 패키지,"_256GB(64Gx4)_43,276원/1GB_11,078,660|64GB(32Gx2)_27,734원/1GB_1,775,000|_32GB(16Gx2)_28,094원/1GB_899,000"
72913682,G.SKILL DDR5-6000 CL36 TRIDENT Z5 NEO RGB J 화이트 패키지,"_64GB(32Gx2)_27,969원/1GB_1,789,990|_32GB(16Gx2)_28,094원/1GB_899,000"
122727449,G.SKILL DDR5-6000 CL36 TRIDENT Z5 NeoX RGB for AMD ULL 글로시블랙 패키지,"32GB(16Gx2)_30,813원/1GB_986,000"
122727471,G.SKILL DDR5-6000 CL36 TRIDENT Z5 NeoX RGB for AMD ULL 매트블랙 패키지,"32GB(16Gx2)_30,813원/1GB_986,000"
122727477,G.SKILL DDR5-6000 CL36 TRIDENT Z5 NeoX RGB for AMD ULL 매트화이트 패키지,"32GB(16Gx2)_30,813원/1GB_986,000"
16193702,G.SKILL DDR5-6000 CL36 TRIDENT Z5 RGB J 실버 패키지,"32GB(16Gx2)_23,157원/1GB_741,010"
16193474,G.SKILL DDR5-6000 CL36 TRIDENT Z5 RGB J 패키지,"32GB(16Gx2)_25,906원/1GB_829,000"
15980393,G.SKILL DDR5-6000 CL36 TRIDENT Z5 RGB 패키지,"32GB(16Gx2)_26,844원/1GB_859,000"
21639443,G.SKILL DDR5-6000 CL36 TRIDENT Z5 RGB 화이트 패키지,"32GB(16Gx2)_26,684원/1GB_853,900"
67847150,G.SKILL DDR5-6400 CL30 TRIDENT Z5 NEO RGB J 화이트 패키지,"32GB(16Gx2)_23,415원/1GB_749,290"
67847408,G.SKILL DDR5-6400 CL30 TRIDENT Z5 ROYAL NEO 실버 패키지,"32GB(16Gx2)_31,219원/1GB_999,000"
98572421,G.SKILL DDR5-6400 CL32 G5 ECC/REG 패키지,"_192GB(48Gx4)_54,167원/1GB_10,400,000|_128GB(32Gx4)_68,750원/1GB_8,800,000"
56152055,G.SKILL DDR5-6400 CL32 RIPJAWS M5 RGB 블랙 패키지,"_64GB(32Gx2)_31,831원/1GB_2,037,190|_32GB(16Gx2)_30,938원/1GB_990,000"
56152154,G.SKILL DDR5-6400 CL32 RIPJAWS M5 RGB 화이트 패키지,"_64GB(32Gx2)_31,917원/1GB_2,042,690|_32GB(16Gx2)_30,938원/1GB_990,000"
98613491,G.SKILL DDR5-6400 CL32 T5 NEO ECC/REG 패키지,"_192GB(48Gx4)_54,167원/1GB_10,400,000|_128GB(32Gx4)_77,344원/1GB_9,899,990"
16272947,G.SKILL DDR5-6400 CL32 TRIDENT Z5 J 실버 패키지,"32GB(16Gx2)_23,869원/1GB_763,810"
18036599,G.SKILL DDR5-6400 CL32 TRIDENT Z5 RGB J 실버 패키지,"64GB(32Gx2)_33,844원/1GB_2,165,990"
18036602,G.SKILL DDR5-6400 CL32 TRIDENT Z5 RGB J 패키지,"_64GB(32Gx2)_34,219원/1GB_2,189,990|_32GB(16Gx2)_30,281원/1GB_969,000"
21639452,G.SKILL DDR5-6400 CL32 TRIDENT Z5 RGB 화이트 패키지,"_64GB(32Gx2)_27,969원/1GB_1,790,000|_32GB(16Gx2)_28,094원/1GB_899,000"
98613434,G.SKILL DDR5-6400 CL36 T5 NEO ECC/REG 패키지,"256GB(64Gx4)_62,109원/1GB_15,900,000"
122720502,G.SKILL DDR5-6400 CL52 G5 ECC/REG,"_32GB_77,813원/1GB_2,490,000||_64GB_67,188원/1GB_4,300,000"
18036605,G.SKILL DDR5-6800 CL34 TRIDENT Z5 RGB J 실버 패키지,"32GB(16Gx2)_27,969원/1GB_895,000"
18036644,G.SKILL DDR5-7200 CL34 TRIDENT Z5 RGB J 실버 패키지,"32GB(16Gx2)_28,719원/1GB_919,000"
20019989,G.SKILL DDR5-7200 CL36 TRIDENT Z5 RGB J 실버 패키지,"48GB(24Gx2)_23,958원/1GB_1,150,000"
18036659,G.SKILL DDR5-7600 CL36 TRIDENT Z5 RGB J 실버 패키지,"32GB(16Gx2)_29,141원/1GB_932,500"
18036662,G.SKILL DDR5-7600 CL36 TRIDENT Z5 RGB J 패키지,"32GB(16Gx2)_29,141원/1GB_932,500"
7954897,G.SKILL 노트북 DDR4-2666 CL19 RIPJAWS,"_16GB_11,563원/1GB_185,000|_8GB_11,625원/1GB_93,000"
12247244,G.SKILL 노트북 DDR4-3200 CL22 RIPJAWS,"_32GB_12,469원/1GB_399,010|_8GB_11,875원/1GB_95,000"
31050617,G.SKILL 노트북 DDR5-4800 CL40 RIPJAWS,"16GB_24,313원/1GB_389,000"
7076107,GLOWAY DDR4-3000 TYPE-B 패키지,"16GB(8Gx2)_9,498원/1GB_151,970"
105182120,GUDGA DDR4-3200 CL22,"_16GB_9,865원/1GB_157,840|_32GB_13,906원/1GB_445,000"
5528834,GeIL DDR4-2400 CL17 PRISTINE,"8GB_11,250원/1GB_90,000"
6168351,GeIL DDR4-2666 CL19 PRISTINE,"_16GB_10,233원/1GB_163,730|_8GB_10,500원/1GB_84,000"
6171958,GeIL DDR4-2666 CL19 SUPER LUCE RGB Sync 블랙,"8GB_10,500원/1GB_84,000"
10859073,GeIL DDR4-3200 CL22 PRISTINE,"_16GB_12,344원/1GB_197,500|_8GB_14,000원/1GB_112,000"
14613242,GeIL DDR4-3600 CL18-22-22 SUPER LUCE RGB Sync 블랙 패키지,"16GB(8Gx2)_15,493원/1GB_247,880"
21695018,GeIL DDR5-4800 CL40 PRISTINE V,"16GB_20,306원/1GB_324,900"
21695117,GeIL DDR5-5200 CL42 PRISTINE V,"16GB_334,000"
22169387,GeIL DDR5-5600 CL38 ORION V RGB 패키지,"32GB(16Gx2)_20,000원/1GB_640,000"
21695174,GeIL DDR5-5600 CL46 PRISTINE V,"16GB_21,063원/1GB_337,000"
79117424,GeIL DDR5-5600 CL46 PRISTINE V AMD,"16GB_21,162원/1GB_338,590"
122725556,GeIL DDR5-6000 CL36 GEMINI RGB Gray 패키지,"32GB(16Gx2)_23,281원/1GB_745,000"
122725544,GeIL DDR5-6000 CL36 GEMINI RGB White 패키지,"32GB(16Gx2)_23,281원/1GB_745,000"
103599704,GeIL DDR5-6000 CL36 ORION V RGB WHITE 패키지,"32GB(16Gx2)_23,281원/1GB_745,000"
103416014,GeIL DDR5-6000 CL36 ORION V RGB 패키지,"32GB(16Gx2)_21,953원/1GB_702,500"
11682767,GeIL 노트북 DDR4-3200 CL22,"_16GB_10,080원/1GB_161,280|_8GB_11,250원/1GB_90,000"
97365275,GeIL 노트북 DDR5-5600 CL46,"16GB_22,500원/1GB_360,000"
28775711,HIKSEMI DDR4-3200 CL18 HIKER,"_16GB_9,311원/1GB_148,980|_8GB_10,483원/1GB_83,860"
97841867,HIKSEMI DDR4-3200 CL18 HIKER 중고,"16GB_8,125원/1GB_130,000"
96426677,HIKSEMI DDR5-5600 CL46 HIKER,"16GB_19,660원/1GB_314,560"
100691795,HIKSEMI DDR5-6000 CL38 FUTURE RGB BLACK 패키지,"32GB(16Gx2)_23,744원/1GB_759,800"
100691819,HIKSEMI DDR5-6000 CL38 FUTURE RGB WHITE 패키지,"32GB(16Gx2)_25,000원/1GB_800,000"
13254080,HP DDR3-1333 중고,"4GB_3,450원/1GB_13,800"
122616837,Lexar DDR5-5600 아인스시스템,"16GB_44,125원/1GB_353,000"
123993288,Lexar 노트북 DDR5-5600,"_32GB_39,350원/1GB_629,600|_16GB_20,634원/1GB_330,140"
123993321,Lexar 노트북 DDR5-5600,"_32GB_39,350원/1GB_629,600|_16GB_20,634원/1GB_330,140"
13723196,OLOy DDR4-3600 CL18 BLADE RGB Black 패키지,"32GB(16Gx2)_12,625원/1GB_404,000"
122637031,OLOy DDR5-5600 CL36 BLADE RGB MIRROR 패키지 올로코리아,"32GB(16Gx2)_42,499원/1GB_679,980"
100700621,OLOy DDR5-5600 CL40 BLADE RGB BLACK 패키지 올로코리아,"32GB(16Gx2)_21,266원/1GB_680,500"
17770829,OLOy DDR5-6000 CL32 BLADE RGB MIRROR 패키지 올로코리아,"32GB(16Gx2)_22,099원/1GB_707,160"
104938637,OLOy DDR5-6000 CL36 BLADE BLACK 패키지 올로코리아,"32GB(16Gx2)_22,197원/1GB_710,300"
104938703,OLOy DDR5-6800 CL32 BLADE BLACK 패키지 올로코리아,"32GB(16Gx2)_21,093원/1GB_674,970"
18920459,OLOy DDR5-7600 CL36 BLADE RGB MIRROR 패키지 올로코리아,"32GB(16Gx2)_26,832원/1GB_858,610"
107983655,OSCOO DDR5-5600 CL46 아스크텍,"_16GB_23,940원/1GB_383,040|_8GB_19,856원/1GB_158,850"
107983472,OSCOO DDR5-5600 CL46 아스크텍,"_16GB_23,940원/1GB_383,040|_8GB_19,856원/1GB_158,850"
11445216,PATRIOT DDR4-3200 CL22 SIGNATURE,"32GB_12,249원/1GB_391,980|_16GB_10,455원/1GB_167,280|_8GB_11,374원/1GB_90,990"
71501129,PATRIOT DDR5-5600 CL36 VIPER Elite 5 RGB,"32GB_21,269원/1GB_680,620"
57709760,PATRIOT DDR5-5600 CL46 EVO,"8GB_23,165원/1GB_185,320"
19390859,PATRIOT DDR5-5600 CL46 SIGNATURE,"16GB_20,869원/1GB_333,900"
99946529,PATRIOT DDR5-5600 CL46 SIGNATURE PREMIUM 블랙,"8GB_24,060원/1GB_192,480"
124167297,PATRIOT DDR5-5600 CL46 SIGNATURE PREMIUM 화이트,"8GB_23,748원/1GB_189,980"
95056655,PATRIOT DDR5-6000 CL28 VIPER Elite 5 ULTRA RGB 패키지,"32GB(16Gx2)_25,400원/1GB_812,810"
95057237,PATRIOT DDR5-6000 CL28 VIPER Elite 5 ULTRA 패키지,"32GB(16Gx2)_24,732원/1GB_791,420"
99946718,PATRIOT DDR5-6000 CL30 SIGNATURE PREMIUM EVO 블랙,"16GB_21,771원/1GB_348,330"
99946733,PATRIOT DDR5-6000 CL30 SIGNATURE PREMIUM EVO 화이트,"16GB_21,563원/1GB_345,010"
75465935,PATRIOT DDR5-6000 CL30 VIPER Elite 5,"16GB_20,625원/1GB_330,000"
71501804,PATRIOT DDR5-6000 CL30 VIPER Elite 5 RGB,"16GB_27,743원/1GB_443,880"
75466037,PATRIOT DDR5-6000 CL30 VIPER Elite 5 패키지,"32GB(16Gx2)_20,313원/1GB_650,000"
56144432,PATRIOT DDR5-6000 CL30 VIPER VENOM RGB 패키지,"32GB(16Gx2)_21,974원/1GB_703,170"
56144513,PATRIOT DDR5-6000 CL30 VIPER VENOM 패키지,"32GB(16Gx2)_20,624원/1GB_659,980"
123721481,PATRIOT DDR5-6000 CL36 SIGNATURE PREMIUM EVO 블랙,"16GB_19,986원/1GB_319,770"
123721482,PATRIOT DDR5-6000 CL36 SIGNATURE PREMIUM EVO 화이트,"16GB_19,986원/1GB_319,780"
30350996,PATRIOT DDR5-6000 CL36 VIPER VENOM RGB 패키지,"32GB(16Gx2)_22,187원/1GB_709,990"
30351029,PATRIOT DDR5-6200 CL40 VIPER VENOM RGB 패키지,"32GB(16Gx2)_22,321원/1GB_714,270"
30341402,PATRIOT DDR5-6200 CL40 VIPER VENOM 패키지,"32GB(16Gx2)_21,701원/1GB_694,430"
30500108,PATRIOT DDR5-6200 CL42 VIPER Elite 5 RGB 패키지,"32GB(16Gx2)_22,067원/1GB_706,150"
75466202,PATRIOT DDR5-6400 CL32 VIPER Elite 5 패키지,"32GB(16Gx2)_22,011원/1GB_704,350"
30351056,PATRIOT DDR5-6400 CL32 VIPER VENOM RGB 패키지,"32GB(16Gx2)_22,475원/1GB_719,200"
30341450,PATRIOT DDR5-6400 CL32 VIPER VENOM 패키지,"_64GB(32Gx2)_20,313원/1GB_1,300,000|_32GB(16Gx2)_21,974원/1GB_703,160"
30351077,PATRIOT DDR5-6600 CL34 VIPER VENOM RGB 패키지,"32GB(16Gx2)_26,949원/1GB_862,370"
30341480,PATRIOT DDR5-6600 CL34 VIPER VENOM 패키지,"32GB(16Gx2)_26,306원/1GB_841,800"
30612317,PATRIOT DDR5-6600 CL36 VIPER Elite 5 RGB 패키지,"32GB(16Gx2)_26,922원/1GB_861,510"
30351110,PATRIOT DDR5-6800 CL34 VIPER VENOM RGB 패키지,"32GB(16Gx2)_27,569원/1GB_882,210"
30341495,PATRIOT DDR5-6800 CL34 VIPER VENOM 패키지,"32GB(16Gx2)_26,639원/1GB_852,460"
71501885,PATRIOT DDR5-7000 CL32 VIPER Elite 5 RGB 패키지,"32GB(16Gx2)_31,250원/1GB_1,000,000"
30351131,PATRIOT DDR5-7000 CL32 VIPER VENOM RGB 패키지,"32GB(16Gx2)_31,250원/1GB_1,000,000"
30341504,PATRIOT DDR5-7000 CL32 VIPER VENOM 패키지,"32GB(16Gx2)_30,625원/1GB_980,000"
30500216,PATRIOT DDR5-7000 CL38 VIPER Elite 5 RGB 패키지,"32GB(16Gx2)_31,250원/1GB_1,000,000"
30351218,PATRIOT DDR5-7200 CL34 VIPER VENOM RGB 패키지,"32GB(16Gx2)_31,260원/1GB_1,000,330"
30341510,PATRIOT DDR5-7200 CL34 VIPER VENOM 패키지,"32GB(16Gx2)_30,607원/1GB_979,420"
30351236,PATRIOT DDR5-7400 CL36 VIPER VENOM RGB 패키지,"32GB(16Gx2)_31,875원/1GB_1,020,000"
30341525,PATRIOT DDR5-7400 CL36 VIPER VENOM 패키지,"32GB(16Gx2)_31,250원/1GB_1,000,000"
95057837,PATRIOT DDR5-8000 CL38 VIPER Xtreme5 RGB 패키지,"32GB(16Gx2)_26,563원/1GB_850,000"
11445372,PATRIOT 노트북 DDR4-3200 CL22 SIGNATURE,"_16GB_9,468원/1GB_151,490|_8GB_11,488원/1GB_91,900|4GB_14,823원/1GB_59,290"
11627192,PNY DDR4-2666 Performance,"16GB_9,750원/1GB_156,000"
105817916,PNY DDR4-3200 CL16 Performance,"8GB_11,875원/1GB_95,000"
105817907,PNY DDR5-5600 CL40 Performance,"16GB_21,813원/1GB_349,000"
124181262,PNY DDR5-5600 CL46,16GB_가격비교예정
124289814,PNY XLR8 DDR5-5600 CL46,16GB_가격비교예정
16839320,PNY XLR8 DDR5-6000 CL38 MAKO RGB 패키지 제이씨현,"32GB(16Gx2)_20,281원/1GB_649,000"
100447838,Ramaxel 노트북 DDR5-4800 중고,"12GB_26,475원/1GB_317,700"
123982940,SIX DDR5-4800,"16GB_18,062원/1GB_288,990"
17241983,SK하이닉스 DDR2-800 중고,"4GB_25,250원/1GB_101,000"
5547988,SK하이닉스 DDR3-1600 중고,"_8GB_3,250원/1GB_26,000|_4GB_2,495원/1GB_9,980"
4340385,SK하이닉스 DDR4-2133,"4GB_9,000원/1GB_36,000"
5718625,SK하이닉스 DDR4-2400,"4GB_9,000원/1GB_36,000"
19266986,SK하이닉스 DDR4-2400 중고,"4GB_8,250원/1GB_33,000"
10376604,SK하이닉스 DDR4-2666 중고,"_16GB_9,556원/1GB_152,890|_8GB_10,000원/1GB_80,000"
99639581,SK하이닉스 DDR4-3200,"16GB_14,278원/1GB_228,450"
112969488,SK하이닉스 DDR4-3200,"8GB_53,900원/1GB_431,200"
104989391,SK하이닉스 DDR4-3200 병행수입,"16GB_13,424원/1GB_214,780"
15577976,SK하이닉스 DDR4-3200 중고,"16GB_12,369원/1GB_197,900|_8GB_8,599원/1GB_68,790|_4GB_8,750원/1GB_35,000"
16507634,SK하이닉스 DDR5-4800,"_32GB_23,375원/1GB_748,000|_16GB_23,438원/1GB_375,000|8GB_28,000원/1GB_224,000"
18883523,SK하이닉스 DDR5-5600,"_32GB_25,198원/1GB_806,340|_16GB_22,438원/1GB_359,000|8GB_31,875원/1GB_255,000"
124248831,SK하이닉스 DDR5-5600 ECC/REG,"_32GB_69,063원/1GB_2,210,000|_16GB_65,313원/1GB_1,045,000"
18698351,SK하이닉스 DDR5-5600 병행수입,"16GB_23,845원/1GB_381,520"
68686664,SK하이닉스 DDR5-5600 중고,"8GB_28,125원/1GB_225,000"
5800721,SK하이닉스 노트북 DDR2-533 중고,"512MB_21,000"
5800144,SK하이닉스 노트북 DDR2-667 중고,"_1GB_26,000원/1GB_26,000|_512MB_21,000"
929569,SK하이닉스 노트북 DDR2-800 중고,"_2GB_15,500원/1GB_31,000|_1GB_21,000원/1GB_21,000"
1678154,SK하이닉스 노트북 DDR3-1066,"_4GB_12,500원/1GB_50,000|_2GB_8,450원/1GB_16,900"
5728672,SK하이닉스 노트북 DDR3-1066 중고,"_4GB_14,875원/1GB_59,500|_2GB_3,725원/1GB_7,450"
1331603,SK하이닉스 노트북 DDR3-1333,"4GB_6,250원/1GB_25,000"
1745206,SK하이닉스 노트북 DDR3-1333 병행수입,"4GB_7,375원/1GB_29,500"
5728592,SK하이닉스 노트북 DDR3-1333 중고,"_8GB_9,625원/1GB_77,000|_4GB_2,200원/1GB_8,800|2GB_3,645원/1GB_7,290"
3380679,SK하이닉스 노트북 DDR3-1600 1.35V 병행수입,"4GB_6,975원/1GB_27,900"
17811926,SK하이닉스 노트북 DDR3-1600 1.35V 중고,"4GB_10,250원/1GB_41,000"
1883084,SK하이닉스 노트북 DDR3-1600 병행수입,"8GB_7,250원/1GB_58,000"
5547968,SK하이닉스 노트북 DDR3-1600 중고,"_8GB_3,406원/1GB_27,250|_4GB_2,198원/1GB_8,790|2GB_1,900원/1GB_3,800"
5706778,SK하이닉스 노트북 DDR4-2133,"8GB_12,125원/1GB_97,000"
15778361,SK하이닉스 노트북 DDR4-2133 중고,"_8GB_8,601원/1GB_68,810|_4GB_13,000원/1GB_52,000"
16946459,SK하이닉스 노트북 DDR4-2400 중고,"_8GB_7,500원/1GB_60,000|_4GB_7,765원/1GB_31,060|2GB_8,000원/1GB_16,000"
17242046,SK하이닉스 노트북 DDR4-2666 중고,"_4GB_6,498원/1GB_25,990|_16GB_8,601원/1GB_137,610|8GB_8,488원/1GB_67,900"
16121639,SK하이닉스 노트북 DDR4-3200 중고,"_8GB_8,451원/1GB_67,610|_4GB_7,750원/1GB_31,000"
17390087,SK하이닉스 노트북 DDR5-4800 중고,"8GB_21,180원/1GB_169,440"
20199452,SK하이닉스 노트북 DDR5-5600 중고,"32GB_25,000원/1GB_800,000|_16GB_20,518원/1GB_328,290|_8GB_21,180원/1GB_169,440"
13603805,SOUTH BRIDGE DDR3-1600,"8GB_2,686원/1GB_21,490"
5680228,TeamGroup DDR4-2666 Elite,"8GB_10,750원/1GB_86,000"
10188141,TeamGroup DDR4-3200 Elite,"_16GB_12,438원/1GB_199,000|_8GB_10,854원/1GB_86,830"
14907467,TeamGroup DDR4-3200 Elite 서린,"32GB_12,469원/1GB_399,000|_16GB_12,500원/1GB_200,000|_8GB_13,375원/1GB_107,000"
123133860,TeamGroup DDR4-3200 Elite 중고,"32GB_9,063원/1GB_290,000"
18767579,TeamGroup DDR5-4800 CL40 Elite Plus 실버 서린,"32GB_20,306원/1GB_649,800"
17535233,TeamGroup DDR5-4800 CL40 Elite 서린,"16GB_19,593원/1GB_313,490"
18767360,TeamGroup DDR5-5200 CL42 Elite 서린,"16GB_21,094원/1GB_337,500"
23563973,TeamGroup DDR5-5600 CL46 Elite,"_16GB_21,506원/1GB_344,090|_8GB_22,813원/1GB_182,500"
74421821,TeamGroup DDR5-5600 CL46 Elite Plus 블랙,"32GB_22,813원/1GB_730,000"
27545675,TeamGroup DDR5-5600 CL46 Elite Plus 블랙 서린,"32GB_22,813원/1GB_730,000"
17535839,TeamGroup DDR5-5600 CL46 Elite 서린,"_32GB_22,500원/1GB_720,000|_16GB_21,875원/1GB_350,000|8GB_22,813원/1GB_182,500"
13981106,TeamGroup T-CREATE DDR4-3600 CL18 EXPERT OC10L 패키지 서린,"_32GB(16Gx2)_13,406원/1GB_429,000|_16GB(8Gx2)_13,875원/1GB_222,000"
19566335,TeamGroup T-CREATE DDR5-5600 CL46 CLASSIC 패키지 서린,"_64GB(32Gx2)_23,438원/1GB_1,500,000|_32GB(16Gx2)_23,937원/1GB_765,980"
20546438,TeamGroup T-CREATE DDR5-6000 CL30 EXPERT 패키지 서린,"32GB(16Gx2)_24,968원/1GB_798,990"
110699500,TeamGroup T-CREATE DDR5-6000 CL30 EXPERT 패키지 서린,"32GB(16GX2)_25,166원/1GB_805,300"
20546684,TeamGroup T-CREATE DDR5-6000 CL30 EXPERT 화이트 패키지 서린,"32GB(16Gx2)_24,968원/1GB_798,980"
19566788,TeamGroup T-CREATE DDR5-6000 CL34 EXPERT 패키지 서린,"64GB(32Gx2)_25,000원/1GB_1,600,000"
105969299,TeamGroup T-CREATE DDR5-6000 CL40 EXPERT 패키지 서린,"128GB(64Gx2)_28,125원/1GB_3,600,000"
105969302,TeamGroup T-CREATE DDR5-6000 CL40 EXPERT 화이트 패키지 서린,"128GB(64Gx2)_28,125원/1GB_3,600,000"
19567433,TeamGroup T-CREATE DDR5-6000 CL48 CLASSIC 패키지 서린,"_64GB(32Gx2)_23,125원/1GB_1,480,000|_32GB(16Gx2)_23,531원/1GB_753,000"
19567934,TeamGroup T-CREATE DDR5-6400 CL34 EXPERT 패키지 서린,"64GB(32Gx2)_26,094원/1GB_1,670,000"
20547080,TeamGroup T-CREATE DDR5-6400 CL34 EXPERT 화이트 패키지 서린,"64GB(32Gx2)_26,094원/1GB_1,670,000"
96773624,TeamGroup T-CREATE DDR5-6400 CL42 EXPERT 패키지 서린,"128GB(64Gx2)_28,906원/1GB_3,700,000"
96773702,TeamGroup T-CREATE DDR5-6400 CL42 EXPERT 화이트 패키지 서린,"128GB(64Gx2)_28,906원/1GB_3,700,000"
28806803,TeamGroup T-CREATE 노트북 DDR5-5600 CL46-45-45 CLASSIC 서린,"_32GB_21,563원/1GB_690,000|_16GB_23,378원/1GB_374,050"
8714552,TeamGroup T-Force DDR4-2666 CL18 T1 GAMING,"4GB_9,000원/1GB_36,000"
9268803,TeamGroup T-Force DDR4-3000 CL16 Vulcan Z Gray,"4GB_9,000원/1GB_36,000"
10389006,TeamGroup T-Force DDR4-3200 CL16 DARK Z RED 패키지,"16GB(8Gx2)_13,441원/1GB_215,060"
6935872,TeamGroup T-Force DDR4-3200 CL16 Delta RGB 패키지,"32GB(16Gx2)_12,680원/1GB_405,760"
7320400,TeamGroup T-Force DDR4-3200 CL16 Delta RGB 패키지 서린,"_32GB(16Gx2)_13,538원/1GB_433,210|_16GB(8Gx2)_13,993원/1GB_223,880"
7320475,TeamGroup T-Force DDR4-3200 CL16 Delta RGB 화이트 패키지 서린,"_32GB(16Gx2)_13,750원/1GB_440,000|_16GB(8Gx2)_14,375원/1GB_230,000"
13658393,TeamGroup T-Force DDR4-3200 CL16 Vulcan Z Gray 패키지,"16GB(8Gx2)_12,188원/1GB_195,000"
11462262,TeamGroup T-Force DDR4-3200 CL16 XTREEM ARGB 패키지,"16GB(8Gx2)_14,179원/1GB_226,870"
12958028,TeamGroup T-Force DDR4-3200 CL16-20-20 Delta RGB 패키지,"32GB(16Gx2)_13,383원/1GB_428,240"
12876455,TeamGroup T-Force DDR4-3200 CL16-20-20 Delta RGB 패키지 서린,"32GB(16Gx2)_13,465원/1GB_430,880"
12876503,TeamGroup T-Force DDR4-3200 CL16-20-20 Delta RGB 화이트 패키지 서린,"32GB(16Gx2)_13,549원/1GB_433,560"
11858860,TeamGroup T-Force DDR4-3600 CL18 Delta RGB 패키지,"32GB(16Gx2)_13,309원/1GB_425,890"
11380119,TeamGroup T-Force DDR4-3600 CL18 Delta RGB 패키지 서린,"_32GB(16Gx2)_13,906원/1GB_445,000|_16GB(8Gx2)_14,190원/1GB_227,040"
11858869,TeamGroup T-Force DDR4-3600 CL18 Delta RGB 화이트 패키지,"_32GB(16Gx2)_13,906원/1GB_445,000|_16GB(8Gx2)_14,563원/1GB_233,000"
11380467,TeamGroup T-Force DDR4-3600 CL18 Delta RGB 화이트 패키지 서린,"_32GB(16Gx2)_13,906원/1GB_445,000|_16GB(8Gx2)_14,563원/1GB_233,000"
106747745,TeamGroup T-Force DDR4-3600 CL18 Vulcan Z Gray 패키지 서린,"16GB(8Gx2)_13,946원/1GB_223,140"
19552202,TeamGroup T-Force DDR5-5600 CL36 Delta RGB 패키지 서린,"64GB(32Gx2)_23,750원/1GB_1,520,000"
19552541,TeamGroup T-Force DDR5-5600 CL36 Delta RGB 화이트 패키지 서린,"64GB(32Gx2)_23,750원/1GB_1,520,000"
124199101,TeamGroup T-Force DDR5-5600 CL40 Delta RGB 블랙 패키지,"32GB(16Gx2)_23,438원/1GB_750,000"
124199132,TeamGroup T-Force DDR5-5600 CL40 Delta RGB 화이트 패키지,"32GB(16Gx2)_22,500원/1GB_720,000"
74341889,TeamGroup T-Force DDR5-6000 CL28 Delta RGB 블랙 패키지 서린,"32GB(16Gx2)_28,688원/1GB_918,000"
74341892,TeamGroup T-Force DDR5-6000 CL28 Delta RGB 화이트 패키지 서린,"32GB(16Gx2)_28,688원/1GB_918,000"
18134999,TeamGroup T-Force DDR5-6000 CL30 Delta RGB 패키지,"32GB(16Gx2)_25,313원/1GB_810,000"
18135029,TeamGroup T-Force DDR5-6000 CL30 Delta RGB 화이트 패키지,"32GB(16Gx2)_25,297원/1GB_809,490"
19552994,TeamGroup T-Force DDR5-6000 CL38 Delta RGB 패키지 서린,"_64GB(32Gx2)_24,375원/1GB_1,560,000|_32GB(16Gx2)_24,500원/1GB_784,000"
29483009,TeamGroup T-Force DDR5-6000 CL38 Delta RGB 화이트 패키지,"32GB(16Gx2)_24,500원/1GB_784,000"
19553282,TeamGroup T-Force DDR5-6000 CL38 Delta RGB 화이트 패키지 서린,"_64GB(32Gx2)_24,375원/1GB_1,560,000|_32GB(16Gx2)_24,500원/1GB_784,000"
18613178,TeamGroup T-Force DDR5-6000 CL38 Vulcan Black 패키지 서린,"32GB(16Gx2)_23,125원/1GB_740,000"
16035029,TeamGroup T-Force DDR5-6400 CL40 Delta RGB 패키지 서린,"32GB(16Gx2)_23,791원/1GB_761,300"
18135167,TeamGroup T-Force DDR5-7200 CL34 Delta RGB 패키지,"32GB(16Gx2)_24,063원/1GB_770,000"
18135173,TeamGroup T-Force DDR5-7200 CL34 Delta RGB 화이트 패키지,"32GB(16Gx2)_24,063원/1GB_770,000"
74052965,TeamGroup T-Force DDR5-8400 CL42 XTREEM CKD 패키지 서린,"48GB(24Gx2)_18,212원/1GB_874,180"
118838632,TeamGroup T-Force T-Force DDR4-3600 CL18 Delta RGB 화이트 패키지,"16GB(8Gx2)_17,478원/1GB_279,650"
106695755,TeamGroup 노트북 DDR4-3200 CL22 Elite,"_16GB_10,815원/1GB_173,040|32GB_11,958원/1GB_382,650|_8GB_10,815원/1GB_86,520"
106695737,TeamGroup 노트북 DDR4-3200 CL22 Elite,"_16GB_10,815원/1GB_173,040|32GB_11,958원/1GB_382,650|_8GB_10,815원/1GB_86,520"
123721493,TeamGroup 노트북 DDR5-5600 CL46 Elite 서린,"16GB_22,499원/1GB_359,980"
18274718,Terabyte Ramonster DDR4-3200 CL22,"_16GB_11,501원/1GB_184,020|_8GB_11,188원/1GB_89,500"
108390497,Terabyte Ramonster DDR5-4800,"16GB_22,438원/1GB_359,000"
18273281,Terabyte Ramonster 노트북 DDR4-3200 CL22,"_16GB_9,223원/1GB_147,570|_4GB_8,500원/1GB_34,000"
15072377,V-Color BLACK DDR4-3200,"16GB_12,375원/1GB_198,000"
16664129,V-Color BLACK DDR4-3200 벌크,"8GB_13,625원/1GB_109,000"
27953468,V-Color BLACK DDR5-5600 CL46 STANDARD 벌크,"16GB_23,222원/1GB_371,550"
11587076,V-Color DDR4-4000 CL19 PRISM PRO RGB SILVER 패키지,"16GB(8Gx2)_17,500원/1GB_280,000"
123723079,V-Color DDR5-5600 CL46 STANDARD ECC/REG 패키지,"_512GB(128Gx4)_71,152원/1GB_36,429,590|_256GB(64Gx4)_58,741원/1GB_15,037,790|128GB(32Gx4)_56,921원/1GB_7,285,910"
123723120,V-Color DDR5-5600 CL46 STANDARD ECC/REG 패키지,"_512GB(128Gx4)_71,152원/1GB_36,429,590|_256GB(64Gx4)_58,741원/1GB_15,037,790|128GB(32Gx4)_56,921원/1GB_7,285,910"
93862913,V-Color DDR5-6400 CL32 ECC/REG 패키지,"128GB(32Gx4)_62,878원/1GB_8,048,390"
16025600,V-Color Manta DDR5-6200 CL40 RGB 골든아미스 패키지,"32GB(16Gx2)_21,500원/1GB_688,000"
104751800,V-Color Manta XSKY DDR5-6000 CL30 RGB EXPO 패키지,"32GB(16Gx2)_21,968원/1GB_702,980"
15176300,골든메모리 DDR3-1600,"8GB_3,113원/1GB_24,900"
108445556,디오테라 ROIPLE DDR5-5600,"8GB_31,125원/1GB_249,000"
5850669,마이크론 Crucial DDR3-1600 중고,"_8GB_3,250원/1GB_26,000|_4GB_2,750원/1GB_11,000"
10294017,마이크론 Crucial DDR4-3200 CL22,"32GB_13,568원/1GB_434,190|_16GB_11,249원/1GB_179,990|_8GB_13,611원/1GB_108,890"
100273145,마이크론 Crucial DDR4-3200 CL22 PRO 패키지 대원씨티에스,"32GB(16Gx2)_11,812원/1GB_377,970"
35805935,마이크론 Crucial DDR4-3200 CL22 대원씨티에스,"_16GB_12,062원/1GB_192,990|_8GB_14,746원/1GB_117,970"
105679847,마이크론 Crucial DDR4-3200 CL22 패키지,"16GB(8Gx2)_13,291원/1GB_212,660"
101628713,마이크론 Crucial DDR4-3200 중고,"8GB_9,178원/1GB_73,420"
15988694,마이크론 Crucial DDR5-4800 CL40,"8GB_23,500원/1GB_188,000"
18486497,마이크론 Crucial DDR5-5600 CL46,"64GB_33,594원/1GB_2,150,000|_32GB_23,625원/1GB_755,990|_16GB_21,813원/1GB_349,000|8GB_21,854원/1GB_174,830"
100273337,마이크론 Crucial DDR5-5600 CL46 PRO 대원씨티에스,"_64GB_27,500원/1GB_1,760,000|32GB_24,820원/1GB_794,250|_16GB_22,701원/1GB_363,220"
74549789,마이크론 Crucial DDR5-5600 CL46 PRO 아스크텍,"_32GB_24,820원/1GB_794,250|_16GB_24,489원/1GB_391,820"
20369066,마이크론 Crucial DDR5-5600 CL46 PRO 패키지 대원씨티에스,"128GB(64Gx2)_35,234원/1GB_4,509,990|64GB(32Gx2)_28,109원/1GB_1,799,000|_48GB(24Gx2)_19,593원/1GB_940,450|_32GB(16Gx2)_22,495원/1GB_719,840"
28553522,마이크론 Crucial DDR5-5600 CL46 PRO 패키지 아스크텍,"_64GB(32Gx2)_24,820원/1GB_1,588,500|_32GB(16Gx2)_24,031원/1GB_769,000"
53782775,마이크론 Crucial DDR5-5600 CL46 대원씨티에스,"64GB_33,594원/1GB_2,150,000|32GB_24,136원/1GB_772,360|_16GB_21,813원/1GB_349,000|_8GB_20,625원/1GB_165,000"
123436018,마이크론 Crucial DDR5-5600 CL46 중고,"_32GB_23,688원/1GB_758,000|_16GB_21,178원/1GB_338,850"
93806003,마이크론 Crucial DDR5-5600 CL46 패키지 대원씨티에스,"128GB(64Gx2)_34,141원/1GB_4,370,000"
91040711,마이크론 Crucial DDR5-5600 CL46 패키지 아스크텍,"64GB(32Gx2)_23,662원/1GB_1,514,360"
54100055,마이크론 Crucial DDR5-6000 CL36 PRO Overclocking White 패키지 대원씨티에스,"32GB(16Gx2)_22,687원/1GB_725,980"
39102770,마이크론 Crucial DDR5-6000 CL36 PRO Overclocking 패키지 대원씨티에스,"32GB(16Gx2)_23,021원/1GB_736,670"
56156210,마이크론 Crucial DDR5-6000 CL48 PRO 패키지 대원씨티에스,"32GB(16Gx2)_31,250원/1GB_1,000,000"
100273628,마이크론 Crucial DDR5-6400 CL32 PRO Overclocking White 패키지 대원씨티에스,"32GB(16Gx2)_23,348원/1GB_747,140"
99553838,마이크론 Crucial DDR5-6400 CL32 PRO Overclocking White 패키지 아스크텍,"32GB(16Gx2)_23,497원/1GB_751,890"
100273607,마이크론 Crucial DDR5-6400 CL32 PRO Overclocking 패키지 대원씨티에스,"32GB(16Gx2)_22,301원/1GB_713,640"
99553832,마이크론 Crucial DDR5-6400 CL32 PRO Overclocking 패키지 아스크텍,"32GB(16Gx2)_23,497원/1GB_751,890"
71158334,마이크론 Crucial DDR5-6400 CL38 PRO Overclocking White 패키지 대원씨티에스,"32GB(16Gx2)_22,813원/1GB_730,000"
99749609,마이크론 Crucial DDR5-6400 CL38 PRO Overclocking 대원씨티에스,"16GB_22,946원/1GB_367,140"
71061959,마이크론 Crucial DDR5-6400 CL38 PRO Overclocking 패키지 대원씨티에스,"32GB(16Gx2)_22,812원/1GB_729,990"
69566999,마이크론 Crucial DDR5-6400 CL38 PRO Overclocking 패키지 아스크텍,"32GB(16Gx2)_25,848원/1GB_827,150"
76331027,마이크론 Crucial DDR5-6400 CL40 PRO OC Gaming Edition White 대원씨티에스,"32GB_23,763원/1GB_760,410"
77791211,마이크론 Crucial DDR5-6400 CL52 CUDIMM 대원씨티에스,"_64GB_30,206원/1GB_1,933,170|32GB_23,588원/1GB_754,810|_16GB_22,141원/1GB_354,250"
76946693,마이크론 Crucial DDR5-6400 CL52 CUDIMM 아스크텍,"32GB_20,028원/1GB_640,880"
105818018,마이크론 Crucial DDR5-6400 CL52 CUDIMM 패키지 대원씨티에스,"_128GB(64Gx2)_29,195원/1GB_3,737,000|_32GB(16Gx2)_24,594원/1GB_787,000"
122930960,마이크론 Crucial 노트북 DDR4-2666 중고,"4GB_8,975원/1GB_35,900"
16343636,마이크론 Crucial 노트북 DDR4-3200 CL22,"_32GB_10,000원/1GB_320,000|_16GB_9,348원/1GB_149,570"
16524281,마이크론 Crucial 노트북 DDR4-3200 CL22 중고,"32GB_23,314원/1GB_373,020|_16GB_9,919원/1GB_158,700|_4GB_7,375원/1GB_29,500"
17292047,마이크론 Crucial 노트북 DDR4-3200 CL22 해외구매,"_16GB(8Gx2)_9,616원/1GB_153,860|_8GB_30,980원/1GB_247,840"
30268274,마이크론 Crucial 노트북 DDR5-5600 CL46,"_32GB_21,656원/1GB_693,000|_16GB_22,374원/1GB_357,980"
54966680,마이크론 Crucial 노트북 DDR5-5600 CL46 대원씨티에스,"_32GB_27,579원/1GB_882,540|_16GB_23,324원/1GB_373,190"
124237649,마이크론 Crucial 노트북 DDR5-5600 CL46 중고,"8GB_22,486원/1GB_179,890"
18782588,마이크론 DDR4-2133 ECC/REG 중고,"16GB_16,175원/1GB_258,800"
17443334,마이크론 DDR4-2400 중고,"8GB_9,500원/1GB_76,000"
97122059,마이크론 DDR5-5600 CL46 ECC/REG 아스크텍,"64GB_53,879원/1GB_3,448,270"
71502218,마이크론 노트북 DDR5-5600 중고,"8GB_21,624원/1GB_172,990"
65303801,비즈텍 TREAVE DDR4-2666 CL19,"_16GB_8,803원/1GB_140,850|_8GB_10,260원/1GB_82,080"
65303720,비즈텍 TREAVE DDR4-3200 CL22,"_32GB_11,647원/1GB_372,690|_16GB_9,216원/1GB_147,450|8GB_11,024원/1GB_88,190"
64379654,비즈텍 TREAVE DDR5-5600 CL46,"_32GB_20,625원/1GB_659,990|_16GB_20,509원/1GB_328,140"
65303753,비즈텍 TREAVE 노트북 DDR4-2666 CL19,"_16GB_8,905원/1GB_142,480|_8GB_9,215원/1GB_73,720"
64379612,비즈텍 TREAVE 노트북 DDR4-3200 CL22,"32GB_12,197원/1GB_390,310|_16GB_9,081원/1GB_145,300|_8GB_9,538원/1GB_76,300"
65303624,비즈텍 TREAVE 노트북 DDR5-5600 CL46,"_32GB_21,200원/1GB_678,400|_16GB_20,875원/1GB_334,000"
114991150,삼성전자 DDR2 PC2-6400 CL6 (중고),"2GB_4,900원/1GB_9,800"
5580669,삼성전자 DDR2-667 중고,"_2GB_13,500원/1GB_27,000|_1GB_4,910원/1GB_4,910"
863373,삼성전자 DDR2-800 중고,"_2GB_7,900원/1GB_15,800|_1GB_2,970원/1GB_2,970"
5579844,삼성전자 DDR3-1066 중고,"_4GB_4,778원/1GB_19,110|_2GB_2,255원/1GB_4,510"
112110949,삼성전자 DDR3-1333 (중고),"4GB_4,375원/1GB_35,000"
5655412,삼성전자 DDR3-1333 ECC 중고,"8GB_11,250원/1GB_90,000"
17528609,삼성전자 DDR3-1333 ECC/REG 중고,"_8GB_7,350원/1GB_58,800|_4GB_3,120원/1GB_12,480"
1228209,삼성전자 DDR3-1333 방열판,"4GB_8,750원/1GB_35,000"
843710,삼성전자 DDR3-1333 병행수입,"2GB_5,900원/1GB_11,800"
5441273,삼성전자 DDR3-1333 중고,"8GB_3,249원/1GB_25,990|_4GB_1,875원/1GB_7,500|_2GB_1,500원/1GB_3,000|1GB_3,920원/1GB_3,920"
1144692,삼성전자 DDR3-1333U 중고,"4GB_1,873원/1GB_7,490"
12823175,삼성전자 DDR3-1600 ECC 중고,"8GB_11,250원/1GB_90,000"
15253352,삼성전자 DDR3-1600 ECC/REG 중고,"_16GB_3,987원/1GB_63,790|_8GB_8,600원/1GB_68,800"
12823616,삼성전자 DDR3-1600 ECC/Unbuffered 중고,"_8GB_11,250원/1GB_90,000|_4GB_7,450원/1GB_29,800"
1772613,삼성전자 DDR3-1600 방열판,"_8GB_10,000원/1GB_80,000|_4GB_6,500원/1GB_26,000|2GB_12,000원/1GB_24,000"
5549101,삼성전자 DDR3-1600 중고,"_8GB_2,708원/1GB_21,660|_4GB_1,965원/1GB_7,860|2GB_2,000원/1GB_4,000"
115474903,삼성전자 DDR3L 1600 저전력 (중고),"8GB_3,553원/1GB_28,420"
116898273,삼성전자 DDR4-2133,"16GB_8,119원/1GB_129,900"
5383117,삼성전자 DDR4-2133 ECC/REG,"_32GB_15,469원/1GB_495,000|_16GB_19,688원/1GB_315,000|8GB_15,850원/1GB_126,800"
17190479,삼성전자 DDR4-2133 ECC/REG 중고,"16GB_11,800원/1GB_188,800"
17288240,삼성전자 DDR4-2133 ECC/Unbuffered 중고,"16GB_18,213원/1GB_291,400"
12823709,삼성전자 DDR4-2133 중고,"_16GB_7,500원/1GB_120,000|_8GB_6,924원/1GB_55,390|4GB_6,498원/1GB_25,990"
4343051,삼성전자 DDR4-2400,"16GB_8,063원/1GB_129,010|_8GB_7,905원/1GB_63,240|_4GB_7,168원/1GB_28,670"
5721713,삼성전자 DDR4-2400 ECC/REG,"_32GB_17,031원/1GB_544,990|_16GB_20,624원/1GB_329,990|8GB_21,875원/1GB_175,000"
17899715,삼성전자 DDR4-2400 ECC/REG 중고,"32GB_12,463원/1GB_398,800"
11236449,삼성전자 DDR4-2400 중고,"_16GB_7,688원/1GB_123,000|_8GB_6,873원/1GB_54,980|4GB_6,818원/1GB_27,270"
5937666,삼성전자 DDR4-2666,"32GB_10,312원/1GB_329,990|_16GB_9,223원/1GB_147,560|_8GB_9,111원/1GB_72,890"
10824564,삼성전자 DDR4-2666 ECC/REG,"_32GB_18,594원/1GB_595,000|16GB_16,875원/1GB_270,000|_8GB_24,375원/1GB_195,000"
11631995,삼성전자 DDR4-2666 ECC/Unbuffered,"32GB_30,000원/1GB_960,000|_16GB_37,500원/1GB_600,000|_8GB_36,250원/1GB_290,000"
8158972,삼성전자 DDR4-2666 중고,"32GB_9,507원/1GB_304,230|_16GB_8,718원/1GB_139,490|_8GB_7,498원/1GB_59,980|4GB_6,708원/1GB_26,830"
11541992,삼성전자 DDR4-2933,"_32GB_9,344원/1GB_299,000|_16GB_12,499원/1GB_199,990|8GB_11,875원/1GB_95,000"
11541977,삼성전자 DDR4-2933 ECC/REG,"128GB_25,391원/1GB_3,250,000|_64GB_25,859원/1GB_1,654,980|_32GB_25,250원/1GB_807,990|16GB_24,999원/1GB_399,990"
15798590,삼성전자 DDR4-2933 ECC/Unbuffered,"_32GB_33,000원/1GB_1,056,000|16GB_37,500원/1GB_600,000|_8GB_30,328원/1GB_242,620"
17844794,삼성전자 DDR4-2933 중고,"8GB_11,611원/1GB_92,890"
11541857,삼성전자 DDR4-3200,"32GB_15,257원/1GB_488,230|_16GB_12,124원/1GB_193,980|_8GB_10,035원/1GB_80,280|4GB_11,085원/1GB_44,340"
13432970,삼성전자 DDR4-3200 ECC/REG,"128GB_21,094원/1GB_2,699,990|_64GB_24,547원/1GB_1,571,000|_32GB_19,906원/1GB_637,000|16GB_18,750원/1GB_300,000|8GB_28,750원/1GB_230,000"
37693463,삼성전자 DDR4-3200 ECC/Unbuffered,"32GB_30,313원/1GB_970,000"
15578048,삼성전자 DDR4-3200 중고,"32GB_11,218원/1GB_358,990|_16GB_10,312원/1GB_164,990|_8GB_9,186원/1GB_73,490|4GB_10,795원/1GB_43,180"
15764342,삼성전자 DDR5-4800,"_32GB_23,062원/1GB_737,990|_16GB_22,747원/1GB_363,950|8GB_22,800원/1GB_182,400"
21678716,삼성전자 DDR5-4800 ECC/REG,"_64GB_60,063원/1GB_3,844,000|_32GB_63,906원/1GB_2,045,000|16GB_61,618원/1GB_985,890"
16390262,삼성전자 DDR5-4800 병행수입,"32GB_19,417원/1GB_621,350|_16GB_20,054원/1GB_320,860|_8GB_21,719원/1GB_173,750"
123799325,삼성전자 DDR5-4800 중고,"_32GB_21,665원/1GB_693,270|_16GB_21,875원/1GB_350,000"
18911780,삼성전자 DDR5-5600,"24GB_17,250원/1GB_414,000|_32GB_24,718원/1GB_790,960|수량별배송비 32GB_26,526원/1GB_848,840|_16GB_21,868원/1GB_349,890|수량별배송비 16GB_23,436원/1GB_374,970|"
79408823,삼성전자 DDR5-5600 ECC/REG,"128GB_76,523원/1GB_9,794,990|_64GB_68,672원/1GB_4,395,000|_32GB_73,281원/1GB_2,345,000|16GB_65,313원/1GB_1,045,000"
123801216,삼성전자 DDR5-5600 ECC/REG 중고,"64GB_68,915원/1GB_4,410,560"
122621367,삼성전자 DDR5-5600 중고,"_32GB_23,434원/1GB_749,900|_16GB_21,564원/1GB_345,020|8GB_23,738원/1GB_189,900"
108391655,삼성전자 DDR5-6400 CL52 CUDIMM,"_16GB_21,886원/1GB_350,180|_8GB_22,700원/1GB_181,600"
103130627,삼성전자 DDR5-6400 ECC/REG,"_128GB_77,344원/1GB_9,900,000|_64GB_74,873원/1GB_4,791,880"
122658611,삼성전자 DDR5-7200 CL58 CUDIMM,"_16GB_26,120원/1GB_417,920|_8GB_22,856원/1GB_182,850"
118832316,삼성전자 노트북 DDR2 PC2-5300 CL4.5 (중고),"2GB_3,500원/1GB_7,000"
5580681,삼성전자 노트북 DDR2-533 중고,"1GB_6,440원/1GB_6,440"
5580847,삼성전자 노트북 DDR2-667 병행수입,"2GB_9,000원/1GB_18,000"
863361,삼성전자 노트북 DDR2-667 중고,"_2GB_4,000원/1GB_8,000|_1GB_4,560원/1GB_4,560"
863346,삼성전자 노트북 DDR2-800 중고,"2GB_3,250원/1GB_6,500"
116414127,삼성전자 노트북 DDR3-1066 (중고),"4GB_15,000원/1GB_60,000"
5580447,삼성전자 노트북 DDR3-1066 중고,"_4GB_5,670원/1GB_22,680|_2GB_1,315원/1GB_2,630|1GB_1,490원/1GB_1,490"
925624,삼성전자 노트북 DDR3-1333,"2GB_4,500"
1719949,삼성전자 노트북 DDR3-1333 병행수입,"_8GB_12,375원/1GB_99,000|_4GB_6,250원/1GB_25,000|2GB_6,700원/1GB_13,400|1GB_26,000원/1GB_26,000"
5546469,삼성전자 노트북 DDR3-1333 중고,"8GB_5,363원/1GB_42,900|_4GB_2,208원/1GB_8,830|_2GB_1,950원/1GB_3,900|1GB_1,490원/1GB_1,490"
1962927,삼성전자 노트북 DDR3-1600,"2GB_4,500"
2747282,삼성전자 노트북 DDR3-1600 1.35V 병행수입,"8GB_7,125원/1GB_57,000"
14183372,삼성전자 노트북 DDR3-1600 1.35V 중고,"_8GB_3,238원/1GB_25,900||_4GB_2,425원/1GB_9,700"
1962928,삼성전자 노트북 DDR3-1600 병행수입,"2GB_9,850원/1GB_19,700"
5549011,삼성전자 노트북 DDR3-1600 중고,"_8GB_3,099원/1GB_24,790|_4GB_2,208원/1GB_8,830|2GB_1,345원/1GB_2,690"
3493083,삼성전자 노트북 DDR4-2133,"_16GB_8,060원/1GB_128,960|_8GB_7,873원/1GB_62,980"
12970748,삼성전자 노트북 DDR4-2133 중고,"16GB_7,897원/1GB_126,350|_8GB_7,013원/1GB_56,100|_4GB_7,498원/1GB_29,990"
5202059,삼성전자 노트북 DDR4-2400,"16GB_8,374원/1GB_133,990|_8GB_7,874원/1GB_62,990|_4GB_7,865원/1GB_31,460"
15481538,삼성전자 노트북 DDR4-2400 중고,"_16GB_6,744원/1GB_107,900|_8GB_7,600원/1GB_60,800|4GB_6,585원/1GB_26,340"
6393068,삼성전자 노트북 DDR4-2666,"_16GB_7,737원/1GB_123,790|32GB_10,219원/1GB_327,000|_8GB_7,920원/1GB_63,360|4GB_9,088원/1GB_36,350"
16316135,삼성전자 노트북 DDR4-2666 중고,"32GB_10,488원/1GB_335,620|_16GB_7,125원/1GB_114,000|_8GB_6,941원/1GB_55,530|4GB_8,093원/1GB_32,370"
10853625,삼성전자 노트북 DDR4-3200,"_16GB_9,868원/1GB_157,880|32GB_9,999원/1GB_319,980|_8GB_9,206원/1GB_73,650|4GB_9,498원/1GB_37,990"
16524044,삼성전자 노트북 DDR4-3200 중고,"_16GB_7,432원/1GB_118,910|32GB_8,594원/1GB_275,000|_8GB_7,488원/1GB_59,900|4GB_7,475원/1GB_29,900"
17666243,삼성전자 노트북 DDR5-4800,"32GB_20,227원/1GB_647,250|_16GB_22,500원/1GB_360,000|_8GB_21,249원/1GB_169,990"
17197934,삼성전자 노트북 DDR5-4800 병행수입,"_32GB_19,856원/1GB_635,390|16GB_19,764원/1GB_316,220|_8GB_21,039원/1GB_168,310"
16633067,삼성전자 노트북 DDR5-4800 중고,"_16GB_19,856원/1GB_317,690|_8GB_21,179원/1GB_169,430"
19952972,삼성전자 노트북 DDR5-5600,"_32GB_21,375원/1GB_684,000|_16GB_21,873원/1GB_349,970|8GB_21,250원/1GB_170,000"
76331690,삼성전자 노트북 DDR5-5600 중고,"32GB_21,188원/1GB_678,000|_16GB_20,875원/1GB_334,000|_8GB_20,448원/1GB_163,580"
10639095,써멀테이크 DDR4-3600 CL18 TOUGHRAM RGB 화이트 패키지,"16GB(8Gx2)_14,250원/1GB_228,000"
108411704,써멀테이크 DDR4-3600 CL18 TOUGHRAM XG RGB 화이트 패키지,"16GB(8Gx2)_14,526원/1GB_232,420"
104616377,써멀테이크 DDR5-5600 CL36 TOUGHRAM RC 패키지,"32GB(16Gx2)_22,835원/1GB_730,710"
58939463,써멀테이크 DDR5-6400 CL32 TOUGHRAM RGB 블랙 패키지,"32GB(16Gx2)_25,482원/1GB_815,430"
48480317,아이티젠 DDR3-1333,"8GB_2,673원/1GB_21,380"
47840942,아이티젠 DDR3-1600,"8GB_2,673원/1GB_21,380"
54481355,아이티젠 DDR3-1600 1.35V,"8GB_2,673원/1GB_21,380"
68537399,아이티젠 DDR4-2133,"16GB_8,195원/1GB_131,120"
68537456,아이티젠 DDR4-2400,"16GB_8,428원/1GB_134,840"
54481856,아이티젠 DDR4-2666,"16GB_8,718원/1GB_139,490"
54482201,아이티젠 DDR4-3200,"_32GB_9,387원/1GB_300,380|16GB_9,358원/1GB_149,720|_8GB_9,415원/1GB_75,320"
54481535,아이티젠 노트북 DDR3-1333 1.5V,"8GB_2,749원/1GB_21,990"
54481385,아이티젠 노트북 DDR3-1600 1.35V,"8GB_2,736원/1GB_21,890"
54481580,아이티젠 노트북 DDR3-1600 1.5V,"8GB_2,749원/1GB_21,990"
68538869,아이티젠 노트북 DDR4-2400,"16GB_8,253원/1GB_132,050"
54481937,아이티젠 노트북 DDR4-2666,"_16GB_8,369원/1GB_133,910|_8GB_8,601원/1GB_68,810"
54482195,아이티젠 노트북 DDR4-3200,"_16GB_8,718원/1GB_139,490|_8GB_8,834원/1GB_70,670"
101186585,에이서 DDR5-4800 CL40 UD200,"16GB_17,104원/1GB_273,670"
101186612,에이서 DDR5-5600 CL46 UD200,"16GB_18,394원/1GB_294,300"
104615234,옵티머스 DDR4-3200 아인스시스템,"_16GB_10,938원/1GB_175,000|_8GB_10,475원/1GB_83,800"
107770946,옵티머스 DDR5-5600 아인스시스템,"16GB_19,000원/1GB_304,000"
8540480,이메이션 DDR3-1600 CL11,"_8GB_3,250원/1GB_26,000|_4GB_2,750원/1GB_11,000"
8072551,이메이션 DDR4-2666 Black Edition,"16GB_9,125원/1GB_146,000"
10495692,이메이션 DDR4-3200 CL22,"_32GB_11,155원/1GB_356,950|_8GB_13,059원/1GB_104,470"
94450658,이메이션 DDR4-3200 CL22-22-22-52,"32GB_19,375원/1GB_620,000|_16GB_9,938원/1GB_159,000|_8GB_12,375원/1GB_99,000"
94450400,이메이션 DDR5-5600 CL46-46-46,"16GB_20,563원/1GB_329,000"
94450724,이메이션 노트북 DDR4-3200 CL22-22-22-52,"16GB_9,938원/1GB_159,000"
61442444,이메이션 노트북 DDR5-5600 CL46,"16GB_20,141원/1GB_322,250"
94450436,이메이션 노트북 DDR5-5600 CL46-46-46,"16GB_22,438원/1GB_359,000"
123971709,지티엠코리아 DDR5-4800,"16GB_19,123원/1GB_305,970"
79408817,커널앤코어 DDR5-5600 CL46,"16GB_20,000원/1GB_320,000"
88136900,커널앤코어 노트북용 DDR4-3200 CL22,"_8GB_12,438원/1GB_99,500|_4GB_14,625원/1GB_58,500"
123743017,컴이지 킹덤 DDR4-2666 CL19,"16GB_8,230원/1GB_131,680"
104045429,컴이지 킹덤 DDR4-3200 CL22,"_16GB_8,991원/1GB_143,860|_8GB_10,320원/1GB_82,560"
104571350,컴이지 킹덤 DDR5-5600 CL46,"16GB_20,412원/1GB_326,590"
122689882,컴이지 킹덤 노트북 DDR4-3200 CL22,"_16GB_8,881원/1GB_142,090|_8GB_9,119원/1GB_72,950"
122705973,컴이지 킹덤 노트북 DDR4-3200 CL22,"_16GB_8,881원/1GB_142,090|_8GB_9,119원/1GB_72,950"
99543740,코오롱 시리즈 G.SKILL Ripjaws DDR3 SO DIMM DDR3L RAM 16GB 2x8GB 1600MT s CL9 9 28 ..,"189,530"
2375179,킹스톤 DDR3-1600,"8GB_3,875원/1GB_31,000"
7013641,킹스톤 DDR4-2666,"_8GB_10,738원/1GB_85,900|_4GB_9,000원/1GB_36,000"
101628701,킹스톤 DDR5-5600 CL46 중고,"8GB_25,199원/1GB_201,590"
96773492,킹스톤 DDR5-5600 CL46 코잇,"_32GB_29,335원/1GB_938,720|_16GB_27,798원/1GB_444,770"
16761047,킹스톤 FURY DDR5-5200 CL40 Beast,"16GB_26,625원/1GB_426,000"
104751425,킹스톤 FURY DDR5-5600 CL36 Beast 블랙 병행수입,"32GB_26,131원/1GB_836,190"
96773372,킹스톤 FURY DDR5-5600 CL36 Beast 블랙 코잇,"_32GB_25,470원/1GB_815,040|_16GB_27,746원/1GB_443,940"
96773399,킹스톤 FURY DDR5-5600 CL36 Beast 화이트 코잇,"_32GB_29,137원/1GB_932,390|_16GB_27,731원/1GB_443,690"
106223162,킹스톤 FURY DDR5-5600 CL40 Beast 블랙 병행수입,"16GB_21,841원/1GB_349,460"
106223180,킹스톤 FURY DDR5-5600 CL46 Beast 블랙 병행수입,"16GB_22,386원/1GB_358,170"
104595902,킹스톤 FURY DDR5-5600 CL46 병행수입,"32GB_21,587원/1GB_690,790"
96773279,킹스톤 FURY DDR5-6000 CL30 Beast RGB 블랙 패키지 코잇,"_64GB(32Gx2)_31,414원/1GB_2,010,510|_32GB(16Gx2)_31,250원/1GB_999,990"
96773315,킹스톤 FURY DDR5-6000 CL30 Beast RGB 화이트 패키지 코잇,"_64GB(32Gx2)_31,250원/1GB_1,999,990|_32GB(16Gx2)_31,247원/1GB_999,900"
103753163,킹스톤 FURY DDR5-6000 CL30 Beast 블랙 코잇,"16GB_30,764원/1GB_492,230"
103753172,킹스톤 FURY DDR5-6000 CL30 Beast 화이트 코잇,"16GB_30,875원/1GB_494,000"
3233702,킹스톤 노트북 DDR3-1600,"8GB_6,250원/1GB_50,000"
123981514,킹패스트 DDR4-3200,"16GB_8,938원/1GB_143,000"
4838666,타무즈 DDR3-1600 CL11,"_8GB_4,798원/1GB_38,380|_4GB_5,965원/1GB_23,860"
4525099,타무즈 DDR4-2133 CL15,"8GB_10,694원/1GB_85,550"
5093440,타무즈 DDR4-2400 CL17,"8GB_10,623원/1GB_84,980"
6018770,타무즈 DDR4-2666 CL19,"_16GB_9,874원/1GB_157,980|_8GB_10,661원/1GB_85,290|4GB_12,260원/1GB_49,040"
10450266,타무즈 DDR4-3200 CL16,"8GB_11,123원/1GB_88,980"
13137290,타무즈 DDR4-3200 CL22,"_32GB_11,875원/1GB_380,010|_16GB_9,956원/1GB_159,290|8GB_10,968원/1GB_87,740|4GB_12,715원/1GB_50,860"
99128864,타무즈 DDR5-5600 CL40 XMP,"16GB_21,563원/1GB_345,000"
31998278,타무즈 DDR5-5600 CL46,"_32GB_19,007원/1GB_608,210|_16GB_20,312원/1GB_324,990|8GB_28,850원/1GB_230,800"
96368429,타무즈 DDR5-5600 CL46 S5,"16GB_20,563원/1GB_329,000"
4545912,타무즈 노트북 DDR3-1333 CL9,"4GB_2,633원/1GB_10,530"
5215088,타무즈 노트북 DDR3L-1600 CL11 1.35V,"_8GB_5,123원/1GB_40,980|_4GB_6,483원/1GB_25,930"
4546081,타무즈 노트북 DDR4-2133 CL15,"8GB_10,623원/1GB_84,980"
5971453,타무즈 노트북 DDR4-2400 CL17,"8GB_10,578원/1GB_84,620"
7151392,타무즈 노트북 DDR4-2666 CL19,"_16GB_9,684원/1GB_154,940|_8GB_9,798원/1GB_78,380|4GB_12,395원/1GB_49,580"
10450275,타무즈 노트북 DDR4-3200 CL16,"8GB_10,194원/1GB_81,550"
13137365,타무즈 노트북 DDR4-3200 CL22,"32GB_12,187원/1GB_389,980|_16GB_9,799원/1GB_156,790|_8GB_9,995원/1GB_79,960|4GB_12,528원/1GB_50,110"
43488509,타무즈 노트북 DDR5-5600 CL46,"_32GB_21,552원/1GB_689,650|_16GB_22,391원/1GB_358,260"
12076634,트랜센드 DDR4-3200 CL22,"32GB_13,125원/1GB_420,000|_16GB_12,169원/1GB_194,700|_8GB_11,844원/1GB_94,750"
122627688,트랜센드 DDR5-5600 CL46 ECC/REG,"16GB_64,069원/1GB_1,025,110"
28469759,트랜센드 DDR5-5600 CL46 Jetram,"_16GB_20,726원/1GB_331,610|_8GB_23,885원/1GB_191,080"
93564836,트랜센드 DDR5-6400 CL52 CUDIMM,"64GB_가격비교예정|_32GB_26,628원/1GB_852,090|_16GB_24,446원/1GB_391,140"
2264343,트랜센드 노트북 DDR3-1600,"2GB_53,550"
12076664,트랜센드 노트북 DDR4-3200 CL22,"16GB_9,469원/1GB_151,500"
74056385,트랜센드 노트북 DDR5-5600 CL46,"_32GB_20,938원/1GB_670,000|_16GB_25,000원/1GB_400,000"
124238400,트랜센드 노트북 DDR5-6400 CL52 CSODIMM,"_64GB_가격비교예정|_16GB_25,000원/1GB_400,000"
