Id,Name,2026-10-01 14:10:15
17287469,ADATA LEGEND 710 M.2 NVMe,"_1TB_280원/1GB_279,980|512GB_316원/1GB_162,000|_256GB_426원/1GB_108,980"
79395908,ADATA LEGEND 710 M.2 NVMe 파인인포,"_1TB_280원/1GB_279,980|512GB_316원/1GB_162,000|_256GB_426원/1GB_108,980"
79401872,ADATA LEGEND 860 M.2 NVMe,"1TB_279원/1GB_278,980|_2TB_243원/1GB_485,000|_500GB_330원/1GB_165,000"
30008783,ADATA LEGEND 900 M.2 NVMe,"_2TB_321원/1GB_642,090|1TB_285원/1GB_285,000|_512GB_350원/1GB_179,000"
79402061,ADATA LEGEND 900 M.2 NVMe 파인인포,"2TB_263원/1GB_525,000|_1TB_285원/1GB_284,990|_512GB_349원/1GB_178,940"
20146151,ADATA LEGEND 960 M.2 NVMe,"_2TB_307원/1GB_614,960|_1TB_355원/1GB_355,000"
101016107,ADATA LEGEND 960 M.2 NVMe 파인인포,"_2TB_307원/1GB_614,990|_1TB_355원/1GB_355,000"
19953977,ADATA Ultimate SU650,"2TB_340원/1GB_680,000|_1TB_226원/1GB_226,000|_512GB_244원/1GB_125,000|256GB_309원/1GB_78,980"
102552779,ADATA Ultimate SU650 파인인포,"1TB_239원/1GB_238,980|_2TB_149원/1GB_297,920|512GB_244원/1GB_124,980|_256GB_309원/1GB_78,980"
6476453,ADATA Ultimate SU800,"_1TB_273원/1GB_272,910|_512GB_473원/1GB_242,250"
31950257,ADATA XPG GAMMIX S60 M.2 NVMe,"1TB_275원/1GB_274,980"
108354608,ADATA XPG GAMMIX S70 BLADE M.2 NVMe 파인인포,"2TB_272원/1GB_544,950|_1TB_349원/1GB_348,980|_512GB_426원/1GB_217,900"
107989082,ADATA XPG MARS 970 Plus M.2 NVMe,"_2TB_297원/1GB_594,980|_1TB_325원/1GB_324,980"
88133900,ADATA XPG MARS 980 BLADE M.2 NVMe,"_2TB_324원/1GB_647,030|_1TB_375원/1GB_375,000"
7175386,ADATA XPG SX6000 Lite M.2 NVMe,"256GB_366원/1GB_93,730"
102552977,ADATA XPG SX8200 Pro M.2 NVMe 파인인포,"512GB_378원/1GB_193,790"
122710455,AFOX ME250 M.2 NVMe,"_1TB_220원/1GB_219,980|_512GB_264원/1GB_134,980"
122679334,AGI AI238,"1TB_225원/1GB_225,000|_512GB_252원/1GB_129,000|_256GB_273원/1GB_70,000"
122679355,AGI AI238,"1TB_225원/1GB_225,000|_512GB_252원/1GB_129,000|_256GB_273원/1GB_70,000"
123763088,AGI AI238 해외구매,"1TB_281원/1GB_281,300"
122684865,AGI AI298 M.2 NVMe 서린,"_1TB_235원/1GB_235,000|_512GB_273원/1GB_140,000"
122684878,AGI AI298 M.2 NVMe 서린,"_1TB_235원/1GB_235,000|_512GB_273원/1GB_140,000"
95849339,AGI AI818 M.2 NVMe,"_2TB_260원/1GB_519,990|_1TB_285원/1GB_284,990"
123764697,AGI AI818 M.2 NVMe 서린,"1TB_259원/1GB_259,000"
122684963,AGI AI828 M.2 NVMe,"_1TB_339원/1GB_339,000|_512GB_342원/1GB_175,000"
95849606,AGI AI838 M.2 NVMe,"1TB_347원/1GB_347,450"
122680508,AGI AI858 M.2 NVMe,"1TB_389원/1GB_389,000"
122711229,Apacer AS2280F4L M.2 NVMe,"1TB_379원/1GB_379,000"
100329014,Apacer AS2280P4X M.2 NVMe,"_1TB_242원/1GB_242,000|_512GB_303원/1GB_155,000"
100328819,Apacer AS2280Q4X M.2 NVMe,"2TB_220원/1GB_439,000|_1TB_254원/1GB_254,000|_512GB_322원/1GB_165,000"
100382771,Apacer AS350X,"_1TB_225원/1GB_225,000|_512GB_252원/1GB_129,000|256GB_301원/1GB_77,000"
100329206,Apacer AST280X M.2 SATA,"512GB_248원/1GB_127,000"
18338426,BIOSTAR M760 M.2 NVMe,"256GB_314원/1GB_80,430"
122692214,BIWIN AP923P M.2 NVMe 벌크,"512GB_311원/1GB_159,000"
100270739,BIWIN Black Opal NV3500 M.2 NVMe,"2TB_202원/1GB_404,550|_1TB_223원/1GB_223,200|_512GB_252원/1GB_129,270"
124033753,BIWIN Black Opal NV7400 M.2 NVMe,"512GB_312원/1GB_159,990"
95424824,BIWIN Black Opal X570 M.2 NVMe,"_2TB_239원/1GB_478,950|4TB_263원/1GB_1,050,000|_1TB_314원/1GB_313,630"
95424731,BIWIN Black Opal X570 PRO M.2 NVMe,"_4TB_269원/1GB_1,074,150|_2TB_295원/1GB_590,550|1TB_355원/1GB_355,260"
95424440,BIWIN M100,"2TB_225원/1GB_450,240|1TB_219원/1GB_219,480|_512GB_209원/1GB_106,950|256GB_268원/1GB_68,500|_128GB_327원/1GB_41,850"
99943991,BIWIN M350 M.2 NVMe,"_2TB_193원/1GB_385,950|_1TB_255원/1GB_255,000"
122710192,BIWIN M560 M.2 NVMe,"_2TB_288원/1GB_576,500|_1TB_288원/1GB_288,200"
100270535,BIWIN NV7200 M.2 NVMe,"_2TB_226원/1GB_451,050|_1TB_246원/1GB_246,450"
99944090,BIWIN NV7200 M.2 NVMe 해외구매,"1TB_363원/1GB_363,360"
15583520,COLORFUL CN600 M.2 NVMe 디앤디컴,"_512GB_252원/1GB_129,000|_256GB_309원/1GB_79,000"
18363194,COLORFUL CN600 PRO M.2 NVMe 디앤디컴,"1TB_239원/1GB_239,000|_512GB_291원/1GB_149,000|_256GB_328원/1GB_84,000"
71427278,COLORFUL CN700 PRO M.2 NVMe 디앤디컴,"1TB_279원/1GB_279,000"
15591008,COLORFUL SL300 디앤디컴,"128GB_328원/1GB_42,000"
15585548,COLORFUL SL500 디앤디컴,"_512GB_203원/1GB_104,000|_256GB_230원/1GB_59,000"
106686926,CORSAIR MP700 ELITE M.2 NVMe,"1TB_360원/1GB_359,890"
30247553,CORSAIR MP700 PRO M.2 NVMe,"1TB_384원/1GB_383,500"
124237165,DELL 프리시전 2.5인치 HDD/SSD 어댑터 1B51FK700-600,"10,000"
69660332,ESSENCORE KLEVV CRAS C715 M.2 NVMe,"_1TB_285원/1GB_284,990|_512GB_247원/1GB_126,450|256GB_430원/1GB_109,990"
58849154,ESSENCORE KLEVV CRAS C910 M.2 NVMe,"_4TB_260원/1GB_1,039,510|2TB_274원/1GB_547,890|_1TB_324원/1GB_323,740|500GB_368원/1GB_184,000"
98242505,ESSENCORE KLEVV CRAS C910G M.2 NVMe,"4TB_238원/1GB_951,680|2TB_249원/1GB_498,900|_1TB_284원/1GB_283,770|_500GB_360원/1GB_179,990"
108420764,ESSENCORE KLEVV CRAS C910G M.2 NVMe 해외구매,"1TB_361원/1GB_361,060"
93074372,ESSENCORE KLEVV CRAS C925 M.2 NVMe,"1TB_299원/1GB_299,000"
94814699,ESSENCORE KLEVV CRAS C925G M.2 NVMe,"_1TB_299원/1GB_298,990|_2TB_252원/1GB_504,650"
20612159,ESSENCORE KLEVV CRAS C930 M.2 NVMe,"_2TB_300원/1GB_599,990|_1TB_380원/1GB_380,000"
103130264,ESSENCORE KLEVV NEO N410+,"_512GB_303원/1GB_154,990|_256GB_329원/1GB_84,180"
122718577,FASTRO MS150 M.2 NVMe,"512GB_270원/1GB_138,000"
77459732,FASTRO MS200 M.2 NVMe,"_2TB_210원/1GB_420,000|_1TB_260원/1GB_260,000"
122659116,Fanxiang S101,"_1TB_188원/1GB_187,760|_512GB_219원/1GB_112,300|256GB_254원/1GB_64,900|128GB_288원/1GB_36,920"
102124439,Fanxiang S500 Pro M.2 NVMe,"1TB_242원/1GB_242,000|_512GB_252원/1GB_129,200|_256GB_294원/1GB_75,190"
98782214,Fanxiang S500 Pro M.2 NVMe 중고,"2TB_150원/1GB_300,000"
124182410,Fanxiang S501 M.2 NVMe,"1TB_207원/1GB_206,510"
90888881,Fanxiang S501Q M.2 NVMe 해외구매,"_1TB_168원/1GB_168,360|_512GB_163원/1GB_83,520"
102125162,Fanxiang S690 M.2 NVMe,"_1TB_651원/1GB_650,990|_512GB_279원/1GB_143,000"
122623077,Fanxiang S880E M.2 NVMe 해외구매,"1TB_599원/1GB_598,970"
106726385,GIGABYTE AORUS Gen4 7000E M.2 NVMe 제이씨현,"1TB_306원/1GB_305,990"
79398290,GIGABYTE AORUS Gen4 7300 V2 M.2 NVMe 제이씨현,"1TB_375원/1GB_374,880"
31986581,GIGABYTE Gen3 2500E M.2 NVMe 피씨디렉트,"500GB_270원/1GB_134,900"
102005414,GIGABYTE Gen3 M.2 NVMe 제이씨현,"512GB_274원/1GB_140,090"
108408740,GIGABYTE Gen3 M.2 NVMe 피씨디렉트,"512GB_309원/1GB_158,000"
124129696,GIGABYTE Gen3 V2 M.2 NVMe 제이씨현,"256GB_313원/1GB_80,000"
75931958,GIGABYTE Gen4 4000E M.2 NVMe 제이씨현,"_1TB_284원/1GB_283,810|_500GB_286원/1GB_142,800"
98226905,GIGABYTE Gen4 4000E M.2 NVMe 피씨디렉트,"_1TB_270원/1GB_269,980|_500 GB_320원/1GB_159,990"
7261471,GIGABYTE SSD 제이씨현,"_1TB_233원/1GB_233,000|_480GB_280원/1GB_134,300|240GB_317원/1GB_76,000"
122724350,GUDGA GSM1500 M.2 NVMe,"256GB_371원/1GB_95,040"
122710002,GUDGA GVR M.2 NVMe,"256GB_333원/1GB_85,150"
124350393,GUDGA GVY M.2 NVMe,"256GB_340원/1GB_87,000"
103128803,GUDGA GXF M.2 NVMe,"512GB_330원/1GB_169,000"
33332441,HIKSEMI E100,"1TB_214원/1GB_213,910"
19807334,HIKSEMI E3000 M.2 NVMe,"1TB_234원/1GB_233,640"
67847015,HIKSEMI FUTURE Lite M.2 NVMe,"_1TB_278원/1GB_278,000|_512GB_416원/1GB_213,000"
28771175,HIKSEMI FUTURE M.2 NVMe,"_4TB_220원/1GB_878,440|_2TB_242원/1GB_483,100|1TB_282원/1GB_282,280|512GB_439원/1GB_224,990"
28772405,HIKSEMI WAVE,"_512GB_229원/1GB_117,010|256GB_283원/1GB_72,530|_128GB_306원/1GB_39,180"
122713468,HIKSEMI WAVE(P) M.2 NVMe,"_512GB_258원/1GB_131,920|_256GB_292원/1GB_74,650"
122681544,HIKSEMI WAVE(P) M.2 NVMe,"_512GB_258원/1GB_131,920|_256GB_292원/1GB_74,650"
19745036,HIKSEMI Wave Pro(P) M.2 NVMe,"1024GB_298원/1GB_305,000|_512GB_312원/1GB_159,900|_256GB_327원/1GB_83,770"
9332742,HP EX950 M.2 NVMe 해외구매,"2TB_179원/1GB_358,900"
3490144,ICY DOCK 듀얼 2.5 to 3.5 HDD/SSD 브라켓 (MB290SP-B),"7,940"
122632999,KingBank KP260 Plus M.2 NVMe 해외구매,"1TB_312원/1GB_311,660"
123963282,KingBank KP270 M.2 NVMe,"1TB_345원/1GB_344,620"
122633403,KingBank KP270 M.2 NVMe 해외구매,"1TB_332원/1GB_331,830"
6246418,KingDian S390,"_512GB_211원/1GB_107,930|256GB_260원/1GB_66,490|_128GB_287원/1GB_36,700"
124259280,Lexar NM1090 PRO M.2 NVMe,"4TB_가격비교예정|_2TB_369원/1GB_737,350|_1TB_가격비교예정"
18150428,Lexar NM620 M.2 NVMe,"_512GB_309원/1GB_158,300|_256GB_390원/1GB_99,770"
29888366,Lexar NM790 M.2 NVMe,"1TB_298원/1GB_298,040"
123993489,Lexar NQ790 M.2 NVMe,"_1TB_351원/1GB_351,000|_512GB_388원/1GB_194,000"
7162801,Lexar NS100,"_512GB_173원/1GB_88,770|_256GB_219원/1GB_56,030"
122616448,Lexar PLAY X M.2 2230 NVMe,"_1TB_346,490|_512GB_494원/1GB_252,690"
108407147,LinkMore XE-430 PRO M.2 2230 NVMe 해외구매,"1TB_448원/1GB_447,760"
122691130,Longsys FORESEE XP2300F M.2 NVMe 벌크,"256GB_250원/1GB_63,910"
93070175,MAXTEK MT569 M.2 SSD 연장 가이드,"1,800"
15725393,MG BX3510 하드보관함,"21,310"
77282546,MG BX3522 하드보관함,"54,890"
15725492,MG BX3826 하드보관함,"34,000"
78173954,MSI SPATIUM M450 V1 M.2 NVMe,"_1TB_254원/1GB_254,000|_500GB_330원/1GB_165,000"
123802280,MSI SPATIUM M452 M.2 NVMe,"500GB_338원/1GB_169,000"
20693099,MSI SPATIUM M461 M.2 NVMe,"1TB_379원/1GB_379,000"
32103443,MSI SPATIUM M480 PRO M.2 NVMe,"_2TB_319원/1GB_637,240|_1TB_399원/1GB_399,000"
28377929,MSI SPATIUM M480 PRO M.2 NVMe 해외구매,"4TB_381원/1GB_1,522,960|_2TB_446원/1GB_892,050|_1TB_397원/1GB_397,370"
93440663,MSI SPATIUM M560 M.2 NVMe,"1TB_359원/1GB_359,000"
4645937,ORICO 1125SS 변환 가이드,"13,290"
1759667,ORICO PHP-35 HDD보관함,"6,200"
1659778,ORICO PHX-35 하드 보호케이스,"5,500"
58119458,OWC U2 ShuttleOne M.2 NVMe to U.2 컨버터 서린,"59,000"
105181823,Oreton N7000 M.2 NVMe,"_4TB_361원/1GB_1,443,200|2TB_368원/1GB_735,900|_1TB_470원/1GB_469,700"
21648812,PATRIOT P220,"2TB_270원/1GB_540,500|_1TB_264원/1GB_264,000|512GB_303원/1GB_155,000|_256GB_322원/1GB_82,500|128GB_438원/1GB_56,000"
76509536,PATRIOT P220 QLC,"_2TB_270원/1GB_540,480|1TB_264원/1GB_263,980|512GB_303원/1GB_154,980|_256GB_322원/1GB_82,480|128GB_437원/1GB_55,980"
12826274,PATRIOT P300 M.2 NVMe,"2TB_253원/1GB_506,780|_1TB_284원/1GB_284,480|_512GB_307원/1GB_156,980|256GB_379원/1GB_96,980|128GB_621원/1GB_79,480"
76875305,PATRIOT P400 Lite M.2 NVMe,"_2TB_256원/1GB_511,980|_1TB_277원/1GB_276,980|500GB_322원/1GB_161,000"
106721555,PATRIOT P410 M.2 NVMe,"2TB_252원/1GB_504,980|_1TB_288원/1GB_287,980|_500GB_342원/1GB_170,980"
106721561,PATRIOT P410 M.2 NVMe,"2TB_252원/1GB_504,980|_1TB_288원/1GB_287,980|_500GB_342원/1GB_170,980"
106747226,PATRIOT P410 M.2 NVMe 해외구매,"1TB_346원/1GB_346,000"
106223282,PATRIOT VIPER VP4300 M.2 NVMe,"_2TB_296원/1GB_591,480|_1TB_372원/1GB_371,980"
106223264,PATRIOT VIPER VP4300 M.2 NVMe,"_2TB_296원/1GB_591,480|_1TB_372원/1GB_371,980"
124181381,PNY CS1031 Gen3 M.2 NVMe STCOM,1TB_가격비교예정
13137749,PNY CS1031 Gen3 M.2 NVMe 제이씨현,"1TB_235원/1GB_235,000|_500GB_308원/1GB_154,000|_256GB_309원/1GB_79,000"
71427395,PNY CS2241 M.2 NVMe 제이씨현,"_1TB_263원/1GB_262,640|_500GB_318원/1GB_159,000"
13865279,PNY CS900 제이씨현,"_1TB_219원/1GB_219,400|_500GB_232원/1GB_115,960|250GB_276원/1GB_69,000"
124183134,QSENN Q580 M.2 NVMe,"_1TB_235원/1GB_235,000|_512GB_262원/1GB_134,000|256GB_301원/1GB_77,000"
97838573,SK하이닉스 BC901 M.2 NVMe 벌크,"1TB_300원/1GB_299,980|_512GB_488원/1GB_250,010|_256GB_312원/1GB_79,990"
13161338,SK하이닉스 Gold P31 M.2 NVMe,"_2TB_430원/1GB_860,000|_1TB_399원/1GB_399,000|500GB_800원/1GB_400,000"
98085878,SK하이닉스 Gold P31 M.2 NVMe 중고,"2TB_288원/1GB_575,000|_1TB_320원/1GB_320,000|_500GB_368원/1GB_183,990"
28399616,SK하이닉스 PC801 M.2 NVMe 벌크,"_1TB_349원/1GB_348,990|_512GB_428원/1GB_219,000|256GB_348원/1GB_88,990"
98766941,SK하이닉스 PVC10 M.2 2242 NVMe 벌크,"_512GB_330원/1GB_169,000|_256GB_312원/1GB_79,990"
106737650,SK하이닉스 PVC10 M.2 NVMe 벌크,"_1TB_377원/1GB_376,920|_512GB_427원/1GB_218,500"
106737653,SK하이닉스 PVC10 M.2 NVMe 벌크,"_1TB_377원/1GB_376,920|_512GB_427원/1GB_218,500"
17001050,SK하이닉스 Platinum P41 M.2 NVMe,"_2TB_335원/1GB_669,990|_1TB_447원/1GB_446,530|500GB_698원/1GB_348,960"
62653445,SK하이닉스 Platinum P41 M.2 NVMe 병행수입,"_2TB_300원/1GB_599,990|_1TB_435원/1GB_434,990"
102754202,SK하이닉스 Platinum P41 M.2 NVMe 중고,"_1TB_319원/1GB_319,000|_2TB_295원/1GB_590,980|500GB_560원/1GB_280,000"
17398064,SK하이닉스 Platinum P41 M.2 NVMe 해외구매,"_2TB_309원/1GB_617,580|_1TB_480원/1GB_479,810|500GB_567원/1GB_283,310"
72823133,SK하이닉스 Platinum P51 M.2 NVMe,"_2TB_455원/1GB_910,000|_1TB_640원/1GB_640,000"
90116597,SK하이닉스 Silver S32,"_2TB_210원/1GB_420,000|1TB_274원/1GB_274,060|_500GB_378원/1GB_189,000"
10991451,STCOM STORM SSD,"480GB_219원/1GB_104,990"
104947865,Sabrent 4-Drive M.2 NVMe to PCIe 카드 해외구매 (EC-P4BF),"196,360"
123803362,Sandisk 320 SSD,"2TB_301원/1GB_602,630|_1TB_328원/1GB_327,990|_500GB_346원/1GB_173,000|250GB_475원/1GB_118,850"
123803276,Sandisk 520 SSD,"4TB_274원/1GB_1,097,000|2TB_320원/1GB_640,000|_1TB_342원/1GB_342,420|_500GB_362원/1GB_181,000"
31284551,Sandisk Extreme M.2 NVMe,"_2TB_332원/1GB_663,010|_1TB_362원/1GB_361,990|500GB_394원/1GB_196,990"
122669740,Sandisk Optimus 5100 M.2 NVMe,"4TB_271원/1GB_1,083,990|2TB_311원/1GB_622,990|_1TB_334원/1GB_333,990|_500GB_372원/1GB_185,880"
122669752,Sandisk Optimus 5100 M.2 NVMe,"4TB_271원/1GB_1,083,990|2TB_311원/1GB_622,990|_1TB_334원/1GB_333,990|_500GB_372원/1GB_185,880"
123764119,Sandisk Optimus 5100 M.2 NVMe 해외구매,"_2TB_341원/1GB_682,000|_1TB_302원/1GB_301,900|500GB_858원/1GB_428,990"
122669509,Sandisk Optimus GX 7100 M.2 NVMe,"4TB_387원/1GB_1,548,600|2TB_399원/1GB_797,400|_1TB_414원/1GB_413,930|_500GB_414원/1GB_207,000"
122669528,Sandisk Optimus GX 7100 M.2 NVMe,"4TB_387원/1GB_1,548,600|2TB_399원/1GB_797,400|_1TB_414원/1GB_413,930|_500GB_414원/1GB_207,000"
122676681,Sandisk Optimus GX 7100 M.2 NVMe 해외구매,"2TB_409원/1GB_818,480|_1TB_371원/1GB_371,100|_500GB_484원/1GB_241,800"
122669603,Sandisk Optimus GX 7100M M.2 2230 NVMe,"2TB_408원/1GB_815,730"
122683874,Sandisk Optimus GX 7100M M.2 2230 NVMe 해외구매,"_2TB_383원/1GB_765,810|_1TB_368원/1GB_368,115"
122668549,Sandisk Optimus GX PRO 8100 M.2 NVMe,"8TB_454원/1GB_3,628,440|_4TB_422원/1GB_1,689,990|2TB_468원/1GB_935,170|_1TB_499원/1GB_498,990"
106047668,Sandisk Optimus GX PRO 8100 M.2 NVMe 해외구매,"1TB_770원/1GB_769,600"
122669264,Sandisk Optimus GX PRO 8100 히트싱크 M.2 NVMe,"8TB_458원/1GB_3,660,200|_4TB_447원/1GB_1,786,530|2TB_487원/1GB_974,270|_1TB_543원/1GB_542,730"
122668913,Sandisk Optimus GX PRO 8100 히트싱크 M.2 NVMe,"8TB_458원/1GB_3,660,200|_4TB_447원/1GB_1,786,530|2TB_487원/1GB_974,270|_1TB_543원/1GB_542,730"
122667989,Sandisk Optimus GX PRO 850X M.2 NVMe,"8TB_410원/1GB_3,282,520|4TB_415원/1GB_1,658,180|_2TB_440원/1GB_879,680|_1TB_443원/1GB_442,990"
122668205,Sandisk Optimus GX PRO 850X 히트싱크 M.2 NVMe,"8TB_427원/1GB_3,417,190|_4TB_427원/1GB_1,708,220|_2TB_463원/1GB_925,980|1TB_494원/1GB_493,970"
122668191,Sandisk Optimus GX PRO 850X 히트싱크 M.2 NVMe,"8TB_427원/1GB_3,417,190|_4TB_427원/1GB_1,708,220|_2TB_463원/1GB_925,980|1TB_494원/1GB_493,970"
7981891,Sandisk SSD PLUS,"_1TB_259원/1GB_259,430|_240GB_441원/1GB_105,890"
31284125,Sandisk SSD PLUS M.2 NVMe,"2TB_321원/1GB_641,060|_1TB_275원/1GB_274,530|_500GB_264원/1GB_131,790|250GB_446원/1GB_111,470"
5391601,Sandisk Ultra 3D,"4TB_254원/1GB_1,016,120|2TB_344원/1GB_687,060|_1TB_281원/1GB_280,970|_500GB_353원/1GB_176,410|250GB_564원/1GB_141,000"
6645946,Sandisk X600 M.2 SATA 중고,"_256GB_238원/1GB_61,000|_128GB_188원/1GB_24,000"
17947601,Seagate Game Drive for PS5 M.2 NVMe,"_2TB_279원/1GB_557,070|_1TB_371원/1GB_371,070"
39104681,Seagate 바라쿠다 PCIe M.2 NVMe,"_1TB_303원/1GB_303,030|_500GB_398원/1GB_198,990"
14742761,Seagate 바라쿠다 Q5 M.2 NVMe 해외구매,"500GB_207원/1GB_103,400"
102760415,Seagate 파이어쿠다 530 M.2 NVMe 중고,"2TB_165원/1GB_330,000"
61436369,Seagate 파이어쿠다 530R M.2 NVMe,"_4TB_321원/1GB_1,284,900|_2TB_296원/1GB_592,800"
61436648,Seagate 파이어쿠다 530R 히트싱크 M.2 NVMe,"_2TB_307원/1GB_614,630|_4TB_304원/1GB_1,214,990"
20687681,Seagate 파이어쿠다 540 M.2 NVMe,"2TB_328원/1GB_656,400"
108392288,Seagate 파이어쿠다 X1070 M.2 NVMe,"4TB_442원/1GB_1,766,070|_2TB_439원/1GB_878,850|_1TB_299원/1GB_299,000"
108419903,Seagate 파이어쿠다 X1070 M.2 NVMe 해외구매,"1TB_472원/1GB_471,500"
15863327,SilverStone SDP08-E SSD 가이드 STCOM,"10,360"
100619522,SilverStone SST-ECM40,"144,000"
108391418,SilverStone SST-ECS07 해외구매,"108,560"
18479918,Synology SNV3410 M.2 NVMe,"400GB_1,813원/1GB_725,000"
97225262,TWSC CUSU C300,"2TB_177원/1GB_354,990|1TB_198원/1GB_198,000|_512GB_246원/1GB_125,740|_256GB_264원/1GB_67,500"
96582080,TWSC CUSU CV3500 M.2 NVMe,"_2TB_225원/1GB_449,990|_256GB_359원/1GB_92,030"
99711347,TWSC CUSU CV3500Q M.2 NVMe,"2TB_204원/1GB_408,250|_1TB_259원/1GB_259,460|_512GB_181원/1GB_92,720"
99126695,TWSC CUSU CV5000 M.2 NVMe,"2TB_220원/1GB_440,450|_1TB_300원/1GB_299,990|_512GB_350원/1GB_179,000"
9282297,TeamGroup GX1,"240GB_287원/1GB_68,830"
9282597,TeamGroup GX2,"_1TB_239원/1GB_239,000|_512GB_266원/1GB_136,000|256GB_344원/1GB_88,000|128GB_461원/1GB_59,000"
104325023,TeamGroup MP33 M.2 NVMe 서린,"_1TB_259원/1GB_259,000|_512GB_313원/1GB_160,000"
104325029,TeamGroup MP33 M.2 NVMe 서린,"_1TB_259원/1GB_259,000|_512GB_313원/1GB_160,000"
18983501,TeamGroup MP44L M.2 NVMe 서린,"_1TB_299원/1GB_299,000|_500GB_391원/1GB_195,440"
7911922,TeamGroup MS30 M.2 SATA,"_512GB_305원/1GB_156,000|_256GB_445원/1GB_114,000"
7922116,TeamGroup MS30 M.2 SATA 해외구매,"1TB_175원/1GB_175,360"
122682624,TeamGroup T-Force GA PRO for DARK AirFlow M.2 NVMe,"1TB_399원/1GB_399,000"
122692240,Union Memory AM6A0 M.2 NVMe 벌크,"512GB_311원/1GB_159,000"
74118173,Western Digital WD BLACK SN7100 M.2 NVMe,"_4TB_252원/1GB_1,008,810|_2TB_252원/1GB_504,500|1TB_334원/1GB_333,990|500GB_690원/1GB_344,990"
7395145,Western Digital WD BLACK SN750 M.2 NVMe,"500GB_620원/1GB_310,000"
16587578,Western Digital WD BLACK SN770 M.2 NVMe,"250GB_720원/1GB_180,000"
29868374,Western Digital WD BLACK SN770M M.2 2230 NVMe,"_2TB_495원/1GB_990,000|_1TB_590원/1GB_590,000|500GB_760원/1GB_380,000"
92186342,Western Digital WD BLACK SN8100 M.2 NVMe,"8TB_416원/1GB_3,327,880|4TB_454원/1GB_1,815,000|_2TB_400원/1GB_799,580|_1TB_426원/1GB_425,770"
12660173,Western Digital WD BLACK SN850 M.2 NVMe,"1TB_372원/1GB_372,000"
13847210,Western Digital WD BLACK SN850 히트싱크 M.2 NVMe,"2TB_295원/1GB_590,000"
16729436,Western Digital WD BLACK SN850 히트싱크 M.2 NVMe 해외구매,"_2TB_280원/1GB_559,000|_1TB_490원/1GB_490,000|500GB_638원/1GB_319,000"
21429272,Western Digital WD BLACK SN850P 히트싱크 for PS5 M.2 NVMe,"_2TB_448원/1GB_896,000|_1TB_551원/1GB_551,000"
64465940,Western Digital WD BLACK SN850P 히트싱크 for PS5 M.2 NVMe 해외구매,"_8TB_237원/1GB_1,895,000|4TB_415원/1GB_1,659,840|_2TB_362원/1GB_723,840|1TB_549원/1GB_549,310"
17788487,Western Digital WD BLACK SN850X M.2 NVMe,"8TB_372원/1GB_2,978,400|4TB_386원/1GB_1,543,800|_2TB_309원/1GB_618,440|_1TB_384원/1GB_384,480"
17819666,Western Digital WD BLACK SN850X M.2 NVMe 해외구매,"_4TB_250원/1GB_1,001,310|8TB_331원/1GB_2,648,640|2TB_323원/1GB_646,400|_1TB_348원/1GB_348,270"
17790251,Western Digital WD BLACK SN850X 히트싱크 M.2 NVMe,"4TB_375원/1GB_1,499,330|8TB_374원/1GB_2,990,000|_2TB_308원/1GB_615,000|_1TB_395원/1GB_394,550"
68364578,Western Digital WD BLACK SN850X 히트싱크 M.2 NVMe 해외구매,"4TB_340원/1GB_1,358,400|_8TB_312원/1GB_2,495,040|_2TB_334원/1GB_668,990|1TB_458원/1GB_457,990"
6078367,Western Digital WD Blue 3D M.2 SATA,"1TB_490원/1GB_490,000"
5579658,Western Digital WD Blue 3D SSD,"4TB_325원/1GB_1,300,000|_1TB_440원/1GB_440,000|_250GB_720원/1GB_180,000"
106693739,Western Digital WD Blue 3D SSD 중고,"2TB_143원/1GB_286,380|_4TB_123원/1GB_490,000|1TB_320원/1GB_320,000|_500GB_170원/1GB_85,000|250GB_252원/1GB_62,990"
17142170,Western Digital WD Blue SA510,"4TB_252원/1GB_1,006,730|2TB_410원/1GB_820,340|_1TB_279원/1GB_278,990|_500GB_338원/1GB_168,990|250GB_859원/1GB_214,730"
17143130,Western Digital WD Blue SA510 M.2 SATA,"2TB_194원/1GB_387,500|_1TB_275원/1GB_275,330|_500GB_408원/1GB_204,000|250GB_752원/1GB_188,000"
61421927,Western Digital WD Blue SA510 해외구매,"_4TB_36원/1GB_145,260|_2TB_94원/1GB_187,440|1TB_187원/1GB_187,440|500GB_561원/1GB_280,410"
62176211,Western Digital WD Blue SN5000 M.2 NVMe,"_4TB_215원/1GB_858,190|2TB_273원/1GB_545,000|_1TB_293원/1GB_292,640|500GB_467원/1GB_233,620"
96853946,Western Digital WD Blue SN5100 M.2 NVMe,"_4TB_220원/1GB_879,000|2TB_222원/1GB_444,490|_1TB_298원/1GB_297,920|500GB_424원/1GB_211,990"
106767344,Western Digital WD Blue SN5100 M.2 NVMe 병행수입,"500GB_392원/1GB_195,920"
96854129,Western Digital WD Blue SN5100 M.2 NVMe 해외구매,"4TB_214원/1GB_854,950|2TB_240원/1GB_479,040|_1TB_206원/1GB_205,900|_500GB_388원/1GB_193,800"
10120467,Western Digital WD Blue SN550 M.2 NVMe,"2TB_300원/1GB_600,000|_1TB_300원/1GB_299,900|_250GB_520원/1GB_130,000"
6627592,Western Digital WD GREEN M.2 SATA,"480GB_708원/1GB_340,000"
7277257,Western Digital WD GREEN SSD,"2TB_224원/1GB_448,890|_1TB_270원/1GB_269,810|500GB_286원/1GB_143,130|480GB_386원/1GB_185,490|250GB_570원/1GB_142,540|_240GB_3,031원/1GB_727,440"
101186033,Western Digital WD Green SN3000 M.2 NVMe,"_2TB_191원/1GB_381,040|_1TB_257원/1GB_256,990"
15712613,Western Digital WD Green SN350 M.2 NVMe,"2TB_263원/1GB_526,880|_1TB_253원/1GB_252,980|500GB_356원/1GB_178,000|_250GB_476원/1GB_118,990"
9891306,Western Digital WD RED SA500 SSD,"_2TB_500원/1GB_1,000,000|_1TB_500원/1GB_500,000|500GB_580원/1GB_290,000"
79000271,Western Digital WD RED SN700 M.2 NVMe,"_4TB_220원/1GB_881,270|_2TB_272원/1GB_544,040|1TB_410원/1GB_409,990"
97408457,Western Digital WD SN5000S M.2 NVMe 벌크,"_1TB_287원/1GB_293,990|_512GB_322원/1GB_165,000"
122687478,YMTC ZHITAI  TiPlus7100s M.2 NVMe,"4TB_232원/1GB_929,070|_2TB_241원/1GB_482,670|_1TB_269원/1GB_268,770"
122687590,YMTC ZHITAI TiPlus9100 M.2 NVMe,"4TB_256원/1GB_1,022,070|_2TB_246원/1GB_491,970|_1TB_297원/1GB_296,670"
122687631,YMTC ZHITAI TiPro9000 M.2 NVMe,"4TB_286원/1GB_1,142,970|_2TB_302원/1GB_603,570|_1TB_362원/1GB_361,770"
122687622,YMTC ZHITAI TiPro9000 M.2 NVMe,"4TB_286원/1GB_1,142,970|_2TB_302원/1GB_603,570|_1TB_362원/1GB_361,770"
122713426,YMTC ZHITAI XIAOYI S001,"_2TB_240원/1GB_480,000|_1TB_280원/1GB_280,000"
3546574,강원전자 I-NC10K 다용도 알루미늄 하드디스크 보관함,"41,000"
3328332,강원전자 NETmate Mini SATA SSD 하이브리드 디스크 PCI Express 카드 (NM-SSP1),"5,670"
2638370,강원전자 ineo I-NC10 알루미늄 하드디스크 보관함,"3.5 10Bay_62,320"
2638398,강원전자 ineo I-NC23 알루미늄 하드디스크 보관함,"2.5 3Bay + 3.5 6Bay_47,190"
35225171,강원전자 넷메이트 M.2 NVMe to PCIe 카드 (NM-SRBM2),"8,190"
35235179,강원전자 넷메이트 M.2 NVMe to PCIe 카드 (NM-SRM2),"5,800"
10085043,디오테라 ROIPLE DOVE SSD,"1TB_257원/1GB_256,960|_512GB_271원/1GB_138,830|_256GB_238원/1GB_60,990|128GB_332원/1GB_42,480"
122640999,디오테라 ROIPLE QRAY M.2 NVMe,"512GB_325원/1GB_166,210"
11355939,디오테라 ROIPLE Ray M.2 NVMe,"_1TB_277원/1GB_276,910|512GB_285원/1GB_145,690|_256GB_370원/1GB_94,690"
6377421,디오테라 VIVA 300S LITE M.2 SATA,"_1TB_208원/1GB_208,060|_512GB_281원/1GB_143,690|256GB_340원/1GB_86,930|128GB_461원/1GB_59,000"
4860510,디지탈그리고나 e-STAR Elite S91,"128GB_247원/1GB_31,610"
1649125,라이트컴 COMS 3.5인치 HDD 케이스,"2,120"
8776322,라이트컴 COMS 3.5형 HDD 케이스 (BB187),"4,850"
39089555,라이트컴 COMS 3.5형 HDD 케이스 (KS834),"6,160"
79551269,라이트컴 COMS BF469 mSATA + M.2 to SATA3 컨버터,"6,070"
3969559,라이트컴 COMS Dual M.2 to SATA kit (KS975),"9,110"
13539221,라이트컴 COMS IF330 M.2 NVMe to PCIe 컨버터,"6,500"
13549283,라이트컴 COMS IF332 M.2 NVMe to PCIe 컨버터,"20,200"
13076513,라이트컴 COMS IF570 M.2 NVMe to PCIe 어댑터,"9,030"
13187813,라이트컴 COMS IF796 M.2 NVMe to PCIe 컨버터,"6,460"
95525567,라이트컴 COMS IH081 M.2 to PCIe 컨버터,"6,040"
58665764,라이트컴 COMS IH732 mSATA/M.2 to SATA 어댑터,"12,000"
93319112,라이트컴 COMS IH794 2230 to 2280 컨버터,"5,610"
13710416,라이트컴 COMS KS164 TF to SATA 변환 컨버터,"22,500"
13392050,라이트컴 COMS KS166 M.2 to SATA3 컨버터,"5,210"
14128196,라이트컴 COMS KS167 M.2 to SATA 컨버터,"5,210"
98768900,라이트컴 COMS KS467 USB 3.0 컨버터,"10,630"
28402889,라이트컴 COMS KS810 하드 보관함,"84,300"
14711621,라이트컴 COMS KS977 2.5 to 3.5 듀얼 가이드,"4,000"
3941730,라이트컴 COMS KS984 HDD 케이스,"4,750"
4318522,라이트컴 COMS KS985 알루미늄 하드 보관함,"45,200"
8042194,라이트컴 COMS M.2 SSD to PCIe 변환 어댑터 (ND536),"8,360"
8042731,라이트컴 COMS M.2 SSD to PCIe 변환 어댑터 (ND562),"11,150"
4739485,라이트컴 COMS M.2 to PCIe 컨버터 (KS509),"11,420"
3969575,라이트컴 COMS M.2 to SATA kit (KS966),"7,850"
4739397,라이트컴 COMS M.2 to SATA 컨버터 (HB680),"11,100"
4672752,라이트컴 COMS M.2 to SATA 컨버터 (KS514),"11,550"
3948200,라이트컴 COMS M.2 to SATA 컨버터 (KS965),"9,750"
8787626,라이트컴 COMS M.2 to SATA 컨버터 (ND540),"14,900"
3611982,라이트컴 COMS M.2 to SATA 케이스형 컨버터 (ITB748),"12,240"
3612004,라이트컴 COMS M.2 to SATA 케이스형 컨버터 (ITB749),"10,800"
4198561,라이트컴 COMS Macbook Air SSD to M.2 컨버터 (IB399),"10,950"
3912489,라이트컴 COMS Macbook Air SSD to SATA 변환 카드 (ITB171),"12,240"
3558656,라이트컴 COMS Macbook Air SSD to SATA 컨버터 (ITB756),"11,440"
3436960,라이트컴 COMS SATA 컨버터 (BS764),"9,440"
12353690,라이트컴 COMS SW077 M.2 SSD to PCIe 변환 어댑터,"5,100"
13939745,라이트컴 COMS SW078 M.2 to PCIe 컨버터,"9,290"
12354065,라이트컴 COMS SW229 M.2 SSD to PCIe 변환 어댑터,"8,400"
14127800,라이트컴 COMS SW230 U.2 to PCIe 변환 어댑터,"29,500"
28515230,라이트컴 COMS SW522 M.2 SSD to PCIe 변환 어댑터,"6,050"
19729874,라이트컴 COMS SW571 M.2 NVMe to PCIe 컨버터,"4,980"
40721150,라이트컴 COMS TB724 M.2 NVMe to PCIe 컨버터,"7,210"
97848167,라이트컴 COMS Type A/C to SATA 컨버터 (FW627),"10,440"
5795579,라이트컴 COMS USB 3.0 Type C to SATA3 컨버터 (DM445),"11,140"
3269758,라이트컴 COMS mSATA to 2.5 SATA 컨버터 (BE574),"13,990"
4197736,라이트컴 COMS mSATA to Macbook 2012 SSD 컨버터 (IB397),"6,900"
4739353,라이트컴 COMS mSATA to SATA 컨버터 (HB679),"10,660"
3448090,라이트컴 COMS mSATA to SATA 컨버터 (ITA518),"25,000"
3501709,라이트컴 COMS mSATA to SATA 컨버터 1/2 사이즈 (IT713),"11,150"
3969281,라이트컴 COMS mSATA to SATA 컨버터 2포트 (KS972),"8,470"
3600031,라이트컴 COMS mSATA to SATA 케이스형 컨버터 (ITB747),"12,350"
8789678,라이트컴 COMS mSATA/M.2 to SATA 컨버터 (BT467),"22,250"
16800110,라인업시스템 LANSTAR LS-PCIE-RAID 2.5 SATA 2포트 to PCIe 카드,"59,950"
29809250,라인업시스템 LANSTAR M.2 NVMe to PCIe 카드 (LS-PCIE-M2SSD),"5,030"
11799478,라인업시스템 LANSTAR M.2 SSD to PCIe 카드 (LS-PCIE-M2SATAN),"7,600"
9727089,라인업시스템 LANSTAR USB3.0 to SATA 컨버터 (LS-USB3.0-SATA),"8,930"
5615337,라인업시스템 LANSTAR mSATA to PCIe 카드 (LS-PCIE-MSATA),"4,370"
14623025,래안텍 R4MTP M.2 to PCIe 컨버터,"33,000"
12573560,리버네트워크 NEXI NX-U30SC USB 3.0 to SATA3 컨버터,"15,290"
15880709,리버네트워크 NEXI NX1246 M.2 NVMe to PCIe 확장 카드,"3,570"
15880778,리버네트워크 NEXI NX1247 M.2 NVMe to PCIe 확장 카드,"5,650"
5840929,리버네트워크 NEXI USB 3.0 to IDE+SATA3 컨버터 (NX-U3TIS),"21,490"
16899878,마이크로닉스 WARP B2,"_256GB_242원/1GB_61,880|_512GB_202원/1GB_103,300|128GB_291원/1GB_37,280"
123742468,마이크론 1300 SSD 중고,"1TB_144원/1GB_144,000"
100844144,마이크론 2500 M.2 NVMe 벌크,"_1TB_291원/1GB_297,590|_512GB_303원/1GB_154,990"
124259590,마이크론 2650 M.2 NVMe 벌크,"_512GB_302원/1GB_154,660|_256GB_441원/1GB_112,990"
92966705,마이크론 3500 M.2 NVMe 벌크,"512GB_451원/1GB_230,990"
6429569,마이크론 Crucial BX500 대원씨티에스,"_1TB_441원/1GB_441,000|_240GB_363원/1GB_87,070"
11056662,마이크론 Crucial BX500 아스크텍,"_2TB_230원/1GB_460,000|_1TB_333원/1GB_332,890|500GB_470원/1GB_234,990|240GB_979원/1GB_235,000"
96366248,마이크론 Crucial E100 M.2 NVMe 대원씨티에스,"_2TB_196원/1GB_391,520|_1TB_290원/1GB_289,980|480GB_415원/1GB_199,000"
124180364,마이크론 Crucial E100 M.2 NVMe 병행수입,"1TB_259원/1GB_259,190"
96423518,마이크론 Crucial E100 M.2 NVMe 아스크텍,"_2TB_205원/1GB_410,990|_1TB_278원/1GB_278,490"
103335146,마이크론 Crucial MX300 중고,"525GB_160원/1GB_84,000"
99290324,마이크론 Crucial MX500 중고,"4TB_149원/1GB_595,000|2TB_150원/1GB_299,000|_1TB_267원/1GB_267,240|_500GB_188원/1GB_93,780|250GB_200원/1GB_49,970"
106036157,마이크론 Crucial P3 Plus M.2 NVMe 중고,"_1TB_295원/1GB_295,000|_4TB_184원/1GB_734,000"
67852961,마이크론 Crucial P310 M.2 NVMe 대원씨티에스,"_1TB_297원/1GB_296,730|_500GB_446원/1GB_223,200"
67852853,마이크론 Crucial P310 M.2 NVMe 아스크텍,"4TB_224원/1GB_895,960|2TB_331원/1GB_662,730|_1TB_289원/1GB_289,000|_500GB_476원/1GB_237,880"
15056408,마이크론 Crucial P5 Plus M.2 NVMe 해외구매,"2TB_390원/1GB_779,890"
91494878,마이크론 Crucial P510 M.2 NVMe 대원씨티에스,"2TB_259원/1GB_517,000"
91039226,마이크론 Crucial P510 M.2 NVMe 아스크텍,"_2TB_305원/1GB_610,000|_1TB_322원/1GB_321,600"
29666195,마이크론 Crucial T500 M.2 NVMe 대원씨티에스,"_2TB_316원/1GB_632,430|_1TB_400원/1GB_399,850|500GB_607원/1GB_303,610"
29655656,마이크론 Crucial T500 M.2 NVMe 아스크텍,"4TB_229원/1GB_917,040|_2TB_318원/1GB_635,400|_1TB_407원/1GB_406,600|500GB_635원/1GB_317,700"
98184182,마이크론 Crucial T500 M.2 NVMe 중고,"2TB_280원/1GB_560,000|_1TB_313원/1GB_313,000|_500GB_360원/1GB_180,000"
93442589,마이크론 Crucial T710 M.2 NVMe 아스크텍,"1TB_633원/1GB_632,640"
65357183,비즈텍 TREAVE VN200 M.2 NVMe,"_1TB_236원/1GB_235,930|_512GB_248원/1GB_126,920"
103481201,비즈텍 TREAVE VN200Q M.2 NVMe,"_1TB_208원/1GB_207,560|512GB_232원/1GB_118,920|_256GB_281원/1GB_72,020"
72912572,비즈텍 TREAVE VN250D M.2 NVMe,"1TB_215원/1GB_214,980"
65357129,비즈텍 TREAVE VN300 M.2 NVMe,"_1TB_230원/1GB_230,250|_512GB_291원/1GB_148,890"
65356601,비즈텍 TREAVE VS200,"_1TB_189원/1GB_188,990|_512GB_203원/1GB_104,010|256GB_222원/1GB_56,760|128GB_286원/1GB_36,560"
18332612,비트엠 Newsync BITS,"1TB_209원/1GB_208,760|_512GB_227원/1GB_116,270|_256GB_263원/1GB_67,450|128GB_326원/1GB_41,780"
18332876,비트엠 Newsync BITS M.2 NVMe,"1TB_241원/1GB_240,800|_512GB_267원/1GB_136,890|_256GB_317원/1GB_81,260"
18962249,삼성전자 750 EVO 중고,"_500GB_280원/1GB_140,000|250GB_272원/1GB_68,000|_120GB_154원/1GB_18,500"
18919073,삼성전자 850 EVO Series 중고,"_2TB_139원/1GB_277,000|1TB_171원/1GB_171,000|500GB_220원/1GB_110,000|250GB_232원/1GB_57,990|_120GB_192원/1GB_23,000"
103414364,삼성전자 850 PRO 중고,"2TB_150원/1GB_300,000|_1TB_180원/1GB_180,000|_512GB_254원/1GB_130,000|256GB_234원/1GB_60,000|128GB_281원/1GB_36,000"
5834333,삼성전자 860 EVO M.2 SATA,"_1TB_492원/1GB_492,000|_250GB_920원/1GB_230,000"
102881504,삼성전자 860 EVO 중고,"_2TB_138원/1GB_276,000|_1TB_200원/1GB_199,990|500GB_220원/1GB_109,880|250GB_172원/1GB_42,900"
5834144,삼성전자 860 PRO,"2TB_945원/1GB_1,890,000|_1TB_985원/1GB_984,550|_512GB_1,724원/1GB_882,930|256GB_3,054원/1GB_781,920"
103599887,삼성전자 860 PRO 중고,"_1TB_210원/1GB_209,990|512GB_244원/1GB_124,990|_256GB_244원/1GB_62,490"
13190573,삼성전자 870 EVO,"8TB_552원/1GB_4,414,170|_4TB_497원/1GB_1,989,590|2TB_514원/1GB_1,028,030|_1TB_410원/1GB_409,670|500GB_592원/1GB_295,920|"
13312010,삼성전자 870 EVO 병행수입,"8TB_437원/1GB_3,494,690|4TB_470원/1GB_1,878,910|_2TB_489원/1GB_978,250|1TB_421원/1GB_421,250|_500GB_586원/1GB_293,130|"
98590820,삼성전자 870 EVO 중고,"_4TB_213원/1GB_850,000|2TB_314원/1GB_628,000|1TB_420원/1GB_420,000|_500GB_360원/1GB_180,000|250GB_352원/1GB_88,000"
11711015,삼성전자 870 QVO,"_8TB_348원/1GB_2,784,990|4TB_471원/1GB_1,885,000|_2TB_466원/1GB_931,910|1TB_394원/1GB_394,430"
13057169,삼성전자 870 QVO 병행수입,"_8TB_325원/1GB_2,598,990|4TB_469원/1GB_1,875,000|2TB_469원/1GB_937,000|_1TB_500원/1GB_500,000"
106758191,삼성전자 870 QVO 중고,"_8TB_110원/1GB_880,000|4TB_349원/1GB_1,397,000|2TB_214원/1GB_427,000|_1TB_200원/1GB_200,000"
78716702,삼성전자 9100 PRO M.2 NVMe,"8TB_454원/1GB_3,629,790|_4TB_411원/1GB_1,644,970|2TB_465원/1GB_929,540|_1TB_432원/1GB_431,860"
103600319,삼성전자 9100 PRO M.2 NVMe 병행수입,"4TB_409원/1GB_1,635,000|8TB_465원/1GB_3,720,000|_2TB_415원/1GB_830,210|_1TB_415원/1GB_415,360"
78615518,삼성전자 9100 PRO M.2 NVMe 해외구매,"4TB_377원/1GB_1,506,990|_2TB_280원/1GB_559,800|_1TB_426원/1GB_425,970"
78716753,삼성전자 9100 PRO 히트싱크 M.2 NVMe,"4TB_497원/1GB_1,989,990|8TB_461원/1GB_3,689,000|_2TB_463원/1GB_926,780|_1TB_451원/1GB_451,470"
6095784,삼성전자 970 EVO M.2 NVMe,"1TB_1,250원/1GB_1,250,000|_500GB_980원/1GB_490,000|_250GB_680원/1GB_170,000"
18830207,삼성전자 970 EVO M.2 NVMe 중고,"_1TB_249원/1GB_249,000|_500GB_232원/1GB_116,000|250GB_276원/1GB_69,000"
8034664,삼성전자 970 EVO Plus M.2 NVMe,"_2TB_293원/1GB_585,000|_1TB_410원/1GB_409,990|250GB_640원/1GB_160,000"
7238551,삼성전자 970 EVO Plus M.2 NVMe 병행수입,"2TB_269원/1GB_537,600|_1TB_410원/1GB_410,000|_250GB_480원/1GB_120,000"
102760397,삼성전자 970 EVO Plus M.2 NVMe 중고,"2TB_204원/1GB_408,000|_1TB_256원/1GB_256,000|_500GB_252원/1GB_126,000|250GB_290원/1GB_72,500"
6096738,삼성전자 970 PRO M.2 NVMe,"_1TB_570원/1GB_570,000|_512GB_684원/1GB_350,000"
103177244,삼성전자 970 PRO M.2 NVMe 중고,"512GB_293원/1GB_150,000"
13562693,삼성전자 980 M.2 NVMe,"_1TB_509원/1GB_508,980|_500GB_578원/1GB_289,000|250GB_1,020원/1GB_254,990"
27523259,삼성전자 980 M.2 NVMe 벌크,"_1TB_468원/1GB_467,990|_500GB_380원/1GB_189,900"
99745277,삼성전자 980 M.2 NVMe 중고,"_1TB_259원/1GB_258,900|_500GB_329원/1GB_164,560|250GB_468원/1GB_116,990"
12339347,삼성전자 980 PRO M.2 NVMe,"2TB_364원/1GB_727,000|_1TB_488원/1GB_488,000|_500GB_686원/1GB_343,000|250GB_1,160원/1GB_290,000"
102001181,삼성전자 980 PRO M.2 NVMe 중고,"_2TB_195원/1GB_390,000|1TB_279원/1GB_279,000|_500GB_325원/1GB_162,490"
69869573,삼성전자 990 EVO Plus M.2 NVMe,"4TB_256원/1GB_1,022,520|_2TB_258원/1GB_515,770|_1TB_327원/1GB_327,490"
76339598,삼성전자 990 EVO Plus M.2 NVMe 병행수입,"4TB_420원/1GB_1,678,930|_2TB_236원/1GB_472,480|_1TB_322원/1GB_322,000"
98782082,삼성전자 990 EVO Plus M.2 NVMe 중고,"1TB_318원/1GB_318,000"
71062307,삼성전자 990 EVO Plus M.2 NVMe 해외구매,"4TB_268원/1GB_1,070,990|_2TB_283원/1GB_565,440|_1TB_367원/1GB_367,200"
123606360,삼성전자 990 M.2 NVMe,"_2TB_393원/1GB_785,590|_1TB_318원/1GB_317,690"
124182969,삼성전자 990 M.2 NVMe 중고,"1TB_324원/1GB_324,000"
18297002,삼성전자 990 PRO M.2 NVMe,"4TB_361원/1GB_1,442,890|_2TB_327원/1GB_653,490|_1TB_394원/1GB_393,960"
18518834,삼성전자 990 PRO M.2 NVMe 병행수입,"4TB_277원/1GB_1,106,450|_2TB_282원/1GB_563,540|_1TB_362원/1GB_361,900"
18429662,삼성전자 990 PRO M.2 NVMe 해외구매,"4TB_372원/1GB_1,489,990|_2TB_291원/1GB_582,450|_1TB_409원/1GB_408,990"
20600147,삼성전자 990 PRO 히트싱크 M.2 NVMe,"4TB_430원/1GB_1,719,950|_2TB_388원/1GB_776,920|_1TB_400원/1GB_399,600"
122701897,삼성전자 BM9C1 M.2 2230 NVMe 벌크,"512GB_467원/1GB_239,000"
106712972,삼성전자 BM9C1 M.2 NVMe 벌크,"1TB_259원/1GB_259,070"
122701937,삼성전자 BM9H1 M.2 NVMe 벌크,"_1TB_319원/1GB_319,000|_512GB_350원/1GB_179,000"
17343128,삼성전자 PM893 벌크,"7.68TB_622원/1GB_4,780,280|3.84TB_759원/1GB_2,915,330|_1.92TB_916원/1GB_1,758,450|960GB_1,202원/1GB_1,154,300|_480GB_1,600원/1GB_767,950|"
7063753,삼성전자 PM981 M.2 NVMe 벌크,"_512GB_383원/1GB_195,900|_256GB_304원/1GB_77,900"
5702285,삼성전자 PM981 M.2 NVMe 병행수입,"1TB_304원/1GB_304,230|_512GB_361원/1GB_184,900|_256GB_304원/1GB_77,900"
122690628,삼성전자 PM981 M.2 NVMe 중고,"1TB_129원/1GB_257,000|_512GB_242원/1GB_123,990|_256GB_230원/1GB_59,000"
10528734,삼성전자 PM981a M.2 NVMe 벌크,"_512GB_393원/1GB_201,200|_256GB_346원/1GB_88,500"
9966378,삼성전자 PM981a M.2 NVMe 병행수입,"_1TB_304원/1GB_304,230|_512GB_374원/1GB_191,700"
102620828,삼성전자 PM981a M.2 NVMe 중고,"_512GB_271원/1GB_138,990|_256GB_245원/1GB_62,660"
11165538,삼성전자 PM991 M.2 NVMe 벌크,"1TB_330원/1GB_330,000|512GB_334원/1GB_171,000|_256GB_305원/1GB_78,000|_128GB_547원/1GB_70,000"
15103874,삼성전자 PM991a M.2 NVMe 벌크,"_1TB_301원/1GB_300,940|512GB_477원/1GB_244,020|_256GB_269원/1GB_68,990|128GB_586원/1GB_74,990"
13649699,삼성전자 PM9A1 M.2 NVMe 벌크,"2TB_309원/1GB_618,000|_1TB_332원/1GB_331,900|_512GB_447원/1GB_228,900|256GB_363원/1GB_92,990"
13276304,삼성전자 PM9A1 M.2 NVMe 병행수입,"_2TB_309원/1GB_618,000|1TB_363원/1GB_363,240|_512GB_479원/1GB_245,000|256GB_516원/1GB_131,980"
100691306,삼성전자 PM9A1 M.2 NVMe 중고,"2TB_284원/1GB_568,000|1TB_287원/1GB_287,000|_512GB_340원/1GB_173,880|_256GB_309원/1GB_79,000"
93859979,삼성전자 PM9A1a M.2 NVMe 벌크,"_1TB_365원/1GB_364,990|_512GB_498원/1GB_254,990"
76871684,삼성전자 PM9A1a M.2 NVMe 병행수입,"2TB_354원/1GB_708,480|_1TB_380원/1GB_379,900|_512GB_486원/1GB_248,660"
77463542,삼성전자 PM9A3 U.2 NVMe 병행수입,"_7.68TB_554원/1GB_4,257,420|_3.84TB_728원/1GB_2,795,680|1.92TB_1,198원/1GB_2,300,000"
18952679,삼성전자 PM9B1 M.2 NVMe 벌크,"_1TB_269원/1GB_269,000|_512GB_361원/1GB_185,000|256GB_297원/1GB_76,130"
42945764,삼성전자 PM9B1 M.2 NVMe 병행수입,"_1TB_316원/1GB_315,580|_512GB_496원/1GB_254,150"
106727057,삼성전자 PM9B1 M.2 NVMe 중고,"_256GB_266원/1GB_68,000|_512GB_343원/1GB_175,650"
71012951,삼성전자 PM9C1 M.2 NVMe 벌크,"1TB_314원/1GB_313,990|_512GB_357원/1GB_183,000|_256GB_295원/1GB_75,500"
96583769,삼성전자 PM9C1b M.2 NVMe 벌크,"_1TB_267원/1GB_273,150|_512GB_369원/1GB_188,990"
96979484,삼성전자 PM9C1b M.2 NVMe 병행수입,"_1TB_375원/1GB_384,000|_512GB_497원/1GB_254,240"
103449614,삼성전자 PM9E1 M.2 NVMe 벌크,"_1TB_420원/1GB_430,000|_512GB_508원/1GB_260,000"
95848700,삼성전자 PM9E1 M.2 NVMe 병행수입,"_4TB_406원/1GB_1,661,470|2TB_431원/1GB_882,100|_1TB_440원/1GB_451,000|512GB_639원/1GB_326,990"
63036680,서진네트웍스 UNICORN 2.5인치 HDD 듀얼 컨버터 케이블 (FD-900D),"8,640"
3669333,서진네트웍스 UNICORN 2.5형 하드보관 케이스,"1,700"
3669316,서진네트웍스 UNICORN 3.5형 하드보관 케이스,"1,450"
8467623,서진네트웍스 UNICORN USB 3.0 to SATA 케이블 (FD-700SATAA),"8,690"
5020544,서진네트웍스 UNICORN USB 3.0 to SATA 케이블 (HD-300SATA),"9,020"
74005430,솔리다임 D5-P5336 U.2 NVMe 해외구매,"_61.44TB_977원/1GB_60,000,000|30.72TB_1,042원/1GB_32,000,000|_15.36TB_1,041원/1GB_15,990,000|7.68TB_1,301원/1GB_9,990,000"
17706074,솔리다임 P41 PLUS M.2 NVMe,"2TB_272원/1GB_543,320"
69656300,솔리다임 P44 Pro M.2 NVMe 벌크,"2TB_368원/1GB_736,420"
11834728,쏘 Drive M.2 NVMe,"512GB_195원/1GB_99,800"
102128081,아이티젠 M.2 NVMe PCI-E 4x 변환 컨버터,"3,990"
107989691,에이서 프레데터 GM6 M.2 NVMe 해외구매,"2TB_304원/1GB_607,760"
16039961,에이서 프레데터 GM7000 M.2 NVMe,"1TB_334원/1GB_333,960"
106749752,에이서 프레데터 GM9000 M.2 NVMe,"_2TB_307원/1GB_614,740|_1TB_363원/1GB_363,030"
106749746,에이서 프레데터 GM9000 M.2 NVMe,"_2TB_307원/1GB_614,740|_1TB_363원/1GB_363,030"
107989541,에이서 프레데터 GM9000 히트싱크 M.2 NVMe 해외구매,"4TB_351원/1GB_1,404,280"
16779401,엠비에프 MBF-UC3SATA-BK USB 3.0 Type C to SATA 어댑터,"8,700"
12372326,엠씨케이글로벌 OUTTON MK-500 LITE M.2 NVMe,"_256GB_416원/1GB_106,490|_128GB_648원/1GB_82,990"
12576071,엠씨케이글로벌 OUTTON MK-500 LITE M.2 SATA,"_512GB_260원/1GB_132,990|_128GB_469원/1GB_59,990"
12545087,엠씨케이글로벌 OUTTON MK-500 LITE SSD,"2TB_175원/1GB_350,000|_1TB_198원/1GB_198,000|_512GB_260원/1GB_133,000|256GB_332원/1GB_85,000|128GB_383원/1GB_48,990"
76942418,엠씨케이글로벌 OUTTON MK-500 LITE mSATA 벌크,"_512GB_312원/1GB_159,980|_256GB_410원/1GB_104,980"
122642444,위즈플랫 SPX-3520N 하드보관함,"49,830"
3438986,위즈플랫 새로텍 HDD Protection Box SPX-3510N,"34,110"
16860140,이지넷유비쿼터스 NEXTU NEXT-M2290G2DC M.2 & SATA 클론 어댑터,"48,510"
28247900,이지넷유비쿼터스 NEXTU 화이듀 M2296PCIe M.2 to PCIe 변환 어댑터,"9,800"
3932027,이지넷유비쿼터스 USB 3.0 2.5형 SSD/HDD SATA3 컨트롤러 (NEXT-415MU3),"5,600"
1510996,이지넷유비쿼터스 USB 3.0 to SATA 확장 어댑터 (NEXT-318U3),"18,400"
9831483,이지넷유비쿼터스 USB 3.0 to SATA/IDE 컨트롤러 (NEXT-518U3 SATAIDE),"24,600"
20753111,인네트워크 IN-PCIEX-M2NA M.2 NVMe to PCIe 확장 카드,"4,790"
93700160,인네트워크 IN-ST3025 USB to SATA 컨버터,"4,510"
6460532,인텔 D3-S4510,"7.68TB_1,153원/1GB_8,852,000|1.92TB_2,599원/1GB_4,990,000|_960GB_2,853원/1GB_2,739,000|_480GB_3,540원/1GB_1,699,000|"
13686647,인텔 DC P4610,"1.6TB_505원/1GB_808,500"
14019041,인텔 SOLIDIGM 670p M.2 NVMe,"2TB_209원/1GB_418,000"
14261117,장우컴퍼니 M.2 SSD 연장 가이드,"1,790"
124335098,제이지이노베이션 JG WK M.2 NVMe 벌크,512GB_가격비교예정
14904665,조이쿨 2.5/3.5 to 5.25 가이드,"1,490"
14810525,조이쿨 M.2 SSD 조립용 나사,"_50개_1,990|_10개_360"
103810973,컴이지 KINGDOM New PM M.2 NVMe 벌크,"_1TB_227원/1GB_226,990|_512GB_260원/1GB_133,280|256GB_305원/1GB_78,000"
105966746,컴이지 KINGDOM PM M40 M.2 NVMe 벌크,"512GB_283원/1GB_144,890"
104321216,컴이지 KINGDOM PM R40 M.2 NVMe 벌크,"500GB_352원/1GB_175,990"
109596251,키오시아 BG6 KBG60ZNV M.2 NVMe 벌크,"256GB_445원/1GB_114,010"
124259004,키오시아 BG6 KBG6AZNV M.2 NVMe 벌크,"512GB_357원/1GB_182,545"
29345393,키오시아 CL4-8D M.2 NVMe 벌크,"_512GB_327원/1GB_167,390|_256GB_273원/1GB_69,990"
11282967,키오시아 EXCERIA,"480GB_258원/1GB_123,660"
101545817,키오시아 EXCERIA BASIC M.2 NVMe,"_2TB_214원/1GB_428,000|_1TB_299원/1GB_299,000"
104228888,키오시아 EXCERIA G3 M.2 NVMe,"4TB_419원/1GB_1,674,170|_2TB_274원/1GB_547,770|_1TB_362원/1GB_361,770"
123763132,키오시아 EXCERIA G3 M.2 NVMe 해외구매,"_2TB_347원/1GB_694,270|_1TB_384원/1GB_383,540"
30271118,키오시아 EXCERIA PLUS G3 M.2 NVMe,"_2TB_279원/1GB_558,990|_1TB_349원/1GB_348,970"
74056493,키오시아 EXCERIA PLUS G4 M.2 NVMe,"_2TB_233원/1GB_465,000|_1TB_371원/1GB_371,070"
79518806,키오시아 EXCERIA PLUS G4 M.2 NVMe 해외구매,"1TB_594원/1GB_594,450"
104228879,키오시아 EXCERIA PRO G2 M.2 NVMe,"4TB_406원/1GB_1,664,700|_2TB_449원/1GB_919,770|_1TB_499원/1GB_510,570"
74971640,키오시아 EXCERIA 히트싱크 M.2 NVMe,"_4TB_233원/1GB_930,000|_2TB_260원/1GB_519,000|1TB_400원/1GB_400,000"
122692650,키오시아 XG7 KXG70ZNV M.2 NVMe 벌크,"1TB_347원/1GB_346,760"
92686784,키오시아 XG7 M.2 NVMe 벌크,"4TB_258원/1GB_1,031,190"
109596086,킹스톤 DC600M 해외구매,"_960GB_1,184원/1GB_1,136,160|_480GB_3,858원/1GB_1,851,630"
96773120,킹스톤 FURY Renegade G5 M.2 NVMe,"_4TB_555원/1GB_2,275,310|_2TB_586원/1GB_1,200,050|1TB_769원/1GB_787,680"
96773165,킹스톤 KC3000 M.2 NVMe,"2TB_314원/1GB_642,360|4TB_362원/1GB_1,484,000|_1TB_428원/1GB_437,910|_512GB_693원/1GB_354,910"
122635825,킹스톤 KC3000 M.2 NVMe 병행수입,"1TB_329원/1GB_337,390"
106686851,킹스톤 NV3 M.2 2230 NVMe 병행수입,"_2TB_330원/1GB_659,980|1TB_379원/1GB_379,400|_500GB_417원/1GB_208,670"
106686854,킹스톤 NV3 M.2 2230 NVMe 병행수입,"_2TB_330원/1GB_659,980|1TB_379원/1GB_379,400|_500GB_417원/1GB_208,670"
96772595,킹스톤 NV3 M.2 NVMe,"4TB_337원/1GB_1,346,940|2TB_270원/1GB_540,890|_1TB_293원/1GB_292,650|_500GB_385원/1GB_192,730"
11708717,타무즈 GK300,"_256GB_273원/1GB_70,000|_64GB_448원/1GB_28,680"
11887951,타무즈 GKM330 M.2 2242 SATA,"1TB_295원/1GB_295,000|512GB_312원/1GB_159,610|_256GB_399원/1GB_102,160|_64GB_1,061원/1GB_67,880"
9701343,타무즈 GKM330 M.2 SATA,"_512GB_238원/1GB_121,670|_256GB_327원/1GB_83,680|128GB_466원/1GB_59,660"
10034037,타무즈 GKX370 mSATA,"512GB_375원/1GB_191,980|_256GB_418원/1GB_106,880|128GB_657원/1GB_84,050|_64GB_908원/1GB_58,090"
10033884,타무즈 GKX570 mSATA 벌크,"_256GB_462원/1GB_118,300|64GB_856원/1GB_54,810|32GB_1,038원/1GB_33,200|_16GB_1,301원/1GB_20,810"
33364364,타무즈 M740 M.2 NVMe 벌크,"_1TB_263원/1GB_263,180|_512GB_284원/1GB_145,400|256GB_321원/1GB_82,300"
103692572,타무즈 M740Q M.2 NVMe 벌크,"_1TB_230원/1GB_230,480|_512GB_249원/1GB_127,510|256GB_354원/1GB_90,540|128GB_445원/1GB_57,010"
91765991,타무즈 M820 M.2 NVMe,"_1TB_265원/1GB_264,620|_512GB_291원/1GB_148,970"
92970176,타무즈 MX400 mSATA 벌크,"1TB_227원/1GB_226,910"
33369665,타무즈 RXK550 벌크,"_1TB_199원/1GB_199,240|512GB_218원/1GB_111,580|_256GB_268원/1GB_68,480|128GB_320원/1GB_40,980|64GB_535원/1GB_34,240"
6998212,탑라인에이치디 HDTOP USB 3.0 to SATA 2.5형 컨버터 (HT-A100),"6,700"
17550233,트랜센드 MSA230S mSATA,"_512GB_635원/1GB_324,980|_256GB_750원/1GB_191,980|128GB_922원/1GB_118,000|64GB_1,242원/1GB_79,500"
2813743,트랜센드 MSA370 mSATA,"512GB_6,348원/1GB_3,249,990|_256GB_5,976원/1GB_1,529,980|_128GB_6,164원/1GB_788,980|64GB_6,468원/1GB_413,980|32GB_6,937원/1GB_221,990"
16245587,트랜센드 MTE110Q M.2 NVMe,"_1TB_345원/1GB_344,990|_500GB_327원/1GB_163,550"
6938251,트랜센드 MTE110S M.2 NVMe,"2TB_438원/1GB_876,990|_1TB_360원/1GB_359,990|_512GB_327원/1GB_167,200|256GB_501원/1GB_128,250|128GB_695원/1GB_88,990"
8049886,트랜센드 MTE220S M.2 NVMe,"2TB_492원/1GB_984,980|_1TB_680원/1GB_679,990|_512GB_593원/1GB_303,610|256GB_760원/1GB_194,570"
14081222,트랜센드 MTE240S M.2 NVMe,"2TB_477원/1GB_954,980|_1TB_495원/1GB_494,980|_500GB_758원/1GB_378,980"
29340407,트랜센드 MTE245S M.2 NVMe,"4TB_394원/1GB_1,577,490|2TB_400원/1GB_799,990|_1TB_374원/1GB_373,980|_500GB_490원/1GB_244,970|250GB_640원/1GB_159,990"
18581684,트랜센드 MTE250H M.2 NVMe,"_2TB_530원/1GB_1,059,980|_1TB_765원/1GB_764,980"
19094288,트랜센드 MTE250S M.2 NVMe,"_4TB_532원/1GB_2,126,990|_2TB_528원/1GB_1,056,920|1TB_827원/1GB_827,040"
77965361,트랜센드 MTE255S M.2 NVMe,"_2TB_460원/1GB_919,980|_1TB_480원/1GB_479,980"
96649172,트랜센드 MTE260S M.2 NVMe,"4TB_660원/1GB_2,639,980|_2TB_645원/1GB_1,289,980|_1TB_543원/1GB_543,270"
24708467,트랜센드 MTE300S M.2 2230 NVMe,"_1TB_490원/1GB_489,990|512GB_518원/1GB_264,990|_256GB_609원/1GB_155,990"
68790020,트랜센드 MTE310S M.2 2230 NVMe,"2TB_487원/1GB_973,770|_1TB_493원/1GB_492,680|_512GB_525원/1GB_268,980"
19176044,트랜센드 MTE400S M.2 2242 NVMe,"2TB_481원/1GB_962,920|_1TB_490원/1GB_489,980|_512GB_516원/1GB_264,230|256GB_609원/1GB_155,990"
32673455,트랜센드 MTE410S M.2 2242 NVMe,"_2TB_486원/1GB_971,710|1TB_495원/1GB_494,990|_512GB_524원/1GB_268,490"
15847280,트랜센드 MTS420S M.2 2242 SATA,"480GB_448원/1GB_214,980|_240GB_417원/1GB_99,990|_120GB_642원/1GB_76,990"
4413015,트랜센드 MTS820 M.2 SATA,"_240GB_599원/1GB_143,840|_120GB_583원/1GB_70,000"
5986687,트랜센드 MTS820S M.2 SATA,"_480GB_392원/1GB_188,300|_240GB_512원/1GB_122,990|120GB_583원/1GB_69,990"
6798490,트랜센드 MTS830S M.2 SATA,"1TB_489원/1GB_488,980|_512GB_564원/1GB_289,000|_256GB_742원/1GB_189,990|128GB_828원/1GB_105,990"
12284690,트랜센드 SSD220Q,"_2TB_442원/1GB_883,990|_1TB_360원/1GB_360,000|500GB_338원/1GB_169,000"
4091615,트랜센드 SSD220S,"_480GB_352원/1GB_168,990|240GB_521원/1GB_125,000|_120GB_575원/1GB_68,990"
17719367,트랜센드 SSD225S,"2TB_455원/1GB_909,490|_1TB_383원/1GB_382,990|500GB_338원/1GB_168,990|_250GB_500원/1GB_124,990"
4825561,트랜센드 SSD230S,"2TB_786원/1GB_1,572,990|_4TB_425원/1GB_1,700,000|1TB_455원/1GB_455,000|_512GB_488원/1GB_250,000|256GB_742원/1GB_190,000|"
3244009,트랜센드 SSD370S,"_1TB_5,000원/1GB_5,000,000|_512GB_4,961원/1GB_2,540,000|256GB_5,039원/1GB_1,290,000|128GB_5,141원/1GB_658,000|64GB_5,531원/1GB_354,000|"
98077121,티테크놀로지 T-NGFF-CASE M.2 to SATA 컨버터,"7,230"
122930212,파이슨 ESO01TBHLCJ-EL1 M.2 NVMe 벌크,"1TB_288,990"
77624759,파이슨 ESO256GHLCJ-EL1 M.2 NVMe 벌크,"256GB_242원/1GB_61,950"
11012139,한창코퍼레이션 Cloud M.2 NVMe,"_1TB_252원/1GB_252,000|_512GB_303원/1GB_155,000|256GB_379원/1GB_97,000|128GB_430원/1GB_55,000"
10839285,한창코퍼레이션 Cloud M.2 SATA,"_1TB_210원/1GB_210,000|_512GB_264원/1GB_135,000|256GB_258원/1GB_66,000"
7981372,한창코퍼레이션 Cloud SSD,"2TB_175원/1GB_350,000|_1TB_208원/1GB_208,000|512GB_262원/1GB_134,000|480GB_250원/1GB_120,000|256GB_254원/1GB_65,000|_240GB_258원/1GB_62,000||"
19508660,한창코퍼레이션 WIN M.2 NVMe,"_1TB_230원/1GB_230,000|512GB_273원/1GB_140,000|256GB_313원/1GB_80,000|_128GB_430원/1GB_55,000"
19509311,한창코퍼레이션 WIN SSD,"1TB_190원/1GB_190,000|_512GB_195원/1GB_100,000|256GB_246원/1GB_63,000|240GB_254원/1GB_61,000|128GB_289원/1GB_37,000|_120GB_300원/1GB_36,000"
73121480,화웨이 eKitStor Xtreme 200E M.2 NVMe,"1TB_289원/1GB_288,990"
102411863,화웨이 eKitStor Xtreme 201 M.2 NVMe,"_2TB_252원/1GB_504,990|_1TB_299원/1GB_299,000"
