Id,Name,2021-04-01 09:22:21,2021-04-02 09:28:05,2021-04-03 09:20:46
13355192,ACER FA100 M.2 NVMe,"1TB_160원/1GB_160,400 512GB_166원/1GB_84,900 256GB_199원/1GB_50,880 ","1TB_160원/1GB_160,400 512GB_166원/1GB_84,900 256GB_199원/1GB_50,880 ","1TB_160원/1GB_160,400 512GB_166원/1GB_84,900 256GB_199원/1GB_50,880 "
13342658,ACER SA100,"240GB_162원/1GB_38,900 120GB_210원/1GB_25,200 ","240GB_162원/1GB_38,900 120GB_210원/1GB_25,200 ","240GB_162원/1GB_38,900 120GB_210원/1GB_25,200 "
11830084,ADATA FALCON M.2 NVMe,"2TB_197원/1GB_394,500 1TB_134원/1GB_133,980 512GB_151원/1GB_77,490 256GB_193원/1GB_49,520 ","2TB_197원/1GB_394,500 1TB_134원/1GB_133,980 512GB_151원/1GB_77,490 256GB_193원/1GB_49,400 ","2TB_197원/1GB_394,500 1TB_134원/1GB_133,980 512GB_151원/1GB_77,490 256GB_193원/1GB_49,400 "
13737755,ADATA ISSS333,256GB_---_가격비교예정 128GB_---_가격비교예정 ,256GB_---_가격비교예정 128GB_---_가격비교예정 ,256GB_---_가격비교예정 128GB_---_가격비교예정 
11830468,ADATA SWORDFISH M.2 NVMe,"2TB_176원/1GB_351,640 1TB_127원/1GB_127,480 500GB_136원/1GB_67,880 250GB_157원/1GB_39,220 ","2TB_176원/1GB_351,640 1TB_127원/1GB_127,480 500GB_136원/1GB_67,880 250GB_166원/1GB_41,530 ","2TB_176원/1GB_351,640 1TB_127원/1GB_127,480 500GB_135원/1GB_67,550 250GB_166원/1GB_41,490 "
7768456,ADATA Ultimate SU630,"960GB_144원/1GB_137,990 480GB_138원/1GB_66,210 240GB_161원/1GB_38,700 ",0,"960GB_142원/1GB_136,200 480GB_138원/1GB_66,210 240GB_161원/1GB_38,700 "
7768474,ADATA Ultimate SU630,0,"960GB_142원/1GB_136,200 480GB_139원/1GB_66,570 240GB_161원/1GB_38,700 ",0
6478323,ADATA Ultimate SU650,"960GB_132원/1GB_126,490 480GB_129원/1GB_62,100 240GB_148원/1GB_35,510 120GB_197원/1GB_23,590 ","960GB_132원/1GB_126,490 480GB_129원/1GB_62,100 240GB_148원/1GB_35,510 120GB_196원/1GB_23,560 ","960GB_132원/1GB_126,490 480GB_129원/1GB_62,100 240GB_148원/1GB_35,510 120GB_200원/1GB_24,030 "
9869412,ADATA Ultimate SU650 M.2 SATA,"480GB_140원/1GB_67,160 240GB_186원/1GB_44,720 120GB_267원/1GB_32,000 ",0,0
9869286,ADATA Ultimate SU650 M.2 SATA,0,"480GB_140원/1GB_67,060 240GB_186원/1GB_44,630 120GB_267원/1GB_32,000 ","480GB_140원/1GB_67,060 240GB_185원/1GB_44,510 120GB_267원/1GB_32,000 "
6429787,ADATA Ultimate SU655,"480GB_132원/1GB_63,400 240GB_153원/1GB_36,830 120GB_208원/1GB_24,900 ","480GB_130원/1GB_62,440 240GB_160원/1GB_38,410 120GB_208원/1GB_24,900 ","480GB_130원/1GB_62,440 240GB_159원/1GB_38,200 120GB_208원/1GB_24,900 "
7658254,ADATA Ultimate SU750,"1TB_99원/1GB_99,170 512GB_134원/1GB_68,360 256GB_161원/1GB_41,240 ","1TB_99원/1GB_99,090 512GB_141원/1GB_72,080 256GB_162원/1GB_41,450 ","1TB_99원/1GB_99,090 512GB_141원/1GB_72,080 256GB_162원/1GB_41,350 "
6476438,ADATA Ultimate SU800,"2TB_130원/1GB_259,630 1TB_135원/1GB_134,990 512GB_134원/1GB_68,450 256GB_158원/1GB_40,450 128GB_328원/1GB_42,000 ","2TB_130원/1GB_259,450 1TB_135원/1GB_134,930 512GB_134원/1GB_68,420 256GB_159원/1GB_40,610 128GB_309원/1GB_39,550 ","2TB_130원/1GB_259,450 1TB_135원/1GB_134,990 512GB_134원/1GB_68,430 256GB_159원/1GB_40,630 128GB_309원/1GB_39,550 "
6476459,ADATA Ultimate SU800 M.2 SATA,"1TB_140원/1GB_140,440 512GB_145원/1GB_74,100 256GB_164원/1GB_41,900 128GB_273원/1GB_35,000 ","1TB_140원/1GB_140,260 512GB_145원/1GB_74,100 256GB_164원/1GB_41,900 128GB_273원/1GB_35,000 ","1TB_141원/1GB_140,990 512GB_145원/1GB_74,100 256GB_164원/1GB_41,900 128GB_273원/1GB_35,000 "
6476489,ADATA Ultimate SU900,"1TB_280원/1GB_279,500 512GB_341원/1GB_174,720 256GB_270원/1GB_69,000 ","1TB_280원/1GB_280,000 512GB_341원/1GB_174,720 256GB_270원/1GB_69,000 ","1TB_280원/1GB_280,000 512GB_341원/1GB_174,720 256GB_270원/1GB_69,000 "
6476585,ADATA XPG GAMMIX S11 M.2 NVMe,"960GB_460원/1GB_441,470 480GB_325원/1GB_155,790 240GB_458원/1GB_110,000 ","960GB_460원/1GB_441,470 480GB_325원/1GB_155,790 240GB_458원/1GB_110,000 ","960GB_460원/1GB_441,470 480GB_325원/1GB_155,790 240GB_458원/1GB_110,000 "
7176070,ADATA XPG GAMMIX S11 PRO M.2 NVMe,"1TB_166원/1GB_165,760 512GB_165원/1GB_84,600 256GB_198원/1GB_50,700 ","1TB_166원/1GB_165,640 512GB_165원/1GB_84,600 256GB_198원/1GB_50,600 ",0
7176094,ADATA XPG GAMMIX S11 PRO M.2 NVMe,0,0,"1TB_166원/1GB_165,640 512GB_167원/1GB_85,500 256GB_198원/1GB_50,600 "
7175689,ADATA XPG GAMMIX S5 M.2 NVMe,"1TB_160원/1GB_159,800 512GB_174원/1GB_88,980 256GB_197원/1GB_50,480 ","1TB_160원/1GB_159,800 512GB_175원/1GB_89,620 256GB_197원/1GB_50,330 ","1TB_160원/1GB_159,800 512GB_175원/1GB_89,620 256GB_197원/1GB_50,330 "
13490066,ADATA XPG GAMMIX S50 LITE M.2 NVMe,"2TB_193원/1GB_386,200 1TB_177원/1GB_177,300 ","2TB_193원/1GB_386,200 1TB_177원/1GB_177,300 ","2TB_193원/1GB_386,200 1TB_177원/1GB_177,300 "
13490015,ADATA XPG GAMMIX S50 LITE M.2 NVMe,"2TB_193원/1GB_386,200 1TB_177원/1GB_177,300 ",0,0
13546856,ADATA XPG GAMMIX S50 LITE M.2 NVMe 해외구매,"1TB_205원/1GB_204,690 2TB_---_가격비교예정 ","1TB_200원/1GB_200,120 2TB_---_가격비교예정 ","1TB_200원/1GB_200,330 2TB_---_가격비교예정 "
12029294,ADATA XPG GAMMIX S50 M.2 NVMe,"2TB_292원/1GB_584,590 1TB_259원/1GB_259,000 ","2TB_292원/1GB_584,410 1TB_259원/1GB_259,000 ","2TB_296원/1GB_592,650 1TB_324원/1GB_324,000 "
13369613,ADATA XPG GAMMIX S70 M.2 NVMe,"2TB_331원/1GB_662,300 1TB_237원/1GB_236,700 ","2TB_331원/1GB_662,300 1TB_237원/1GB_236,700 ","2TB_331원/1GB_662,300 1TB_237원/1GB_236,700 "
13422470,ADATA XPG GAMMIX S70 M.2 NVMe 해외구매,"1TB_252원/1GB_252,220 ","1TB_268원/1GB_267,510 ","1TB_267원/1GB_267,460 "
13503785,ADATA XPG SPECTRIX S20G M.2 NVMe,"1TB_144원/1GB_143,600 500GB_155원/1GB_77,300 ","1TB_144원/1GB_143,600 500GB_155원/1GB_77,300 ","1TB_144원/1GB_143,600 500GB_155원/1GB_77,300 "
13503713,ADATA XPG SPECTRIX S20G M.2 NVMe,"1TB_144원/1GB_143,600 500GB_155원/1GB_77,300 ","1TB_144원/1GB_143,600 500GB_155원/1GB_77,300 ","1TB_144원/1GB_143,600 500GB_155원/1GB_77,300 "
9245688,ADATA XPG SPECTRIX S40G M.2 NVMe,"1TB_157원/1GB_156,910 512GB_166원/1GB_84,980 256GB_267원/1GB_68,270 ","1TB_144원/1GB_143,770 512GB_166원/1GB_84,980 256GB_266원/1GB_68,180 ","1TB_144원/1GB_143,770 512GB_166원/1GB_84,980 256GB_266원/1GB_68,060 "
7175386,ADATA XPG SX6000 Lite M.2 NVMe,"1TB_132원/1GB_132,480 512GB_148원/1GB_75,820 256GB_157원/1GB_40,170 128GB_235원/1GB_30,080 ","1TB_132원/1GB_132,300 512GB_148원/1GB_75,810 256GB_157원/1GB_40,080 128GB_235원/1GB_30,080 ","1TB_132원/1GB_132,060 512GB_154원/1GB_79,050 256GB_156원/1GB_39,960 128GB_235원/1GB_30,080 "
6476518,ADATA XPG SX6000 M.2 NVMe,"1TB_348원/1GB_348,000 512GB_291원/1GB_148,810 256GB_339원/1GB_86,730 128GB_434원/1GB_55,500 ","1TB_348원/1GB_348,000 512GB_291원/1GB_148,810 256GB_339원/1GB_86,730 128GB_434원/1GB_55,500 ","1TB_348원/1GB_348,000 512GB_291원/1GB_148,810 256GB_339원/1GB_86,730 128GB_434원/1GB_55,500 "
6515515,ADATA XPG SX6000 Pro M.2 NVMe,"2TB_148원/1GB_295,000 1TB_146원/1GB_146,330 512GB_143원/1GB_73,180 256GB_164원/1GB_41,990 ","2TB_148원/1GB_295,000 1TB_146원/1GB_146,210 512GB_143원/1GB_73,240 256GB_164원/1GB_41,900 ","2TB_148원/1GB_295,000 1TB_146원/1GB_145,970 512GB_143원/1GB_73,240 256GB_163원/1GB_41,840 "
5576038,ADATA XPG SX7000 M.2 NVMe,"256GB_538원/1GB_137,700 ","256GB_538원/1GB_137,700 ","256GB_538원/1GB_137,700 "
4809510,ADATA XPG SX8000 M.2 NVMe,128GB_---_일시품절 ,128GB_---_일시품절 ,128GB_---_일시품절 
4809557,ADATA XPG SX8000 M.2 NVMe 해외구매,"256GB_829원/1GB_212,190 ","256GB_829원/1GB_212,190 ","256GB_829원/1GB_212,190 "
11127408,ADATA XPG SX8100 M.2 NVMe,"2TB_170원/1GB_339,990 1TB_137원/1GB_137,490 512GB_158원/1GB_81,040 256GB_254원/1GB_65,080 ","2TB_170원/1GB_339,990 1TB_137원/1GB_137,490 512GB_158원/1GB_80,950 256GB_254원/1GB_65,090 ","2TB_170원/1GB_339,990 1TB_137원/1GB_137,490 512GB_158원/1GB_80,950 256GB_265원/1GB_67,800 "
6476555,ADATA XPG SX8200 M.2 NVMe,"960GB_425원/1GB_408,330 480GB_---_일시품절 240GB_379원/1GB_90,900 ",0,0
6476551,ADATA XPG SX8200 M.2 NVMe,0,"960GB_425원/1GB_408,330 480GB_---_일시품절 240GB_379원/1GB_90,900 ","960GB_425원/1GB_408,330 480GB_---_일시품절 240GB_379원/1GB_90,900 "
6856051,ADATA XPG SX8200 Pro M.2 NVMe,"2TB_162원/1GB_323,700 1TB_143원/1GB_143,220 512GB_155원/1GB_79,210 256GB_214원/1GB_54,810 ","2TB_162원/1GB_323,700 1TB_148원/1GB_148,420 512GB_166원/1GB_85,100 256GB_214원/1GB_54,800 ","2TB_162원/1GB_323,700 1TB_147원/1GB_146,870 512GB_166원/1GB_85,100 256GB_214원/1GB_54,800 "
5941038,ADATA XPG SX9000 Extreme Pack,"512GB_645원/1GB_330,440 ","512GB_645원/1GB_330,440 ","512GB_645원/1GB_330,440 "
5109211,ADATA XPG SX950,480GB_---_일시품절 240GB_---_일시품절 ,480GB_---_일시품절 240GB_---_일시품절 ,480GB_---_일시품절 240GB_---_일시품절 
6476978,ADATA XPG SX950U,"960GB_252원/1GB_242,230 480GB_291원/1GB_139,840 240GB_295원/1GB_70,750 120GB_386원/1GB_46,310 ",0,0
6476976,ADATA XPG SX950U,0,"960GB_250원/1GB_239,780 480GB_288원/1GB_138,410 240GB_310원/1GB_74,470 120GB_386원/1GB_46,310 ","960GB_247원/1GB_237,330 480GB_285원/1GB_137,000 240GB_310원/1GB_74,470 120GB_386원/1GB_46,310 "
5937154,AFOX AFSN8T3BN,"240GB_325원/1GB_78,000 ","240GB_325원/1GB_78,000 ","240GB_325원/1GB_78,000 "
6735169,ASUS HYPER M.2 X16 CARD V2,"SSD미포함_---_102,460 ","SSD미포함_---_102,460 ","SSD미포함_---_102,460 "
12809624,ASUS HYPER M.2 x16 Gen 4 CARD,"SSD미포함_---_87,800 ",SSD미포함_---_일시품절 ,SSD미포함_---_일시품절 
5839774,Apacer PANTHER AS340,"960GB_226원/1GB_217,410 480GB_133원/1GB_63,940 240GB_375원/1GB_90,000 120GB_303원/1GB_36,400 ",0,0
8134555,Apacer PANTHER AS340,0,"960GB_226원/1GB_217,410 480GB_133원/1GB_63,940 240GB_375원/1GB_90,000 120GB_303원/1GB_36,400 ","960GB_226원/1GB_217,410 480GB_133원/1GB_63,940 240GB_375원/1GB_90,000 120GB_303원/1GB_36,400 "
6140080,Axxen V100 Van Gogh Series,0,"480GB_---_일시품절 240GB_140원/1GB_33,700 120GB_225원/1GB_27,050 ","480GB_---_일시품절 240GB_140원/1GB_33,700 120GB_225원/1GB_27,050 "
10118580,BIOSTAR M700 M.2 NVMe,"1TB_131원/1GB_131,290 512GB_146원/1GB_74,700 256GB_173원/1GB_44,400 ",0,0
10118511,BIOSTAR M700 M.2 NVMe,0,"1TB_131원/1GB_131,000 512GB_146원/1GB_74,700 256GB_173원/1GB_44,400 ","1TB_131원/1GB_131,000 512GB_146원/1GB_74,700 256GB_173원/1GB_44,400 "
7378780,BIOSTAR S100 PLUS,240GB_---_일시품절 ,240GB_---_일시품절 ,240GB_---_일시품절 
4832566,BIOSTAR S100 Series,"240GB_155원/1GB_37,230 120GB_203원/1GB_24,330 ","240GB_155원/1GB_37,170 120GB_203원/1GB_24,330 ","240GB_156원/1GB_37,320 120GB_202원/1GB_24,260 "
10029273,BIOSTAR S120,"1TB_120원/1GB_120,300 512GB_138원/1GB_70,500 256GB_150원/1GB_38,400 128GB_193원/1GB_24,710 ",0,0
10029384,BIOSTAR S120,0,"1TB_120원/1GB_120,300 512GB_138원/1GB_70,500 256GB_150원/1GB_38,400 128GB_192원/1GB_24,620 ","1TB_120원/1GB_120,300 512GB_138원/1GB_70,500 256GB_150원/1GB_38,400 128GB_198원/1GB_25,400 "
11304291,COLORFUL CN600 M.2 NVMe 아이보라,"1TB_133원/1GB_132,750 512GB_140원/1GB_71,920 256GB_166원/1GB_42,500 ","1TB_133원/1GB_132,750 512GB_141원/1GB_71,980 256GB_166원/1GB_42,500 ","1TB_133원/1GB_132,690 512GB_141원/1GB_71,980 256GB_166원/1GB_42,500 "
6538856,COLORFUL CN600S M.2 NVMe,"480GB_225원/1GB_108,000 ","480GB_225원/1GB_108,000 ","480GB_225원/1GB_108,000 "
5902367,COLORFUL SL300 ONYX Q,"160GB_608원/1GB_97,320 ","160GB_608원/1GB_97,320 ","160GB_608원/1GB_97,320 "
11303028,COLORFUL SL300 아이보라,"160GB_181원/1GB_28,980 128GB_193원/1GB_24,700 120GB_198원/1GB_23,700 ","160GB_181원/1GB_29,000 128GB_193원/1GB_24,700 120GB_198원/1GB_23,700 ","160GB_181원/1GB_28,980 128GB_193원/1GB_24,700 120GB_198원/1GB_23,700 "
11303892,COLORFUL SL500 DDR 아이보라,"1TB_132원/1GB_131,650 ","1TB_132원/1GB_131,650 ","1TB_132원/1GB_131,650 "
5706990,COLORFUL SL500 ONYX ST,"480GB_342원/1GB_164,100 240GB_344원/1GB_82,570 ","480GB_342원/1GB_164,100 240GB_344원/1GB_82,480 ","480GB_342원/1GB_164,100 240GB_343원/1GB_82,370 "
12493373,COLORFUL SL500 아이보라,"1.92TB_107원/1GB_205,300 1TB_118원/1GB_117,800 512GB_136원/1GB_69,570 480GB_132원/1GB_63,540 360GB_151원/1GB_54,500 256GB_151원/1GB_38,680 240GB_153원/1GB_36,600 ","1.92TB_107원/1GB_205,300 1TB_118원/1GB_117,730 512GB_134원/1GB_68,810 480GB_132원/1GB_63,450 360GB_151원/1GB_54,500 256GB_151원/1GB_38,680 240GB_152원/1GB_36,510 ","1.92TB_107원/1GB_205,300 1TB_117원/1GB_117,490 512GB_134원/1GB_68,810 480GB_132원/1GB_63,340 360GB_151원/1GB_54,500 256GB_151원/1GB_38,680 240GB_152원/1GB_36,450 "
6227266,CORSAIR Force Series MP300 M.2 NVMe,"960GB_490원/1GB_470,000 480GB_461원/1GB_221,250 240GB_542원/1GB_130,000 ","960GB_490원/1GB_470,000 480GB_461원/1GB_221,250 240GB_542원/1GB_130,000 ","960GB_490원/1GB_470,000 480GB_461원/1GB_221,250 240GB_542원/1GB_130,000 "
4792282,CORSAIR Force Series MP500 M.2 NVMe,"480GB_771원/1GB_370,000 240GB_833원/1GB_200,000 ","480GB_771원/1GB_370,000 240GB_833원/1GB_200,000 ","480GB_771원/1GB_370,000 240GB_833원/1GB_200,000 "
6632611,CORSAIR Force Series MP510 M.2 NVMe,"960GB_189원/1GB_181,900 480GB_201원/1GB_96,450 240GB_358원/1GB_86,000 ","960GB_189원/1GB_181,780 480GB_201원/1GB_96,320 240GB_358원/1GB_86,000 ","960GB_189원/1GB_181,780 480GB_201원/1GB_96,320 240GB_358원/1GB_86,000 "
8462661,CORSAIR Force Series MP600 M.2 NVMe,"2TB_248원/1GB_496,010 1TB_255원/1GB_255,440 500GB_438원/1GB_219,000 ","2TB_248원/1GB_495,830 1TB_255원/1GB_255,260 500GB_438원/1GB_219,000 ","2TB_248원/1GB_495,590 1TB_255원/1GB_255,020 500GB_438원/1GB_219,000 "
13266914,CORSAIR HYDRO X SERIES MP600 PRO HXE M.2 NVMe,"2TB_333원/1GB_665,850 ","2TB_333원/1GB_665,850 ","2TB_333원/1GB_665,850 "
12497453,CORSAIR MP400 M.2 NVMe,"8TB_234원/1GB_1,871,640 4TB_202원/1GB_808,240 2TB_182원/1GB_363,000 1TB_169원/1GB_169,380 ","8TB_234원/1GB_1,871,400 4TB_202원/1GB_808,500 2TB_182원/1GB_363,000 1TB_169원/1GB_169,370 ",0
12497435,CORSAIR MP400 M.2 NVMe,0,0,"8TB_234원/1GB_1,871,400 4TB_202원/1GB_808,260 2TB_182원/1GB_363,000 1TB_169원/1GB_169,130 "
13266572,CORSAIR MP600 CORE M.2 NVMe,"4TB_233원/1GB_930,000 2TB_219원/1GB_438,700 1TB_219원/1GB_218,800 ","4TB_233원/1GB_930,000 2TB_219원/1GB_438,700 1TB_219원/1GB_218,800 ","4TB_233원/1GB_930,000 2TB_219원/1GB_438,700 1TB_219원/1GB_218,800 "
13266518,CORSAIR MP600 CORE M.2 NVMe,"4TB_233원/1GB_930,000 2TB_219원/1GB_438,700 1TB_219원/1GB_218,800 ","4TB_233원/1GB_930,000 2TB_219원/1GB_438,700 1TB_219원/1GB_218,800 ","4TB_233원/1GB_930,000 2TB_219원/1GB_438,700 1TB_219원/1GB_218,800 "
13266344,CORSAIR MP600 PRO M.2 NVMe,"2TB_317원/1GB_633,400 1TB_326원/1GB_326,400 ","2TB_317원/1GB_633,400 1TB_326원/1GB_326,400 ","2TB_317원/1GB_633,400 1TB_326원/1GB_326,400 "
10536390,DATARAM SSD 해외구매,"480GB_196원/1GB_94,180 240GB_277원/1GB_66,570 120GB_306원/1GB_36,730 ","480GB_196원/1GB_94,180 240GB_277원/1GB_66,570 120GB_306원/1GB_36,730 ",0
9949713,DIGIFAST KNIGHT RGB M.2 NVMe,"2TB_192원/1GB_384,990 1TB_225원/1GB_224,990 512GB_256원/1GB_131,170 ","2TB_192원/1GB_384,990 1TB_225원/1GB_224,990 512GB_256원/1GB_131,160 ","2TB_192원/1GB_384,990 1TB_225원/1GB_224,990 512GB_256원/1GB_130,920 "
8433711,ESSENCORE KLEVV CRAS C700 M.2 NVMe,"480GB_206원/1GB_99,000 ","480GB_206원/1GB_99,000 ","480GB_206원/1GB_99,000 "
11112087,ESSENCORE KLEVV CRAS C700 RGB M.2 NVMe,"960GB_178원/1GB_171,000 480GB_206원/1GB_99,000 240GB_242원/1GB_58,000 ","960GB_178원/1GB_171,000 480GB_206원/1GB_99,000 240GB_242원/1GB_58,000 ","960GB_177원/1GB_169,800 480GB_206원/1GB_99,000 240GB_242원/1GB_58,000 "
10927911,ESSENCORE KLEVV CRAS C710 M.2 NVMe,"1TB_134원/1GB_134,000 512GB_140원/1GB_71,900 256GB_182원/1GB_46,550 ","1TB_134원/1GB_134,000 512GB_140원/1GB_71,900 256GB_182원/1GB_46,550 ",0
10927923,ESSENCORE KLEVV CRAS C710 M.2 NVMe,0,0,"1TB_134원/1GB_134,000 512GB_140원/1GB_71,900 256GB_182원/1GB_46,550 "
8417127,ESSENCORE KLEVV NEO N400,"480GB_140원/1GB_67,000 240GB_160원/1GB_38,500 120GB_214원/1GB_25,730 ","480GB_140원/1GB_67,000 240GB_160원/1GB_38,500 120GB_214원/1GB_25,730 ","480GB_140원/1GB_67,000 240GB_160원/1GB_38,500 120GB_214원/1GB_25,730 "
9931161,ESSENCORE KLEVV NEO N400 벌크,"480GB_137원/1GB_65,910 240GB_158원/1GB_38,000 120GB_213원/1GB_25,500 ",0,0
9931185,ESSENCORE KLEVV NEO N400 벌크,0,"480GB_137원/1GB_65,910 240GB_158원/1GB_38,000 120GB_213원/1GB_25,500 ","480GB_137원/1GB_65,910 240GB_158원/1GB_38,000 120GB_213원/1GB_25,500 "
6402210,ESSENCORE KLEVV NEO N500,"480GB_141원/1GB_67,840 240GB_833원/1GB_200,000 ","480GB_141원/1GB_67,840 240GB_833원/1GB_200,000 ",0
6402205,ESSENCORE KLEVV NEO N500,0,0,"480GB_141원/1GB_67,840 240GB_833원/1GB_200,000 "
8433213,ESSENCORE KLEVV NEO N510 PLUS,"480GB_255원/1GB_122,160 240GB_326원/1GB_78,220 120GB_477원/1GB_57,220 ","480GB_255원/1GB_122,160 240GB_326원/1GB_78,220 120GB_477원/1GB_57,220 ","480GB_255원/1GB_122,160 240GB_326원/1GB_78,220 120GB_477원/1GB_57,220 "
5006951,ESSENCORE KLEVV NEO N600,"240GB_450원/1GB_108,050 120GB_550원/1GB_65,950 ","240GB_450원/1GB_108,050 120GB_550원/1GB_65,950 ","240GB_450원/1GB_108,050 120GB_550원/1GB_65,950 "
5205493,ESSENCORE KLEVV NEO N600 M.2 SATA,"240GB_291원/1GB_69,750 120GB_1,306원/1GB_156,660 ","240GB_291원/1GB_69,750 120GB_1,306원/1GB_156,660 ","240GB_291원/1GB_69,750 120GB_1,306원/1GB_156,660 "
11211666,ESSENCORE KLEVV NEO N610,"1TB_125원/1GB_125,480 512GB_139원/1GB_71,270 256GB_168원/1GB_43,000 ","1TB_125원/1GB_125,480 512GB_139원/1GB_71,270 256GB_168원/1GB_43,000 ","1TB_125원/1GB_125,480 512GB_139원/1GB_71,270 256GB_168원/1GB_43,000 "
6912064,EVERCOOL COOLMARKER 5.25베이 HDD/SSD 가이드,"_---_1,870 ","_---_1,810 ","_---_1,890 "
13465709,GIGABYTE AORUS 7000s M.2 NVMe,"2TB_262원/1GB_523,930 1TB_253원/1GB_253,110 ","2TB_262원/1GB_523,930 1TB_253원/1GB_253,110 ","2TB_262원/1GB_523,930 1TB_253원/1GB_253,110 "
13465676,GIGABYTE AORUS 7000s M.2 NVMe,"2TB_262원/1GB_523,930 1TB_253원/1GB_253,110 ","2TB_262원/1GB_523,930 1TB_253원/1GB_253,110 ","2TB_262원/1GB_523,930 1TB_253원/1GB_253,110 "
12188159,GIGABYTE AORUS Gen4 M.2 NVMe,"2TB_214원/1GB_428,320 1TB_227원/1GB_226,680 500GB_256원/1GB_128,030 ","2TB_214원/1GB_428,320 1TB_227원/1GB_226,670 500GB_258원/1GB_129,000 ","2TB_214원/1GB_428,320 1TB_227원/1GB_226,670 500GB_258원/1GB_129,000 "
7609567,GIGABYTE AORUS RGB M.2 NVMe,"512GB_272원/1GB_139,070 256GB_714원/1GB_182,910 ","512GB_272원/1GB_139,060 256GB_714원/1GB_182,910 ","512GB_271원/1GB_138,820 256GB_714원/1GB_182,910 "
8440743,GIGABYTE AORUS SSD M.2 NVMe,"2TB_217원/1GB_434,990 1TB_247원/1GB_246,910 500GB_297원/1GB_148,650 ","2TB_217원/1GB_434,810 1TB_247원/1GB_246,910 500GB_300원/1GB_149,890 ","2TB_217원/1GB_434,570 1TB_247원/1GB_246,910 500GB_300원/1GB_149,890 "
9626676,GIGABYTE GP-GSM2NE3 M.2 NVMe,"1TB_136원/1GB_136,000 512GB_135원/1GB_69,090 256GB_172원/1GB_44,000 128GB_230원/1GB_29,500 ","1TB_136원/1GB_136,000 512GB_135원/1GB_69,090 256GB_172원/1GB_44,000 128GB_244원/1GB_31,170 ","1TB_136원/1GB_136,000 512GB_135원/1GB_69,040 256GB_172원/1GB_44,000 128GB_244원/1GB_31,170 "
6750868,GIGABYTE GP-GSM2NE8 M.2 NVMe,"512GB_---_일시품절 256GB_178원/1GB_45,580 128GB_---_일시품절 ",0,0
6527622,GIGABYTE GP-GSM2NE8 M.2 NVMe,0,"512GB_---_일시품절 256GB_180원/1GB_46,000 128GB_---_일시품절 ","512GB_---_일시품절 256GB_180원/1GB_46,000 128GB_---_일시품절 "
6461731,GIGABYTE SSD,"1TB_122원/1GB_121,890 480GB_139원/1GB_66,730 240GB_156원/1GB_37,330 120GB_211원/1GB_25,300 ","1TB_119원/1GB_118,600 480GB_140원/1GB_67,420 240GB_155원/1GB_37,240 120GB_210원/1GB_25,210 ","1TB_119원/1GB_118,600 480GB_140원/1GB_67,300 240GB_155원/1GB_37,240 120GB_209원/1GB_25,090 "
6340985,GIGABYTE UD PRO 제이씨현,"512GB_283원/1GB_144,990 256GB_165원/1GB_42,270 ","512GB_283원/1GB_144,990 256GB_165원/1GB_42,180 ","512GB_283원/1GB_144,990 256GB_164원/1GB_42,060 "
6318374,GIGABYTE UD PRO 피씨디렉트,"512GB_242원/1GB_124,000 256GB_---_일시품절 ","512GB_242원/1GB_124,000 256GB_---_일시품절 ","512GB_242원/1GB_124,000 256GB_---_일시품절 "
9723414,GLOWAY Stryker Series,"2TB_128원/1GB_256,520 1.5TB_---_일시품절 1TB_105원/1GB_105,220 480GB_126원/1GB_60,680 240GB_148원/1GB_35,460 ","2TB_128원/1GB_256,520 1.5TB_---_일시품절 1TB_105원/1GB_105,040 480GB_126원/1GB_60,680 240GB_148원/1GB_35,430 ",0
7079218,GLOWAY Stryker Series,0,0,"2TB_128원/1GB_256,520 1.5TB_---_일시품절 1TB_105원/1GB_105,040 480GB_126원/1GB_60,680 240GB_147원/1GB_35,310 "
9396207,GLOWAY VAL M.2 NVMe,"960GB_117원/1GB_112,540 480GB_132원/1GB_63,240 240GB_173원/1GB_41,530 ","960GB_150원/1GB_143,660 480GB_132원/1GB_63,140 240GB_173원/1GB_41,440 ","960GB_156원/1GB_149,450 480GB_132원/1GB_63,140 240GB_172원/1GB_41,330 "
5837314,GeIL ZENITH R3 Gen2,"480GB_269원/1GB_129,000 240GB_291원/1GB_69,900 ","480GB_269원/1GB_129,000 240GB_291원/1GB_69,900 ",0
5837322,GeIL ZENITH R3 Gen2,0,0,"480GB_269원/1GB_129,000 240GB_291원/1GB_69,900 "
5715300,HIKVISION C100,"480GB_131원/1GB_62,700 240GB_174원/1GB_41,700 120GB_199원/1GB_23,900 64GB_812원/1GB_51,940 ","480GB_131원/1GB_62,700 240GB_174원/1GB_41,700 120GB_199원/1GB_23,900 64GB_812원/1GB_51,940 ","480GB_131원/1GB_62,700 240GB_174원/1GB_41,700 120GB_199원/1GB_23,900 64GB_812원/1GB_51,940 "
6121333,HP EX900 M.2 NVMe,"1TB_144원/1GB_144,260 500GB_158원/1GB_79,000 250GB_200원/1GB_49,900 120GB_583원/1GB_70,000 ","1TB_144원/1GB_144,070 500GB_158원/1GB_79,000 250GB_200원/1GB_49,900 120GB_583원/1GB_70,000 ","1TB_144원/1GB_144,490 500GB_158원/1GB_79,000 250GB_200원/1GB_49,900 120GB_583원/1GB_70,000 "
12636347,HP EX900 PRO M.2 NVMe 히트싱크,"1TB_145원/1GB_144,500 512GB_163원/1GB_83,600 256GB_214원/1GB_54,900 ","1TB_145원/1GB_144,500 512GB_163원/1GB_83,600 256GB_214원/1GB_54,900 ","1TB_145원/1GB_144,500 512GB_163원/1GB_83,600 256GB_214원/1GB_54,900 "
6121398,HP EX920 M.2 NVMe,0,"1TB_167원/1GB_166,500 512GB_255원/1GB_130,790 256GB_269원/1GB_68,900 ","1TB_167원/1GB_166,500 512GB_255원/1GB_130,790 256GB_269원/1GB_68,900 "
9331509,HP EX950 M.2 NVMe,"2TB_184원/1GB_367,000 1TB_184원/1GB_183,500 512GB_185원/1GB_94,490 ","2TB_184원/1GB_367,000 1TB_184원/1GB_183,500 512GB_185원/1GB_94,490 ","2TB_184원/1GB_367,000 1TB_184원/1GB_183,500 512GB_185원/1GB_94,490 "
5483001,HP S700,"1TB_125원/1GB_124,500 500GB_140원/1GB_69,900 250GB_178원/1GB_44,500 120GB_239원/1GB_28,620 ","1TB_125원/1GB_124,500 500GB_139원/1GB_69,410 250GB_178원/1GB_44,500 120GB_239원/1GB_28,620 ","1TB_125원/1GB_124,500 500GB_139원/1GB_69,410 250GB_178원/1GB_44,500 120GB_239원/1GB_28,620 "
7223563,HP S700 M.2 SATA,"500GB_140원/1GB_69,770 250GB_170원/1GB_42,500 120GB_667원/1GB_80,000 ","500GB_139원/1GB_69,680 250GB_170원/1GB_42,500 120GB_667원/1GB_80,000 ","500GB_139원/1GB_69,560 250GB_170원/1GB_42,500 120GB_667원/1GB_80,000 "
5483020,HP S700 PRO,"1TB_156원/1GB_155,550 512GB_172원/1GB_87,900 256GB_221원/1GB_56,700 128GB_277원/1GB_35,500 ",0,0
5483029,HP S700 PRO,0,"1TB_156원/1GB_155,550 512GB_170원/1GB_87,290 256GB_221원/1GB_56,700 128GB_277원/1GB_35,500 ","1TB_156원/1GB_155,550 512GB_170원/1GB_87,290 256GB_221원/1GB_56,700 128GB_277원/1GB_35,500 "
11013789,J&A LEVEN JS300,"240GB_154원/1GB_36,860 120GB_192원/1GB_23,000 ","240GB_153원/1GB_36,770 120GB_192원/1GB_23,000 ",0
11013780,J&A LEVEN JS300,0,0,"240GB_153원/1GB_36,650 120GB_192원/1GB_23,000 "
11113767,J&A LEVEN JS600,"2TB_---_일시품절 1TB_110원/1GB_109,840 512GB_113원/1GB_57,890 256GB_139원/1GB_35,490 128GB_191원/1GB_24,500 ",0,0
11113806,J&A LEVEN JS600,0,"2TB_---_일시품절 1TB_110원/1GB_109,890 512GB_113원/1GB_57,890 256GB_139원/1GB_35,490 128GB_191원/1GB_24,500 ","2TB_---_일시품절 1TB_110원/1GB_109,890 512GB_129원/1GB_65,820 256GB_139원/1GB_35,490 128GB_191원/1GB_24,500 "
3062458,KINGMAX 3.5 듀얼 브라켓,"_---_1,380 ","_---_1,340 ","_---_1,340 "
1925749,KINGMAX 3.5 브라켓,_---_960 ,_---_940 ,_---_940 
11605001,Lite-On MU3 PH6-CE,"960GB_116원/1GB_111,560 480GB_120원/1GB_57,780 240GB_150원/1GB_36,000 120GB_229원/1GB_27,500 ","960GB_116원/1GB_111,550 480GB_118원/1GB_56,780 240GB_150원/1GB_36,000 120GB_229원/1GB_27,500 ","960GB_116원/1GB_111,310 480GB_118원/1GB_56,780 240GB_150원/1GB_36,000 120GB_229원/1GB_27,500 "
13427999,M.2 SSD 고정용 나사 10개입,"_---_1,170 ","_---_1,170 ","_---_1,170 "
13554050,MAXTEK MT052 2.5 to 3.5 HDD 장착 가이드,SSD미포함_---_660 ,SSD미포함_---_660 ,SSD미포함_---_660 
13077899,Netac N930E Pro M.2 NVMe 해외구매,"1TB_210원/1GB_209,900 250GB_255원/1GB_63,800 ","1TB_210원/1GB_209,900 250GB_255원/1GB_63,800 ",0
6347577,OCPC Xtreme SSD,"240GB_240원/1GB_57,600 ","240GB_240원/1GB_57,600 ","240GB_240원/1GB_57,600 "
4645937,ORICO 2.5 변환 SSD 가이드 (1125SS),"_---_10,000 ","_---_10,000 ","_---_10,000 "
4318839,ORICO 3.5 HDD 알루미늄 5단 하드보관함 (BSC35-05),"_---_30,000 ","_---_30,000 ","_---_30,000 "
12645236,ORICO BSC-LSN15 15단 HDD/SSD 보관함,"_---_58,240 ","_---_58,240 ","_---_58,240 "
1769014,ORICO PHI-35 HDD보관함,"_---_3,500 ","_---_3,500 ","_---_3,500 "
1759667,ORICO PHP-35 HDD보관함,"_---_3,500 ","_---_3,500 ","_---_3,500 "
1659778,ORICO PHX-35 하드 보호케이스,"_---_5,500 ","_---_5,500 ","_---_5,500 "
7610692,PATRIOT BURST,"960GB_118원/1GB_113,000 480GB_132원/1GB_63,500 240GB_200원/1GB_48,000 ","960GB_118원/1GB_113,000 480GB_132원/1GB_63,500 240GB_200원/1GB_48,000 ","960GB_118원/1GB_113,000 480GB_132원/1GB_63,500 240GB_200원/1GB_48,000 "
12825845,PATRIOT P300 M.2 NVMe,"1TB_126원/1GB_126,000 512GB_138원/1GB_70,500 256GB_160원/1GB_41,000 ","1TB_126원/1GB_126,000 512GB_138원/1GB_70,500 256GB_160원/1GB_41,000 ","1TB_126원/1GB_126,000 512GB_138원/1GB_70,500 256GB_160원/1GB_41,000 "
7962874,PATRIOT SCORCH M.2 NVMe,"512GB_329원/1GB_168,520 256GB_422원/1GB_108,050 ","512GB_329원/1GB_168,520 256GB_422원/1GB_108,050 ","512GB_329원/1GB_168,520 256GB_422원/1GB_108,050 "
9987471,PATRIOT VIPER VP4100 M.2 NVMe,"2TB_285원/1GB_569,000 1TB_279원/1GB_279,000 ","2TB_285원/1GB_569,000 1TB_279원/1GB_279,000 ","2TB_285원/1GB_569,000 1TB_279원/1GB_279,000 "
8448471,PATRIOT VIPER VPN100 M.2 NVMe,"2TB_205원/1GB_410,000 1TB_191원/1GB_191,000 512GB_211원/1GB_108,000 256GB_320원/1GB_82,000 ","2TB_205원/1GB_410,000 1TB_191원/1GB_191,000 512GB_211원/1GB_108,000 256GB_320원/1GB_82,000 ","2TB_205원/1GB_410,000 1TB_191원/1GB_191,000 512GB_211원/1GB_108,000 256GB_320원/1GB_82,000 "
10336053,PATRIOT VIPER VPR100 RGB M.2 NVMe,"2TB_261원/1GB_522,000 1TB_235원/1GB_235,000 512GB_244원/1GB_125,000 256GB_359원/1GB_92,000 ","2TB_261원/1GB_522,000 1TB_235원/1GB_235,000 512GB_244원/1GB_125,000 256GB_359원/1GB_92,000 ","2TB_261원/1GB_522,000 1TB_235원/1GB_235,000 512GB_244원/1GB_125,000 256GB_359원/1GB_92,000 "
13137512,PNY CS1030 Gen3 M.2 NVMe,"1TB_130원/1GB_129,500 512GB_141원/1GB_72,430 256GB_193원/1GB_49,480 ","1TB_130원/1GB_129,500 512GB_141원/1GB_72,430 256GB_193원/1GB_49,480 ","1TB_130원/1GB_129,500 512GB_141원/1GB_72,430 256GB_193원/1GB_49,480 "
13137467,PNY CS1030 Gen3 M.2 NVMe,"1TB_130원/1GB_129,500 512GB_141원/1GB_72,430 256GB_193원/1GB_49,480 ","1TB_130원/1GB_129,500 512GB_141원/1GB_72,430 256GB_193원/1GB_49,480 ","1TB_130원/1GB_129,500 512GB_141원/1GB_72,430 256GB_193원/1GB_49,480 "
13137749,PNY CS1031 Gen3 M.2 NVMe,"512GB_132원/1GB_67,600 256GB_164원/1GB_42,000 ","512GB_132원/1GB_67,600 256GB_164원/1GB_42,000 ","512GB_132원/1GB_67,600 256GB_164원/1GB_42,000 "
8018119,PNY CS2040 M.2 SATA,"1TB_144원/1GB_143,700 512GB_303원/1GB_155,080 256GB_398원/1GB_101,920 128GB_512원/1GB_65,580 ","1TB_144원/1GB_143,700 512GB_303원/1GB_155,080 256GB_398원/1GB_101,920 128GB_512원/1GB_65,580 ","1TB_144원/1GB_143,700 512GB_303원/1GB_155,080 256GB_398원/1GB_101,920 128GB_512원/1GB_65,580 "
6848578,PNY CS2060 M.2 NVMe,"512GB_308원/1GB_157,450 256GB_418원/1GB_107,070 ","512GB_308원/1GB_157,450 256GB_418원/1GB_107,070 ","512GB_308원/1GB_157,450 256GB_418원/1GB_107,070 "
6848131,PNY CS900,"960GB_124원/1GB_119,000 480GB_140원/1GB_67,000 240GB_148원/1GB_35,400 120GB_200원/1GB_23,980 ","960GB_124원/1GB_119,000 480GB_140원/1GB_67,000 240GB_148원/1GB_35,400 120GB_200원/1GB_23,980 ","960GB_124원/1GB_119,000 480GB_140원/1GB_67,000 240GB_148원/1GB_35,400 120GB_200원/1GB_23,980 "
13023767,PNY CS900 SSD,"960GB_124원/1GB_118,950 480GB_137원/1GB_65,720 240GB_144원/1GB_34,620 120GB_208원/1GB_25,000 ","960GB_123원/1GB_118,140 480GB_137원/1GB_65,720 240GB_146원/1GB_35,070 120GB_208원/1GB_25,000 ","960GB_122원/1GB_117,400 480GB_137원/1GB_65,720 240GB_146원/1GB_35,070 120GB_207원/1GB_24,870 "
11391825,PNY XLR8 CS2311,"1TB_275원/1GB_274,570 250GB_188원/1GB_47,000 ","1TB_275원/1GB_274,570 250GB_188원/1GB_47,000 ","1TB_275원/1GB_274,570 250GB_188원/1GB_47,000 "
8018338,PNY XLR8 CS3030 M.2 NVMe,"1TB_390원/1GB_390,350 500GB_177원/1GB_88,500 250GB_254원/1GB_63,600 ","1TB_390원/1GB_390,350 500GB_177원/1GB_88,500 250GB_254원/1GB_63,600 ","1TB_390원/1GB_390,350 500GB_177원/1GB_88,500 250GB_254원/1GB_63,600 "
10943163,PNY XLR8 CS3030 M.2 NVMe 히트싱크,"1TB_197원/1GB_196,800 500GB_170원/1GB_84,950 250GB_241원/1GB_60,200 ","1TB_189원/1GB_189,300 500GB_171원/1GB_85,650 250GB_255원/1GB_63,690 ","1TB_189원/1GB_189,300 500GB_171원/1GB_85,650 250GB_255원/1GB_63,690 "
13138046,PNY XLR8 CS3040 Gen4 M.2 NVMe,"2TB_214원/1GB_427,790 1TB_228원/1GB_227,710 500GB_239원/1GB_119,430 ","2TB_214원/1GB_427,790 1TB_228원/1GB_227,710 500GB_239원/1GB_119,430 ","2TB_213원/1GB_425,180 1TB_228원/1GB_227,710 500GB_236원/1GB_117,940 "
13177583,PNY XLR8 CS3040 Gen4 M.2 NVMe 해외구매,"2TB_292원/1GB_584,000 1TB_221원/1GB_221,490 500GB_273원/1GB_136,270 ","2TB_292원/1GB_584,000 1TB_209원/1GB_209,390 500GB_273원/1GB_136,270 ","2TB_292원/1GB_584,000 1TB_221원/1GB_221,370 500GB_289원/1GB_144,450 "
12762833,Plextor M8VC Plus,"1TB_116원/1GB_116,000 512GB_183원/1GB_93,680 256GB_211원/1GB_54,000 ","1TB_178원/1GB_178,130 512GB_183원/1GB_93,680 256GB_211원/1GB_54,000 ","1TB_178원/1GB_178,130 512GB_183원/1GB_93,680 256GB_211원/1GB_54,000 "
12762983,Plextor M8VG Plus M.2 SATA,"1TB_116원/1GB_115,500 512GB_183원/1GB_93,680 256GB_166원/1GB_42,600 ",0,"1TB_116원/1GB_115,500 512GB_183원/1GB_93,680 256GB_166원/1GB_42,600 "
12762971,Plextor M8VG Plus M.2 SATA,0,"1TB_116원/1GB_115,500 512GB_183원/1GB_93,680 256GB_166원/1GB_42,600 ",0
13400279,SK하이닉스 BC511 M.2 NVMe 벌크,"256GB_161원/1GB_41,290 ","256GB_161원/1GB_41,290 ","256GB_161원/1GB_41,290 "
13161353,SK하이닉스 Gold P31 M.2 NVMe,"1TB_198원/1GB_198,000 500GB_196원/1GB_98,000 ","1TB_198원/1GB_198,000 500GB_196원/1GB_98,000 ","1TB_198원/1GB_198,000 500GB_196원/1GB_98,000 "
13077407,SK하이닉스 Gold P31 M.2 NVMe 해외구매,"1TB_159원/1GB_158,940 500GB_167원/1GB_83,500 ","1TB_159원/1GB_158,940 500GB_167원/1GB_83,460 ","1TB_159원/1GB_158,940 500GB_182원/1GB_91,130 "
13168256,SK하이닉스 Gold S31,"1TB_135원/1GB_135,000 500GB_150원/1GB_74,870 250GB_192원/1GB_48,000 ","1TB_135원/1GB_135,000 500GB_150원/1GB_74,870 250GB_192원/1GB_48,000 ","1TB_135원/1GB_135,000 500GB_150원/1GB_74,870 250GB_192원/1GB_48,000 "
13168232,SK하이닉스 Gold S31,"1TB_135원/1GB_135,000 500GB_150원/1GB_74,870 250GB_192원/1GB_48,000 ","1TB_135원/1GB_135,000 500GB_150원/1GB_74,870 250GB_192원/1GB_48,000 ","1TB_135원/1GB_135,000 500GB_150원/1GB_74,870 250GB_192원/1GB_48,000 "
9503364,SK하이닉스 Gold S31 해외구매,"1TB_135원/1GB_134,990 500GB_144원/1GB_72,230 250GB_192원/1GB_48,000 ","1TB_135원/1GB_134,930 500GB_144원/1GB_72,140 250GB_192원/1GB_48,000 ","1TB_135원/1GB_134,690 500GB_144원/1GB_72,020 250GB_192원/1GB_48,000 "
11197458,SK하이닉스 PC601 M.2 NVMe 벌크,"256GB_121원/1GB_30,940 512GB_182원/1GB_92,980 ","256GB_119원/1GB_30,450 512GB_182원/1GB_92,980 ","256GB_119원/1GB_30,360 512GB_182원/1GB_92,980 "
5713326,STCOM ALPHA SSD,"240GB_432원/1GB_103,580 120GB_361원/1GB_43,300 ","240GB_432원/1GB_103,580 120GB_361원/1GB_43,300 ","240GB_431원/1GB_103,340 120GB_361원/1GB_43,300 "
10991439,STCOM STORM SSD,"1TB_131원/1GB_131,300 480GB_153원/1GB_73,500 240GB_170원/1GB_40,720 ","1TB_131원/1GB_131,300 480GB_153원/1GB_73,500 240GB_170원/1GB_40,720 ","1TB_131원/1GB_131,300 480GB_153원/1GB_73,500 240GB_170원/1GB_40,800 "
13646021,Sabrent ROCKET Q M.2 NVMe 해외구매,"2TB_205원/1GB_409,640 1TB_145원/1GB_145,300 500GB_249원/1GB_124,700 ","2TB_205원/1GB_409,640 1TB_145원/1GB_145,250 500GB_249원/1GB_124,700 ","2TB_204원/1GB_407,780 1TB_145원/1GB_145,250 500GB_249원/1GB_124,700 "
3767411,Sandisk SSD PLUS,"2TB_330원/1GB_659,410 1TB_110원/1GB_110,040 960GB_113원/1GB_108,100 480GB_127원/1GB_60,720 240GB_176원/1GB_42,280 120GB_238원/1GB_28,500 ","2TB_330원/1GB_659,410 1TB_110원/1GB_110,040 960GB_112원/1GB_107,920 480GB_123원/1GB_59,150 240GB_176원/1GB_42,280 120GB_238원/1GB_28,500 ","2TB_330원/1GB_659,410 1TB_110원/1GB_109,860 960GB_112원/1GB_107,920 480GB_126원/1GB_60,260 240GB_176원/1GB_42,280 120GB_238원/1GB_28,500 "
12961841,Sandisk ULTRA M.2 NVMe,"2TB_173원/1GB_346,860 1TB_134원/1GB_133,530 500GB_152원/1GB_76,040 250GB_227원/1GB_56,860 ","2TB_173원/1GB_346,860 1TB_134원/1GB_134,230 500GB_148원/1GB_74,090 250GB_220원/1GB_55,000 ","2TB_173원/1GB_346,860 1TB_134원/1GB_134,230 500GB_152원/1GB_76,040 250GB_232원/1GB_57,890 "
5391601,Sandisk Ultra 3D,"4TB_153원/1GB_613,860 2TB_141원/1GB_281,400 1TB_126원/1GB_126,150 500GB_138원/1GB_69,240 250GB_183원/1GB_45,770 ","4TB_153원/1GB_613,860 2TB_158원/1GB_315,710 1TB_128원/1GB_127,530 500GB_138원/1GB_69,150 250GB_183원/1GB_45,710 ",0
5391593,Sandisk Ultra 3D,0,0,"4TB_153원/1GB_613,860 2TB_158원/1GB_315,710 1TB_127원/1GB_127,290 500GB_138원/1GB_69,150 250GB_183원/1GB_45,710 "
6645946,Sandisk X600 M.2 SATA 중고,"256GB_362원/1GB_92,700 128GB_140원/1GB_17,870 ","256GB_362원/1GB_92,700 128GB_139원/1GB_17,780 ","256GB_362원/1GB_92,700 128GB_138원/1GB_17,660 "
3215192,Sandisk Z400s,"256GB_164원/1GB_42,000 128GB_195원/1GB_25,000 ","256GB_164원/1GB_42,000 128GB_195원/1GB_25,000 ",0
8442411,Seagate Maxtor Z1 SSD,"960GB_155원/1GB_149,000 480GB_166원/1GB_79,900 240GB_171원/1GB_41,000 ","960GB_155원/1GB_149,000 480GB_166원/1GB_79,900 240GB_171원/1GB_41,000 ","960GB_155원/1GB_149,000 480GB_166원/1GB_79,900 240GB_171원/1GB_41,000 "
6556993,Seagate NYTRO 1351,"3.84TB_414원/1GB_1,590,000 1.92TB_364원/1GB_699,730 960GB_464원/1GB_445,000 480GB_542원/1GB_260,000 240GB_829원/1GB_198,990 ",0,0
6556954,Seagate NYTRO 1351,0,"3.84TB_414원/1GB_1,590,000 1.92TB_364원/1GB_699,730 960GB_464원/1GB_445,000 480GB_542원/1GB_260,000 240GB_829원/1GB_198,990 ","3.84TB_414원/1GB_1,590,000 1.92TB_364원/1GB_699,730 960GB_464원/1GB_445,000 480GB_542원/1GB_260,000 240GB_829원/1GB_198,990 "
6922819,Seagate NYTRO 5000 U.2 NVMe,"1.92TB_576원/1GB_1,105,060 1.6TB_616원/1GB_985,510 960GB_599원/1GB_574,830 800GB_664원/1GB_531,090 ","1.92TB_576원/1GB_1,105,060 1.6TB_616원/1GB_985,510 960GB_599원/1GB_574,830 800GB_664원/1GB_531,090 ","1.92TB_576원/1GB_1,105,060 1.6TB_616원/1GB_985,510 960GB_599원/1GB_574,830 800GB_664원/1GB_531,090 "
5217153,Seagate NYTRO XF1230,"1.92TB_723원/1GB_1,387,800 960GB_751원/1GB_720,740 480GB_765원/1GB_367,200 240GB_851원/1GB_204,300 ","1.92TB_723원/1GB_1,387,800 960GB_751원/1GB_720,560 480GB_765원/1GB_367,200 240GB_851원/1GB_204,300 ","1.92TB_723원/1GB_1,387,800 960GB_750원/1GB_720,320 480GB_765원/1GB_367,200 240GB_851원/1GB_204,300 "
9990933,Seagate 바라쿠다 120 SSD,"2TB_148원/1GB_295,000 1TB_139원/1GB_139,000 500GB_158원/1GB_79,000 250GB_206원/1GB_51,500 ","2TB_148원/1GB_295,000 1TB_139원/1GB_139,000 500GB_158원/1GB_79,000 250GB_205원/1GB_51,150 ","2TB_147원/1GB_294,990 1TB_137원/1GB_137,310 500GB_158원/1GB_78,970 250GB_206원/1GB_51,500 "
9996663,Seagate 바라쿠다 510 M.2 NVMe,"1TB_185원/1GB_185,000 512GB_183원/1GB_93,600 500GB_195원/1GB_97,500 256GB_259원/1GB_66,240 250GB_276원/1GB_69,000 ","1TB_185원/1GB_185,000 512GB_190원/1GB_97,500 500GB_195원/1GB_97,500 256GB_270원/1GB_69,000 250GB_276원/1GB_69,000 ","1TB_185원/1GB_184,880 512GB_190원/1GB_97,500 500GB_195원/1GB_97,490 256GB_270원/1GB_69,000 250GB_276원/1GB_69,000 "
12233744,Seagate 바라쿠다 Q1 SSD,"960GB_133원/1GB_128,000 480GB_143원/1GB_68,400 240GB_183원/1GB_44,000 ","960GB_133원/1GB_128,000 480GB_150원/1GB_72,000 240GB_182원/1GB_43,560 ","960GB_133원/1GB_127,940 480GB_150원/1GB_71,970 240GB_181원/1GB_43,550 "
13597865,Seagate 바라쿠다 Q1 SSD 해외구매,"960GB_143원/1GB_137,200 480GB_163원/1GB_78,060 240GB_199원/1GB_47,700 ","960GB_143원/1GB_137,200 480GB_166원/1GB_79,610 240GB_199원/1GB_47,700 ","960GB_143원/1GB_137,200 480GB_175원/1GB_83,980 240GB_219원/1GB_52,650 "
12668204,Seagate 바라쿠다 Q5 M.2 NVMe,"2TB_143원/1GB_285,000 1TB_142원/1GB_142,000 500GB_162원/1GB_81,140 ","2TB_143원/1GB_285,000 1TB_142원/1GB_142,000 500GB_164원/1GB_82,000 ","2TB_143원/1GB_285,000 1TB_142원/1GB_141,990 500GB_164원/1GB_82,000 "
6349412,Seagate 바라쿠다 SSD,"2TB_228원/1GB_455,990 1TB_260원/1GB_260,000 500GB_164원/1GB_81,990 250GB_368원/1GB_91,940 ","2TB_228원/1GB_455,990 1TB_260원/1GB_260,000 500GB_164원/1GB_81,990 250GB_368원/1GB_91,940 ","2TB_228원/1GB_455,990 1TB_260원/1GB_260,000 500GB_164원/1GB_81,960 250GB_368원/1GB_91,940 "
7859923,Seagate 아이언울프 110 SSD,"3.84TB_326원/1GB_1,250,000 1.92TB_336원/1GB_645,000 960GB_328원/1GB_315,000 480GB_406원/1GB_195,000 240GB_579원/1GB_139,000 ","3.84TB_326원/1GB_1,250,000 1.92TB_336원/1GB_645,000 960GB_328원/1GB_315,000 480GB_406원/1GB_195,000 240GB_579원/1GB_139,000 ","3.84TB_326원/1GB_1,250,000 1.92TB_336원/1GB_645,000 960GB_328원/1GB_315,000 480GB_406원/1GB_195,000 240GB_579원/1GB_139,000 "
12232820,Seagate 아이언울프 125 SSD,"4TB_221원/1GB_885,000 2TB_228원/1GB_455,000 1TB_245원/1GB_245,000 500GB_258원/1GB_129,000 250GB_300원/1GB_75,000 ","4TB_221원/1GB_885,000 2TB_228원/1GB_455,000 1TB_245원/1GB_245,000 500GB_258원/1GB_129,000 250GB_300원/1GB_75,000 ","4TB_221원/1GB_885,000 2TB_228원/1GB_455,000 1TB_245원/1GB_245,000 500GB_258원/1GB_129,000 250GB_300원/1GB_75,000 "
10869891,Seagate 아이언울프 510 M.2 NVMe,"1.92TB_312원/1GB_598,690 960GB_324원/1GB_311,510 480GB_324원/1GB_155,520 240GB_403원/1GB_96,810 ","1.92TB_312원/1GB_598,730 960GB_328원/1GB_315,000 480GB_331원/1GB_159,000 240GB_413원/1GB_99,000 ","1.92TB_315원/1GB_604,880 960GB_328원/1GB_314,880 480GB_331원/1GB_158,880 240GB_412원/1GB_98,880 "
12233492,Seagate 아이언울프 프로 125 SSD,"3.84TB_310원/1GB_1,190,000 1.92TB_326원/1GB_625,000 960GB_349원/1GB_335,000 480GB_394원/1GB_189,000 240GB_496원/1GB_119,000 ","3.84TB_310원/1GB_1,190,000 1.92TB_326원/1GB_625,000 960GB_349원/1GB_335,000 480GB_394원/1GB_189,000 240GB_496원/1GB_119,000 ","3.84TB_310원/1GB_1,190,000 1.92TB_326원/1GB_625,000 960GB_349원/1GB_335,000 480GB_394원/1GB_189,000 240GB_496원/1GB_119,000 "
11401443,Seagate 파이어쿠다 120 SSD,"4TB_234원/1GB_934,980 2TB_213원/1GB_425,340 1TB_238원/1GB_237,820 500GB_235원/1GB_117,430 ","4TB_234원/1GB_934,910 2TB_214원/1GB_427,880 1TB_238원/1GB_237,760 500GB_236원/1GB_118,130 ","4TB_234원/1GB_934,830 2TB_219원/1GB_438,060 1TB_238원/1GB_237,700 500GB_242원/1GB_120,940 "
8046541,Seagate 파이어쿠다 510 M.2 NVMe,"2TB_222원/1GB_444,320 1TB_219원/1GB_219,000 250GB_296원/1GB_73,900 500GB_209원/1GB_104,640 ","2TB_225원/1GB_449,000 1TB_219원/1GB_219,000 250GB_296원/1GB_73,900 500GB_210원/1GB_105,000 ","2TB_225원/1GB_449,000 1TB_219원/1GB_218,990 250GB_296원/1GB_73,900 500GB_210원/1GB_104,990 "
9991767,Seagate 파이어쿠다 520 M.2 NVMe,"2TB_250원/1GB_499,000 1TB_259원/1GB_259,000 500GB_255원/1GB_127,660 ","2TB_250원/1GB_499,000 1TB_259원/1GB_259,000 500GB_258원/1GB_129,000 ","2TB_250원/1GB_499,000 1TB_259원/1GB_259,000 500GB_258원/1GB_129,000 "
2492532,SilverStone 5.25형 가이드 (SDP10B),"_---_9,760 ","_---_9,760 ","_---_9,750 "
12866717,SilverStone SST-EXB02 2.5인치 SAS 확장 카드 슬롯,"하드미포함_---_31,860 ","하드미포함_---_31,860 ","하드미포함_---_31,860 "
12867116,SilverStone SST-FS301 5.25 to 3.5인치 SAS/SATA 베이,"하드미포함_---_38,900 ","하드미포함_---_38,900 ","하드미포함_---_38,900 "
2299216,SilverStone 듀얼 SSD 가이드 (SDP08-LITE),"_---_4,600 ","_---_4,600 ","_---_4,600 "
13663352,Sintech ST-NGFF2013-C M.2 M키 to Apple PCIe 어댑터 해외구매,"_---_49,000 ","_---_49,000 ","_---_49,000 "
13414295,Synology M2D18 M.2 to PCI-E 컨버터,"SSD미포함_---_201,150 ","SSD미포함_---_201,150 ","SSD미포함_---_201,150 "
12714620,TeamGroup CX2,"2TB_108원/1GB_215,180 1TB_112원/1GB_112,350 512GB_124원/1GB_63,590 256GB_145원/1GB_37,090 ",0,"2TB_108원/1GB_215,180 1TB_112원/1GB_112,350 512GB_124원/1GB_63,590 256GB_145원/1GB_37,090 "
9282297,TeamGroup GX1,"480GB_308원/1GB_147,640 240GB_146원/1GB_35,000 120GB_256원/1GB_30,760 ","480GB_308원/1GB_147,640 240GB_146원/1GB_35,000 120GB_256원/1GB_30,760 ","480GB_308원/1GB_147,640 240GB_146원/1GB_35,000 120GB_256원/1GB_30,760 "
11901772,TeamGroup GX1 SMI,"960GB_113원/1GB_108,000 480GB_---_62,000 240GB_---_35,000 120GB_---_26,500 ",0,0
11901433,TeamGroup GX1 SMI,0,"960GB_113원/1GB_108,000 480GB_---_62,000 240GB_---_일시품절 120GB_---_26,500 ","960GB_113원/1GB_108,000 480GB_---_62,000 240GB_---_일시품절 120GB_---_26,500 "
9282576,TeamGroup GX2,"1TB_113원/1GB_113,000 512GB_124원/1GB_63,500 256GB_141원/1GB_36,000 128GB_244원/1GB_31,290 ",0,0
9282591,TeamGroup GX2,0,"1TB_113원/1GB_113,000 512GB_124원/1GB_63,500 256GB_141원/1GB_36,000 128GB_244원/1GB_31,290 ","1TB_113원/1GB_113,000 512GB_124원/1GB_63,500 256GB_141원/1GB_36,000 128GB_244원/1GB_31,290 "
13459769,TeamGroup GX2 SMI,"128GB_195원/1GB_25,000 512GB_124원/1GB_63,500 ","128GB_195원/1GB_25,000 512GB_124원/1GB_63,500 ","128GB_195원/1GB_25,000 512GB_124원/1GB_63,500 "
3986037,TeamGroup L3 EVO,"240GB_151원/1GB_36,310 120GB_185원/1GB_22,210 ","240GB_151원/1GB_36,310 120GB_194원/1GB_23,320 ","240GB_151원/1GB_36,310 120GB_193원/1GB_23,160 "
8539724,TeamGroup MP34 M.2 NVMe,"1TB_165원/1GB_165,000 512GB_174원/1GB_89,000 256GB_230원/1GB_59,000 ","1TB_165원/1GB_165,000 512GB_174원/1GB_89,000 256GB_230원/1GB_59,000 ","1TB_165원/1GB_165,000 512GB_174원/1GB_89,000 256GB_230원/1GB_59,000 "
7911898,TeamGroup MS30 M.2 SATA,"1TB_118원/1GB_118,000 512GB_125원/1GB_64,000 256GB_145원/1GB_37,000 ","1TB_118원/1GB_118,000 512GB_125원/1GB_64,000 256GB_145원/1GB_37,000 ","1TB_118원/1GB_118,000 512GB_125원/1GB_64,000 256GB_145원/1GB_37,000 "
10132215,TeamGroup T-Force DELTA MAX,"1TB_165원/1GB_165,000 500GB_234원/1GB_117,000 250GB_316원/1GB_79,000 ",0,0
10132284,TeamGroup T-Force DELTA MAX,0,"1TB_165원/1GB_165,000 500GB_234원/1GB_117,000 250GB_316원/1GB_79,000 ","1TB_165원/1GB_165,000 500GB_234원/1GB_117,000 250GB_316원/1GB_79,000 "
6769714,TeamGroup T-Force DELTA R RGB,"1TB_156원/1GB_155,990 500GB_196원/1GB_97,990 250GB_312원/1GB_78,000 ","1TB_156원/1GB_155,990 500GB_196원/1GB_97,990 250GB_312원/1GB_78,000 ","1TB_156원/1GB_155,990 500GB_196원/1GB_97,990 250GB_312원/1GB_78,000 "
6256565,TeamGroup T-Force DELTA RGB,"1TB_158원/1GB_158,470 500GB_199원/1GB_99,640 250GB_272원/1GB_68,000 ","1TB_158원/1GB_158,470 500GB_199원/1GB_99,640 250GB_272원/1GB_68,000 ","1TB_158원/1GB_158,470 500GB_199원/1GB_99,640 250GB_272원/1GB_68,000 "
13274723,TeamGroup T-Force VULCAN G,"1TB_119원/1GB_119,000 512GB_133원/1GB_68,000 ","1TB_119원/1GB_119,000 512GB_133원/1GB_68,000 ","1TB_119원/1GB_119,000 512GB_133원/1GB_68,000 "
10133598,Union Memory AM611 M.2 2242 벌크,"128GB_153원/1GB_19,590 ","128GB_152원/1GB_19,500 ","128GB_152원/1GB_19,440 "
6163284,Western Digital WD BLACK 3D M.2 NVMe,"1TB_271원/1GB_271,250 500GB_391원/1GB_195,490 250GB_368원/1GB_92,000 ","1TB_273원/1GB_273,220 500GB_391원/1GB_195,490 250GB_368원/1GB_92,000 ","1TB_273원/1GB_273,220 500GB_391원/1GB_195,490 250GB_368원/1GB_92,000 "
4904343,Western Digital WD BLACK M.2 NVMe,"256GB_530원/1GB_135,620 ","256GB_529원/1GB_135,440 ","256GB_529원/1GB_135,380 "
7395157,Western Digital WD BLACK SN750 M.2 NVMe,"2TB_239원/1GB_478,880 1TB_181원/1GB_180,790 500GB_190원/1GB_94,820 250GB_275원/1GB_68,830 ","2TB_239원/1GB_477,880 1TB_184원/1GB_183,880 500GB_198원/1GB_98,940 250GB_275원/1GB_68,770 ","4TB_---_가격비교예정 2TB_239원/1GB_477,930 1TB_183원/1GB_183,480 500GB_190원/1GB_94,810 250GB_275원/1GB_68,770 "
7891654,Western Digital WD BLACK SN750 히트싱크 M.2 NVMe,"2TB_269원/1GB_537,080 1TB_205원/1GB_204,660 500GB_250원/1GB_124,780 ","2TB_270원/1GB_539,000 1TB_209원/1GB_208,940 500GB_250원/1GB_124,940 ","2TB_270원/1GB_539,000 1TB_209원/1GB_208,880 500GB_250원/1GB_124,940 "
12660173,Western Digital WD BLACK SN850 M.2 NVMe,"2TB_323원/1GB_645,580 1TB_273원/1GB_272,890 500GB_354원/1GB_177,140 ","2TB_325원/1GB_649,000 1TB_271원/1GB_271,290 500GB_353원/1GB_176,610 ","2TB_325원/1GB_649,000 1TB_271원/1GB_270,940 500GB_364원/1GB_181,900 "
10120452,Western Digital WD BLUE SN550 M.2 NVMe,"2TB_176원/1GB_351,120 1TB_127원/1GB_127,400 500GB_151원/1GB_75,600 250GB_231원/1GB_57,790 ","2TB_176원/1GB_351,070 1TB_135원/1GB_135,290 500GB_157원/1GB_78,610 250GB_233원/1GB_58,340 ","2TB_179원/1GB_358,890 1TB_135원/1GB_135,290 500GB_157원/1GB_78,610 250GB_235원/1GB_58,870 "
10888983,Western Digital WD BLUE SN550 M.2 NVMe 해외구매,"1TB_119원/1GB_118,990 500GB_124원/1GB_62,110 250GB_248원/1GB_62,120 ","1TB_119원/1GB_118,990 500GB_124원/1GB_62,110 250GB_232원/1GB_57,920 ","1TB_119원/1GB_118,990 500GB_124원/1GB_62,110 250GB_232원/1GB_57,920 "
6078361,Western Digital WD Blue 3D M.2 SATA,"2TB_147원/1GB_294,990 1TB_143원/1GB_142,670 500GB_150원/1GB_75,050 250GB_195원/1GB_48,750 ","2TB_147원/1GB_293,350 1TB_143원/1GB_143,280 500GB_150원/1GB_75,150 250GB_195원/1GB_48,750 ","2TB_146원/1GB_292,080 1TB_143원/1GB_142,790 500GB_150원/1GB_75,050 250GB_195원/1GB_48,740 "
5579649,Western Digital WD Blue 3D SSD,"2TB_137원/1GB_274,340 1TB_136원/1GB_136,000 500GB_143원/1GB_71,600 250GB_182원/1GB_45,550 ","2TB_137원/1GB_274,340 1TB_142원/1GB_141,890 500GB_144원/1GB_71,970 250GB_187원/1GB_46,700 ","2TB_143원/1GB_286,900 1TB_142원/1GB_141,990 4TB_---_가격비교예정 500GB_141원/1GB_70,290 250GB_187원/1GB_46,690 "
13089398,Western Digital WD Blue 3D SSD 해외구매,"4TB_146원/1GB_583,100 2TB_156원/1GB_312,620 1TB_135원/1GB_135,200 500GB_125원/1GB_62,310 250GB_245원/1GB_61,360 ","4TB_146원/1GB_583,100 2TB_155원/1GB_309,070 1TB_135원/1GB_135,200 500GB_125원/1GB_62,310 250GB_230원/1GB_57,600 ","4TB_146원/1GB_583,100 2TB_153원/1GB_305,510 1TB_135원/1GB_135,200 500GB_125원/1GB_62,310 250GB_229원/1GB_57,260 "
4800706,Western Digital WD Blue M.2 SATA,"1TB_149원/1GB_148,570 500GB_155원/1GB_77,290 250GB_196원/1GB_49,000 ","1TB_149원/1GB_149,000 500GB_156원/1GB_78,100 250GB_196원/1GB_49,000 ","1TB_149원/1GB_148,990 500GB_156원/1GB_78,100 250GB_196원/1GB_48,990 "
7521730,Western Digital WD Blue SN500 M.2 NVMe,"500GB_900원/1GB_450,000 250GB_424원/1GB_106,000 ","500GB_900원/1GB_450,000 250GB_424원/1GB_106,000 ","500GB_900원/1GB_450,000 250GB_424원/1GB_106,000 "
4595334,Western Digital WD Blue SSD,"1TB_147원/1GB_147,450 2TB_175원/1GB_349,000 500GB_149원/1GB_74,360 250GB_198원/1GB_49,500 ","1TB_146원/1GB_146,200 2TB_175원/1GB_349,000 500GB_151원/1GB_75,720 250GB_198원/1GB_49,410 ","1TB_149원/1GB_148,990 2TB_175원/1GB_349,000 500GB_142원/1GB_70,980 250GB_198원/1GB_49,410 "
4800835,Western Digital WD GREEN M.2 SATA,"480GB_153원/1GB_73,350 240GB_185원/1GB_44,430 120GB_273원/1GB_32,800 ",0,0
4800828,Western Digital WD GREEN M.2 SATA,0,"480GB_156원/1GB_74,970 240GB_192원/1GB_46,000 120GB_273원/1GB_32,800 ","480GB_156원/1GB_74,970 240GB_185원/1GB_44,430 120GB_273원/1GB_32,800 "
4593708,Western Digital WD GREEN SSD,"1TB_129원/1GB_128,930 480GB_150원/1GB_71,810 240GB_158원/1GB_37,810 120GB_246원/1GB_29,500 ","1TB_125원/1GB_125,420 480GB_150원/1GB_71,800 240GB_173원/1GB_41,480 120GB_333원/1GB_39,960 ","1TB_125원/1GB_125,420 480GB_149원/1GB_71,630 240GB_173원/1GB_41,400 120GB_333원/1GB_39,960 "
9891273,Western Digital WD RED SA500 SSD,"1TB_240원/1GB_240,000 500GB_240원/1GB_120,000 ","1TB_250원/1GB_249,500 500GB_241원/1GB_120,550 ","1TB_250원/1GB_249,500 500GB_241원/1GB_120,550 "
7258846,Western Digital WD SN520 M.2 NVMe 벌크,"256GB_156원/1GB_39,990 128GB_194원/1GB_24,890 ","256GB_156원/1GB_39,990 128GB_194원/1GB_24,890 ","256GB_156원/1GB_39,990 128GB_194원/1GB_24,890 "
13230500,Western Digital WD SN530 M.2 NVMe,"1TB_144원/1GB_144,000 512GB_154원/1GB_79,000 256GB_230원/1GB_59,000 ","1TB_144원/1GB_144,000 512GB_154원/1GB_79,000 256GB_230원/1GB_59,000 ","1TB_144원/1GB_144,000 512GB_154원/1GB_79,000 256GB_230원/1GB_59,000 "
13515503,Western Digital WD SN600 U.2 해외구매,"960GB_426원/1GB_408,650 ","960GB_426원/1GB_408,650 ","960GB_426원/1GB_408,650 "
13230152,Western Digital WD SN730 M.2 NVMe,1TB_---_일시품절 512GB_---_일시품절 256GB_---_일시품절 ,1TB_---_일시품절 512GB_---_일시품절 256GB_---_일시품절 ,512GB_---_일시품절 
13401020,Western Digital WD SN730 M.2 NVMe 병행수입,"256GB_207원/1GB_53,000 ","256GB_207원/1GB_53,000 ","256GB_207원/1GB_53,000 "
13725707,YMTC ZHITAI PC005 M.2 NVMe,"1TB_150원/1GB_149,900 512GB_164원/1GB_83,900 256GB_214원/1GB_54,880 ","1TB_149원/1GB_149,000 512GB_160원/1GB_82,000 256GB_211원/1GB_54,000 ","1TB_149원/1GB_149,000 512GB_160원/1GB_81,900 256GB_211원/1GB_53,900 "
13360121,YMTC ZHITAI PC005 M.2 NVMe,"1TB_150원/1GB_149,900 512GB_164원/1GB_83,900 256GB_214원/1GB_54,880 ","1TB_149원/1GB_149,000 512GB_160원/1GB_82,000 256GB_211원/1GB_54,000 ","1TB_149원/1GB_149,000 512GB_160원/1GB_81,900 256GB_211원/1GB_53,900 "
13725845,YMTC ZHITAI SC001,"1TB_120원/1GB_119,900 512GB_135원/1GB_68,880 256GB_160원/1GB_40,880 ","1TB_119원/1GB_119,000 512GB_131원/1GB_67,000 256GB_156원/1GB_40,000 ","1TB_119원/1GB_119,000 512GB_131원/1GB_66,900 256GB_156원/1GB_39,900 "
13359707,ZOMY S-103 M.2 to SATA 컨버터,"SSD미포함_---_6,290 ","SSD미포함_---_6,290 ","SSD미포함_---_6,290 "
4311656,강원전자 NETmate NMU-ST370 SATA3 to Type C 변환 컨버터,"_---_13,990 ","_---_13,990 ","_---_13,990 "
8535602,강원전자 NETmate USB 3.0 to SATA3 컨버터 (NM-KP01C),"_---_18,050 ","_---_18,040 ","_---_17,920 "
5923379,갤럭시 GALAX GAMER Heat Sink M.2 NVMe,"240GB_304원/1GB_73,000 ","240GB_304원/1GB_73,000 ","240GB_304원/1GB_73,000 "
9691128,갤럭시 GALAX GAMER L,"480GB_176원/1GB_84,700 ","480GB_176원/1GB_84,700 ","480GB_176원/1GB_84,700 "
5923253,갤럭시 GALAX GAMER M.2 SATA,120GB_---_일시품절 ,120GB_---_일시품절 ,120GB_---_일시품절 
3214686,갤럭시 GALAX GAMER SSD,480GB_---_일시품절 ,480GB_---_일시품절 ,480GB_---_일시품절 
11207952,갤럭시 GALAX GAMER V,"120GB_224원/1GB_26,820 ","120GB_223원/1GB_26,730 ","120GB_223원/1GB_26,730 "
4884687,갤럭시 GALAX GAMER V100T,"240GB_317원/1GB_76,000 120GB_334원/1GB_40,050 ","240GB_317원/1GB_76,000 120GB_334원/1GB_40,050 ","240GB_317원/1GB_76,000 120GB_334원/1GB_40,050 "
6142793,갤럭시 GALAX GAMER V100T PLUS,"240GB_625원/1GB_149,950 120GB_517원/1GB_62,000 ","240GB_625원/1GB_149,950 120GB_517원/1GB_62,000 ","240GB_625원/1GB_149,950 120GB_517원/1GB_62,000 "
8891798,갤럭시 GALAX GAMER V200T PLUS,"480GB_177원/1GB_85,170 240GB_222원/1GB_53,210 120GB_590원/1GB_70,840 ","480GB_177원/1GB_85,110 240GB_222원/1GB_53,160 120GB_590원/1GB_70,840 ","480GB_177원/1GB_85,110 240GB_222원/1GB_53,160 120GB_590원/1GB_70,840 "
9265605,갤럭시 GALAX HOF Pro M.2 NVMe,"2TB_298원/1GB_595,270 1TB_301원/1GB_301,130 ","2TB_298원/1GB_595,210 1TB_301원/1GB_301,130 ","2TB_298원/1GB_595,200 1TB_301원/1GB_301,130 "
3393414,도시바 Q300 PRO,"256GB_474원/1GB_121,420 ","256GB_474원/1GB_121,360 ","256GB_474원/1GB_121,350 "
10235226,도시바 RC500 M.2 NVMe,"500GB_192원/1GB_96,000 250GB_356원/1GB_89,000 ","500GB_192원/1GB_96,000 250GB_356원/1GB_89,000 ","500GB_192원/1GB_95,990 250GB_356원/1GB_89,000 "
10234947,도시바 RD500 M.2 NVMe,"1TB_300원/1GB_299,900 ","1TB_300원/1GB_299,900 ","1TB_300원/1GB_299,900 "
6509132,도시바 TR200,"480GB_314원/1GB_150,600 240GB_158원/1GB_37,800 ","480GB_314원/1GB_150,600 240GB_157원/1GB_37,790 ","480GB_314원/1GB_150,600 240GB_157원/1GB_37,670 "
10085043,디오테라 ROIPLE DOVE SSD,"1TB_116원/1GB_116,360 512GB_130원/1GB_66,390 256GB_139원/1GB_35,580 128GB_209원/1GB_26,690 ","1TB_117원/1GB_117,100 512GB_129원/1GB_66,300 256GB_139원/1GB_35,490 128GB_208원/1GB_26,620 ","1TB_117원/1GB_116,970 512GB_129원/1GB_66,300 256GB_144원/1GB_36,760 128GB_208원/1GB_26,620 "
5592148,디오테라 VIVA 300S LITE M.2 SATA,"1TB_119원/1GB_118,700 512GB_130원/1GB_66,740 256GB_164원/1GB_41,900 128GB_218원/1GB_27,900 64GB_547원/1GB_34,990 ","1TB_119원/1GB_118,700 512GB_130원/1GB_66,650 256GB_164원/1GB_41,900 128GB_218원/1GB_27,900 64GB_547원/1GB_34,990 ","1TB_119원/1GB_118,700 512GB_130원/1GB_66,590 256GB_164원/1GB_41,900 128GB_218원/1GB_27,900 64GB_547원/1GB_34,990 "
5592212,디오테라 VIVA 300S LITE mSATA,"512GB_163원/1GB_83,600 256GB_180원/1GB_45,970 128GB_239원/1GB_30,560 64GB_449원/1GB_28,740 ","512GB_163원/1GB_83,600 256GB_180원/1GB_45,970 128GB_239원/1GB_30,560 64GB_449원/1GB_28,740 ","512GB_163원/1GB_83,600 256GB_184원/1GB_46,990 128GB_239원/1GB_30,560 64GB_449원/1GB_28,740 "
6019112,디오테라 VIVA 400s,"360GB_222원/1GB_80,000 240GB_153원/1GB_36,770 120GB_201원/1GB_24,060 ","360GB_222원/1GB_80,000 240GB_153원/1GB_36,680 120GB_200원/1GB_24,050 ","360GB_222원/1GB_80,000 240GB_153원/1GB_36,680 120GB_199원/1GB_23,930 "
2960904,디지탈그리고나 e-STAR ST380 M.2 SATA,"256GB_333원/1GB_85,260 128GB_410원/1GB_52,500 ","256GB_346원/1GB_88,670 128GB_410원/1GB_52,500 ","256GB_330원/1GB_84,490 128GB_410원/1GB_52,500 "
11221029,디지탈그리고나 e-STAR STQ80 M.2 NVMe,"1TB_117원/1GB_116,960 500GB_125원/1GB_62,630 ",0,0
11221062,디지탈그리고나 e-STAR STQ80 M.2 NVMe,0,"1TB_117원/1GB_116,780 500GB_125원/1GB_62,540 ","1TB_117원/1GB_116,540 500GB_125원/1GB_62,420 "
6396040,디지탈그리고나 이코모 EX300 mSATA,"256GB_238원/1GB_60,860 128GB_290원/1GB_37,060 64GB_625원/1GB_40,000 32GB_1,083원/1GB_34,670 ","256GB_237원/1GB_60,770 128GB_289원/1GB_37,050 64GB_625원/1GB_40,000 32GB_1,083원/1GB_34,660 ","256GB_237원/1GB_60,770 128GB_289원/1GB_36,930 64GB_625원/1GB_40,000 32GB_1,079원/1GB_34,540 "
2617307,라이트컴 COMS 3.5인치 하드디스크 방진패드,"_---_4,440 ","_---_4,380 ","_---_4,380 "
13549109,라이트컴 COMS BT254 M.2 NVMe to PCIe 컨버터,"_---_10,430 ","_---_10,430 ","_---_10,430 "
13539221,라이트컴 COMS IF330 M.2 NVMe to PCIe 컨버터,"_---_6,950 ","_---_7,220 ","_---_6,950 "
13549283,라이트컴 COMS IF332 M.2 NVMe to PCIe 컨버터,"_---_15,910 ","_---_15,910 ","_---_15,910 "
13391717,라이트컴 COMS IF571 M.2 to SATA3 컨버터,"SSD미포함_---_13,080 ","SSD미포함_---_13,080 ","SSD미포함_---_13,080 "
13724951,라이트컴 COMS IF572 M.2 NVMe to PCIe 컨버터,"SSD미포함_---_5,730 ","SSD미포함_---_5,730 ","SSD미포함_---_5,730 "
13475366,라이트컴 COMS IF679 맥북 프로 A1708용 M.2 2242 어댑터,"_---_17,980 ","_---_17,980 ","_---_17,980 "
13187417,라이트컴 COMS IF795 mSATA/M.2 to PCIe 컨버터,"SSD미포함_---_19,800 ","SSD미포함_---_19,800 ","SSD미포함_---_19,800 "
13187813,라이트컴 COMS IF796 M.2 NVMe to PCIe 컨버터,"SSD미포함_---_9,000 ","SSD미포함_---_9,000 ","SSD미포함_---_9,000 "
13710416,라이트컴 COMS KS164 TF to SATA 변환 컨버터,"_---_22,750 ","_---_22,750 ","_---_22,750 "
13392050,라이트컴 COMS KS166 M.2 to SATA3 컨버터,"SSD미포함_---_5,170 ","SSD미포함_---_5,170 ","SSD미포함_---_5,170 "
3368832,라이트컴 COMS M.2 SSD to SATA 컨버터 (ES345),"SSD미포함_---_17,670 ",0,0
4739397,라이트컴 COMS M.2 to SATA 컨버터 (HB680),"SSD미포함_---_7,420 ","SSD미포함_---_7,360 ","SSD미포함_---_7,290 "
13376363,라이트컴 COMS NB826 2.5 HDD 케이스,"_---_1,770 ","_---_1,770 ","_---_1,760 "
13376438,라이트컴 COMS NB827 2.5 HDD 케이스,_---_일시품절 ,_---_일시품절 ,_---_일시품절 
11799478,라인업시스템 LANSTAR M.2 SSD to PCIe 카드 (LS-PCIE-M2SATAN),"SSD미포함_---_6,590 ","SSD미포함_---_6,590 ","SSD미포함_---_6,590 "
12330392,래안텍 ELIGO510,"512GB_128원/1GB_65,740 256GB_148원/1GB_37,900 ","512GB_128원/1GB_65,740 256GB_148원/1GB_37,900 ","512GB_127원/1GB_65,040 256GB_151원/1GB_38,700 "
13302971,래안텍 RASSD620 M.2 NVMe,"1TB_145원/1GB_145,000 512GB_167원/1GB_85,320 256GB_207원/1GB_52,920 ","1TB_145원/1GB_145,000 512GB_167원/1GB_85,320 256GB_207원/1GB_52,920 ","1TB_145원/1GB_145,000 512GB_167원/1GB_85,320 256GB_207원/1GB_52,920 "
13302926,래안텍 RASSD620 M.2 NVMe,"1TB_145원/1GB_145,000 512GB_167원/1GB_85,320 256GB_207원/1GB_52,920 ","1TB_145원/1GB_145,000 512GB_167원/1GB_85,320 256GB_207원/1GB_52,920 ","1TB_145원/1GB_145,000 512GB_167원/1GB_85,320 256GB_207원/1GB_52,920 "
12573560,리버네트워크 NEXI NX-U30SC USB 3.0 to SATA3 컨버터,"SSD미포함_---_14,000 ","SSD미포함_---_14,000 ","SSD미포함_---_14,000 "
5840929,리버네트워크 NEXI USB 3.0 to IDE+SATA3 컨버터 (NX-U3TIS),"_---_17,800 ","_---_17,800 ","_---_17,800 "
10347495,리뷰안 900G BIZ,"2TB_150원/1GB_299,000 1TB_119원/1GB_119,000 512GB_127원/1GB_64,900 256GB_144원/1GB_36,900 128GB_187원/1GB_23,900 ","2TB_150원/1GB_299,000 1TB_119원/1GB_119,000 512GB_127원/1GB_64,900 256GB_144원/1GB_36,900 128GB_187원/1GB_23,900 ","2TB_150원/1GB_299,000 1TB_119원/1GB_119,000 512GB_127원/1GB_64,900 256GB_144원/1GB_36,900 128GB_187원/1GB_23,900 "
10182462,리뷰안 900G BLUE,"2TB_150원/1GB_299,000 1TB_119원/1GB_119,000 512GB_127원/1GB_65,230 500GB_130원/1GB_64,900 256GB_145원/1GB_37,090 250GB_144원/1GB_35,900 240GB_141원/1GB_33,900 128GB_187원/1GB_23,900 120GB_199원/1GB_23,900 ","2TB_150원/1GB_299,000 1TB_119원/1GB_119,000 512GB_127원/1GB_65,230 500GB_130원/1GB_64,900 256GB_145원/1GB_37,090 250GB_144원/1GB_35,900 240GB_141원/1GB_33,900 128GB_187원/1GB_23,900 120GB_199원/1GB_23,900 ","2TB_150원/1GB_299,000 1TB_119원/1GB_119,000 512GB_127원/1GB_65,230 500GB_130원/1GB_64,900 256GB_145원/1GB_37,090 250GB_144원/1GB_35,900 240GB_141원/1GB_33,900 128GB_187원/1GB_23,900 120GB_199원/1GB_23,900 "
10182867,리뷰안 900G BLUE 벌크,"240GB_141원/1GB_33,900 120GB_191원/1GB_22,900 ","240GB_141원/1GB_33,900 120GB_191원/1GB_22,900 ",0
10182834,리뷰안 900G BLUE 벌크,0,0,"240GB_141원/1GB_33,900 120GB_191원/1GB_22,900 "
11746181,리뷰안 900G Ultra,"256GB_312원/1GB_79,900 128GB_305원/1GB_39,000 ","256GB_312원/1GB_79,900 128GB_305원/1GB_39,000 ","256GB_312원/1GB_79,900 128GB_305원/1GB_39,000 "
10642209,리뷰안 960X,"2TB_150원/1GB_299,000 1TB_129원/1GB_129,000 256GB_168원/1GB_42,900 250GB_172원/1GB_42,900 ","2TB_150원/1GB_299,000 1TB_129원/1GB_129,000 256GB_168원/1GB_42,900 250GB_172원/1GB_42,900 ","2TB_150원/1GB_299,000 1TB_129원/1GB_129,000 256GB_168원/1GB_42,900 250GB_172원/1GB_42,900 "
11807662,리뷰안 DX450 PCIe,0,0,"2TB_135원/1GB_269,000 1TB_135원/1GB_135,000 512GB_148원/1GB_75,900 256GB_218원/1GB_55,900 128GB_312원/1GB_39,900 "
8732144,리뷰안 DX5000-E1 PCIe,"8TB_249원/1GB_1,990,000 4TB_248원/1GB_990,000 2TB_385원/1GB_770,000 ","8TB_249원/1GB_1,990,000 4TB_248원/1GB_990,000 2TB_385원/1GB_770,000 ","8TB_249원/1GB_1,990,000 4TB_248원/1GB_990,000 2TB_385원/1GB_770,000 "
8683646,리뷰안 DX9000-E1 PCIe,"15.4TB_584원/1GB_9,000,000 8TB_613원/1GB_4,900,000 4TB_475원/1GB_1,900,000 ","15.4TB_584원/1GB_9,000,000 8TB_613원/1GB_4,900,000 4TB_475원/1GB_1,900,000 ",0
7945318,리뷰안 G900 PRO M.2 SATA,"2TB_140원/1GB_279,000 1TB_129원/1GB_129,000 512GB_137원/1GB_69,900 256GB_195원/1GB_49,900 128GB_288원/1GB_36,900 ","2TB_140원/1GB_279,000 1TB_129원/1GB_129,000 512GB_137원/1GB_69,900 256GB_195원/1GB_49,900 128GB_288원/1GB_36,900 ","2TB_140원/1GB_279,000 1TB_129원/1GB_129,000 512GB_137원/1GB_69,900 256GB_195원/1GB_49,900 128GB_288원/1GB_36,900 "
10034457,리뷰안 M.2 PCIe 어댑터 (EX2M1),"SSD미포함_---_9,900 ","SSD미포함_---_9,900 ","SSD미포함_---_9,900 "
8781896,리뷰안 NVMe M.2 PCIe 어댑터 (EX2M2),"SSD미포함_---_17,900 ","SSD미포함_---_17,900 ","SSD미포함_---_17,900 "
7807294,리뷰안 NVMe M.2 PCIe 어댑터 (RT-PCI4M110),"SSD미포함_---_17,900 ","SSD미포함_---_17,900 ","SSD미포함_---_17,900 "
8682662,리뷰안 NX1142 M.2 2242 NVMe,"1TB_139원/1GB_138,900 512GB_174원/1GB_89,000 ",0,0
11767370,리뷰안 NX2200A M.2 NVMe,"4TB_200원/1GB_799,000 2TB_185원/1GB_369,000 1TB_209원/1GB_209,000 512GB_213원/1GB_109,000 ",0,0
11838058,리뷰안 NX2300 M.2 NVMe,"2TB_157원/1GB_314,900 1TB_143원/1GB_142,500 512GB_164원/1GB_83,900 256GB_214원/1GB_54,900 ","2TB_157원/1GB_314,900 1TB_143원/1GB_142,500 512GB_164원/1GB_83,900 256GB_214원/1GB_54,900 ","2TB_157원/1GB_314,900 1TB_143원/1GB_142,500 512GB_164원/1GB_83,900 256GB_214원/1GB_54,900 "
13666640,리뷰안 NX4000Q M.2 NVMe,"4TB_200원/1GB_799,000 ","4TB_200원/1GB_799,000 ","4TB_200원/1GB_799,000 "
13096436,마이크로닉스 WARP B1 SSD,"512GB_126원/1GB_64,700 256GB_143원/1GB_36,500 128GB_197원/1GB_25,270 ","512GB_126원/1GB_64,700 256GB_143원/1GB_36,500 128GB_194원/1GB_24,770 ","512GB_126원/1GB_64,700 256GB_143원/1GB_36,500 128GB_197원/1GB_25,190 "
13096376,마이크로닉스 WARP B1 SSD,"512GB_126원/1GB_64,700 256GB_143원/1GB_36,500 128GB_197원/1GB_25,270 ","512GB_126원/1GB_64,700 256GB_143원/1GB_36,500 128GB_194원/1GB_24,770 ","512GB_126원/1GB_64,700 256GB_143원/1GB_36,500 128GB_197원/1GB_25,190 "
13096778,마이크로닉스 WARP BX1 M.2 NVMe,"1TB_132원/1GB_132,170 512GB_139원/1GB_71,300 ","1TB_129원/1GB_129,490 512GB_139원/1GB_71,300 ","1TB_131원/1GB_130,710 512GB_139원/1GB_71,300 "
13472378,마이크로닉스 WARP GX1 M.2 NVMe,"2TB_154원/1GB_308,200 1TB_141원/1GB_141,190 512GB_168원/1GB_85,970 ","2TB_153원/1GB_305,300 1TB_141원/1GB_141,190 512GB_168원/1GB_85,970 ","2TB_153원/1GB_305,300 1TB_141원/1GB_141,190 512GB_168원/1GB_85,970 "
13096874,마이크로닉스 WARP GX1 M.2 NVMe,"2TB_154원/1GB_308,200 1TB_141원/1GB_141,190 512GB_168원/1GB_85,970 ",0,"2TB_153원/1GB_305,300 1TB_141원/1GB_141,190 512GB_168원/1GB_85,970 "
13096985,마이크로닉스 WARP GX1 M.2 NVMe,0,"2TB_153원/1GB_305,300 1TB_141원/1GB_141,190 512GB_168원/1GB_85,970 ",0
8348883,마이크론 1300 SSD,"2TB_191원/1GB_381,930 1TB_164원/1GB_163,640 512GB_145원/1GB_73,990 256GB_171원/1GB_43,700 ","2TB_198원/1GB_396,430 1TB_163원/1GB_163,460 512GB_148원/1GB_75,810 256GB_171원/1GB_43,690 ","2TB_198원/1GB_396,430 1TB_163원/1GB_163,220 512GB_148원/1GB_75,750 256GB_171원/1GB_43,690 "
9300669,마이크론 2200 M.2 NVMe,"1TB_178원/1GB_178,020 512GB_143원/1GB_73,410 256GB_178원/1GB_45,580 ",0,0
9300696,마이크론 2200 M.2 NVMe,0,"1TB_180원/1GB_180,130 512GB_150원/1GB_76,960 256GB_182원/1GB_46,540 ","1TB_180원/1GB_180,260 512GB_150원/1GB_76,890 256GB_182원/1GB_46,540 "
12920282,마이크론 2300 M.2 NVMe,"2TB_195원/1GB_390,000 1TB_190원/1GB_189,660 512GB_186원/1GB_95,410 256GB_191원/1GB_49,000 ","2TB_195원/1GB_390,000 1TB_190원/1GB_189,590 512GB_191원/1GB_97,810 256GB_191원/1GB_49,000 ","2TB_195원/1GB_390,000 1TB_189원/1GB_189,350 512GB_191원/1GB_97,630 256GB_191원/1GB_49,000 "
13503617,마이크론 5300 Boot M.2 SATA 해외구매,"240GB_529원/1GB_126,900 ","240GB_529원/1GB_126,900 ","240GB_529원/1GB_126,900 "
13504517,마이크론 5300 MAX 해외구매,"1.92TB_442원/1GB_847,800 480GB_870원/1GB_417,460 240GB_820원/1GB_196,870 ","1.92TB_442원/1GB_847,800 480GB_870원/1GB_417,460 240GB_820원/1GB_196,820 ","1.92TB_442원/1GB_847,800 480GB_870원/1GB_417,460 240GB_820원/1GB_196,820 "
13503824,마이크론 5300 PRO M.2 SATA 해외구매,"480GB_744원/1GB_357,110 240GB_832원/1GB_199,660 ","480GB_744원/1GB_357,110 240GB_832원/1GB_199,660 ","480GB_744원/1GB_357,110 240GB_832원/1GB_199,660 "
13504337,마이크론 5300 PRO 해외구매,"7.68TB_190원/1GB_1,459,000 3.84TB_264원/1GB_1,012,430 960GB_280원/1GB_269,070 480GB_331원/1GB_158,950 ","7.68TB_190원/1GB_1,459,000 3.84TB_269원/1GB_1,034,000 960GB_280원/1GB_269,070 480GB_331원/1GB_158,950 ","7.68TB_190원/1GB_1,459,000 3.84TB_269원/1GB_1,034,000 960GB_261원/1GB_250,260 480GB_331원/1GB_158,940 "
13502645,마이크론 9300 Max U.2 해외구매,"12.8TB_536원/1GB_6,858,100 6.4TB_362원/1GB_2,314,810 3.2TB_376원/1GB_1,204,000 ","12.8TB_536원/1GB_6,858,100 6.4TB_367원/1GB_2,349,860 3.2TB_376원/1GB_1,204,000 ","12.8TB_---_일시품절 6.4TB_367원/1GB_2,349,800 3.2TB_376원/1GB_1,204,000 "
13502939,마이크론 9300 PRO U.2 해외구매,"15.36TB_---_가격비교예정 7.68TB_262원/1GB_2,011,900 3.84TB_287원/1GB_1,103,250 ","15.36TB_---_가격비교예정 7.68TB_262원/1GB_2,011,850 3.84TB_288원/1GB_1,104,330 ","7.68TB_195원/1GB_1,498,560 3.84TB_311원/1GB_1,195,370 "
6429569,마이크론 Crucial BX500 대원CTS,"2TB_133원/1GB_266,000 1TB_121원/1GB_121,000 480GB_134원/1GB_64,200 240GB_183원/1GB_43,860 120GB_258원/1GB_31,000 ","2TB_132원/1GB_264,780 1TB_128원/1GB_128,000 480GB_134원/1GB_64,200 240GB_174원/1GB_41,760 120GB_256원/1GB_30,760 ","2TB_126원/1GB_251,990 1TB_121원/1GB_121,250 480GB_134원/1GB_64,200 240GB_174원/1GB_41,680 120GB_258원/1GB_30,970 "
6453805,마이크론 Crucial BX500 아스크텍,"2TB_132원/1GB_264,500 1TB_127원/1GB_126,900 480GB_134원/1GB_64,300 240GB_174원/1GB_41,800 120GB_225원/1GB_27,050 ","2TB_133원/1GB_266,000 1TB_127원/1GB_127,200 480GB_149원/1GB_71,420 240GB_183원/1GB_44,000 120GB_233원/1GB_28,000 ","2TB_131원/1GB_262,790 1TB_127원/1GB_127,200 480GB_142원/1GB_68,120 240GB_181원/1GB_43,460 120GB_223원/1GB_26,710 "
8376261,마이크론 Crucial BX500 해외구매,"2TB_109원/1GB_217,730 1TB_125원/1GB_125,010 960GB_132원/1GB_127,030 480GB_108원/1GB_51,990 240GB_211원/1GB_50,560 120GB_241원/1GB_28,860 ","2TB_109원/1GB_217,730 1TB_125원/1GB_125,010 960GB_132원/1GB_127,030 480GB_108원/1GB_51,990 240GB_211원/1GB_50,560 120GB_241원/1GB_28,860 ","2TB_119원/1GB_238,190 1TB_125원/1GB_125,010 960GB_150원/1GB_144,140 480GB_117원/1GB_56,220 240GB_211원/1GB_50,560 120GB_248원/1GB_29,800 "
4441971,마이크론 Crucial MX300 M.2 SATA 대원CTS,"1TB_365원/1GB_364,640 ","1TB_365원/1GB_364,640 ","1TB_365원/1GB_364,640 "
4442003,마이크론 Crucial MX300 대원CTS,"2TB_358원/1GB_715,500 ","2TB_358원/1GB_715,500 ","2TB_358원/1GB_715,500 "
6086743,마이크론 Crucial MX500 M.2 SATA 대원CTS,"1TB_179원/1GB_179,000 500GB_154원/1GB_77,030 250GB_202원/1GB_50,390 ",0,"1TB_179원/1GB_179,000 500GB_154원/1GB_76,850 250GB_202원/1GB_50,390 "
6086737,마이크론 Crucial MX500 M.2 SATA 대원CTS,0,"1TB_179원/1GB_179,000 500GB_153원/1GB_76,680 250GB_202원/1GB_50,390 ",0
6069570,마이크론 Crucial MX500 M.2 SATA 아스크텍,"1TB_175원/1GB_174,990 500GB_150원/1GB_75,040 250GB_215원/1GB_53,770 ","1TB_175원/1GB_174,990 500GB_150원/1GB_75,040 250GB_203원/1GB_50,630 ","1TB_175원/1GB_174,990 500GB_150원/1GB_75,040 250GB_203원/1GB_50,630 "
5791864,마이크론 Crucial MX500 대원CTS,"2TB_140원/1GB_279,000 1TB_137원/1GB_136,900 500GB_142원/1GB_70,900 250GB_196원/1GB_48,890 ","2TB_141원/1GB_281,880 1TB_133원/1GB_133,400 500GB_150원/1GB_75,140 250GB_197원/1GB_49,280 ","2TB_141원/1GB_281,990 1TB_137원/1GB_136,790 500GB_142원/1GB_71,020 250GB_189원/1GB_47,370 "
5781820,마이크론 Crucial MX500 아스크텍,"2TB_134원/1GB_267,900 1TB_128원/1GB_128,100 500GB_144원/1GB_72,070 250GB_188원/1GB_47,070 ","2TB_141원/1GB_282,000 1TB_138원/1GB_138,070 500GB_152원/1GB_75,940 250GB_191원/1GB_47,760 ","2TB_141원/1GB_281,990 1TB_138원/1GB_138,060 500GB_144원/1GB_72,070 250GB_188원/1GB_47,070 "
5896575,마이크론 Crucial MX500 해외구매,"2TB_125원/1GB_249,890 1TB_120원/1GB_120,490 500GB_125원/1GB_62,600 250GB_240원/1GB_59,920 ","2TB_125원/1GB_249,890 1TB_120원/1GB_120,440 500GB_129원/1GB_64,310 250GB_240원/1GB_59,920 ","2TB_125원/1GB_249,890 1TB_120원/1GB_120,440 500GB_129원/1GB_64,310 250GB_240원/1GB_59,920 "
6538923,마이크론 Crucial P1 M.2 NVMe 대원CTS,"2TB_137원/1GB_274,650 1TB_133원/1GB_133,040 500GB_138원/1GB_68,800 ","2TB_137원/1GB_274,470 1TB_130원/1GB_130,490 500GB_138원/1GB_68,800 ","2TB_137원/1GB_274,470 1TB_134원/1GB_134,460 500GB_138원/1GB_68,800 "
6537184,마이크론 Crucial P1 M.2 NVMe 아스크텍,"2TB_144원/1GB_287,120 1TB_135원/1GB_135,230 500GB_136원/1GB_68,070 ","2TB_144원/1GB_287,110 1TB_137원/1GB_136,550 500GB_136원/1GB_67,980 ","2TB_143원/1GB_286,870 1TB_137원/1GB_136,550 500GB_136원/1GB_67,910 "
11097639,마이크론 Crucial P2 M.2 NVMe 대원CTS,"2TB_143원/1GB_286,200 1TB_135원/1GB_134,620 500GB_140원/1GB_70,090 250GB_195원/1GB_48,800 ","2TB_141원/1GB_282,720 1TB_135원/1GB_135,000 500GB_141원/1GB_70,440 250GB_195원/1GB_48,800 ","2TB_139원/1GB_277,580 1TB_128원/1GB_127,880 500GB_135원/1GB_67,260 250GB_195원/1GB_48,800 "
11142699,마이크론 Crucial P2 M.2 NVMe 아스크텍,"2TB_144원/1GB_287,430 1TB_128원/1GB_128,250 500GB_140원/1GB_70,090 250GB_186원/1GB_46,500 ","2TB_147원/1GB_293,000 1TB_135원/1GB_135,000 500GB_142원/1GB_70,940 250GB_193원/1GB_48,250 ","2TB_146원/1GB_292,880 1TB_131원/1GB_130,990 500GB_140원/1GB_69,760 250GB_193원/1GB_48,250 "
11692385,마이크론 Crucial P5 M.2 NVMe 대원CTS,"2TB_210원/1GB_419,130 1TB_179원/1GB_179,250 500GB_186원/1GB_93,200 250GB_262원/1GB_65,570 ","2TB_212원/1GB_423,520 1TB_185원/1GB_185,000 500GB_190원/1GB_94,930 250GB_268원/1GB_67,000 ","2TB_213원/1GB_426,700 1TB_185원/1GB_185,000 500GB_190원/1GB_94,990 250GB_268원/1GB_67,000 "
11710160,마이크론 Crucial P5 M.2 NVMe 아스크텍,"2TB_205원/1GB_410,400 1TB_177원/1GB_177,230 500GB_184원/1GB_92,000 250GB_262원/1GB_65,570 ","2TB_214원/1GB_428,880 1TB_177원/1GB_177,230 500GB_190원/1GB_94,930 250GB_268원/1GB_67,000 ","2TB_214원/1GB_428,880 1TB_177원/1GB_177,220 500GB_190원/1GB_94,930 250GB_268원/1GB_66,940 "
6367760,명정보기술 MyStor S700,"1TB_106원/1GB_105,900 512GB_128원/1GB_65,300 256GB_158원/1GB_40,500 128GB_227원/1GB_29,050 ","1TB_106원/1GB_105,900 512GB_128원/1GB_65,300 256GB_158원/1GB_40,350 128GB_227원/1GB_29,050 ","1TB_106원/1GB_105,900 512GB_128원/1GB_65,300 256GB_158원/1GB_40,350 128GB_227원/1GB_29,050 "
8104933,명정보기술 MyStor S900 M.2 NVMe,"1TB_133원/1GB_132,990 512GB_143원/1GB_73,230 256GB_219원/1GB_55,940 ","1TB_133원/1GB_132,810 512GB_143원/1GB_73,230 256GB_219원/1GB_55,940 ","1TB_133원/1GB_132,570 512GB_143원/1GB_73,110 256GB_219원/1GB_55,940 "
10040664,명정보기술 MyStor S910 M.2 NVMe,"2TB_129원/1GB_257,800 1TB_121원/1GB_121,300 512GB_130원/1GB_66,600 256GB_162원/1GB_41,500 ","2TB_129원/1GB_257,800 1TB_121원/1GB_121,300 512GB_130원/1GB_66,510 256GB_162원/1GB_41,500 ","2TB_129원/1GB_257,800 1TB_121원/1GB_121,300 512GB_130원/1GB_66,390 256GB_162원/1GB_41,500 "
9626544,블루트레이더스 STEAM PACK FX500-5G,"512GB_122원/1GB_62,700 256GB_148원/1GB_38,000 ","512GB_122원/1GB_62,700 256GB_148원/1GB_38,000 ","512GB_122원/1GB_62,700 256GB_148원/1GB_38,000 "
13099586,비티시스템 E.POT Neo N1000 M.2 NVMe,"1TB_158원/1GB_158,130 512GB_155원/1GB_79,330 256GB_232원/1GB_59,510 128GB_310원/1GB_39,630 ","1TB_158원/1GB_157,950 512GB_155원/1GB_79,240 256GB_232원/1GB_59,510 128GB_309원/1GB_39,540 ","1TB_160원/1GB_159,870 512GB_155원/1GB_79,120 256GB_232원/1GB_59,390 128GB_309원/1GB_39,540 "
13098839,비티시스템 E.POT Neo S500,"1TB_144원/1GB_143,670 512GB_149원/1GB_76,220 256GB_224원/1GB_57,270 128GB_295원/1GB_37,810 ","1TB_144원/1GB_143,670 512GB_149원/1GB_76,220 256GB_224원/1GB_57,270 128GB_295원/1GB_37,810 ","1TB_144원/1GB_143,670 512GB_149원/1GB_76,220 256GB_226원/1GB_57,960 128GB_294원/1GB_37,690 "
3060306,삼성전자 840 EVO Series 중고,0,0,"250GB_158원/1GB_39,420 120GB_248원/1GB_29,700 "
4280209,삼성전자 840 Series 중고,0,"120GB_235원/1GB_28,170 ","120GB_235원/1GB_28,170 "
13688345,삼성전자 850 EVO mSATA 병행수입,"500GB_338원/1GB_169,000 ","500GB_338원/1GB_169,000 ","500GB_338원/1GB_169,000 "
5834210,삼성전자 860 EVO,"4TB_164원/1GB_656,080 2TB_166원/1GB_331,280 1TB_157원/1GB_156,730 500GB_161원/1GB_80,460 250GB_192원/1GB_47,960 ","4TB_164원/1GB_655,900 2TB_166원/1GB_331,100 1TB_157원/1GB_156,960 500GB_161원/1GB_80,500 250GB_192원/1GB_48,070 ",0
5834197,삼성전자 860 EVO,0,0,"4TB_164원/1GB_655,900 2TB_165원/1GB_330,860 1TB_155원/1GB_155,120 500GB_160원/1GB_80,240 250GB_195원/1GB_48,670 "
5834323,삼성전자 860 EVO M.2 SATA,"1TB_158원/1GB_157,950 500GB_168원/1GB_84,210 250GB_213원/1GB_53,290 ","1TB_158원/1GB_158,000 500GB_169원/1GB_84,330 250GB_212원/1GB_52,890 ","1TB_163원/1GB_162,780 500GB_168원/1GB_84,210 250GB_211원/1GB_52,770 "
6088330,삼성전자 860 EVO M.2 SATA 병행수입,"2TB_250원/1GB_499,000 1TB_153원/1GB_152,850 500GB_170원/1GB_84,830 250GB_212원/1GB_53,040 ","2TB_250원/1GB_499,000 1TB_153원/1GB_152,720 500GB_169원/1GB_84,740 250GB_230원/1GB_57,430 ","2TB_250원/1GB_499,000 1TB_152원/1GB_152,340 500GB_169원/1GB_84,620 250GB_229원/1GB_57,340 "
5937242,삼성전자 860 EVO 병행수입,"4TB_174원/1GB_697,490 2TB_159원/1GB_317,410 1TB_148원/1GB_148,000 500GB_163원/1GB_81,650 250GB_196원/1GB_48,950 ","4TB_158원/1GB_630,100 2TB_159원/1GB_317,230 1TB_148원/1GB_148,000 500GB_163원/1GB_81,560 250GB_204원/1GB_51,100 ",0
6045080,삼성전자 860 EVO 병행수입,0,0,"4TB_158원/1GB_630,100 2TB_159원/1GB_317,230 1TB_150원/1GB_150,460 500GB_163원/1GB_81,470 250GB_204원/1GB_51,100 "
6088553,삼성전자 860 EVO 해외구매,"4TB_163원/1GB_650,000 2TB_135원/1GB_269,000 1TB_151원/1GB_150,920 500GB_158원/1GB_79,200 250GB_211원/1GB_52,800 ","4TB_162원/1GB_649,950 2TB_135원/1GB_269,000 1TB_152원/1GB_152,290 500GB_158원/1GB_79,200 250GB_211원/1GB_52,800 ","4TB_124원/1GB_495,530 2TB_134원/1GB_268,950 1TB_152원/1GB_152,290 500GB_158원/1GB_79,200 250GB_211원/1GB_52,800 "
5834144,삼성전자 860 PRO,"2TB_265원/1GB_530,930 1TB_250원/1GB_250,000 512GB_304원/1GB_155,770 256GB_418원/1GB_107,060 ","2TB_264원/1GB_528,650 1TB_250원/1GB_250,000 512GB_303원/1GB_155,330 256GB_418원/1GB_106,880 ","2TB_264원/1GB_528,400 1TB_268원/1GB_267,750 512GB_303원/1GB_155,110 256GB_416원/1GB_106,590 "
5937319,삼성전자 860 PRO 병행수입,"2TB_265원/1GB_530,000 1TB_265원/1GB_265,000 512GB_284원/1GB_145,200 256GB_410원/1GB_104,900 ","2TB_265원/1GB_530,000 1TB_265원/1GB_265,000 512GB_283원/1GB_145,030 256GB_410원/1GB_104,880 ","2TB_265원/1GB_530,000 1TB_265원/1GB_265,000 512GB_283원/1GB_144,800 256GB_401원/1GB_102,600 "
6754546,삼성전자 860 QVO,"4TB_119원/1GB_476,870 2TB_123원/1GB_245,320 1TB_132원/1GB_132,010 ","4TB_119원/1GB_476,690 2TB_123원/1GB_245,140 1TB_132원/1GB_131,890 ","4TB_119원/1GB_476,510 2TB_122원/1GB_244,900 1TB_132원/1GB_131,890 "
7267099,삼성전자 860 QVO 병행수입,"2TB_132원/1GB_263,890 1TB_126원/1GB_126,330 4TB_144원/1GB_575,270 ","2TB_132원/1GB_263,710 1TB_126원/1GB_126,320 4TB_144원/1GB_575,080 ","2TB_132원/1GB_263,470 1TB_126원/1GB_126,080 4TB_144원/1GB_575,080 "
13190711,삼성전자 870 EVO,"4TB_168원/1GB_672,110 2TB_168원/1GB_336,060 1TB_176원/1GB_176,260 500GB_172원/1GB_86,020 250GB_224원/1GB_55,940 ","4TB_179원/1GB_715,000 2TB_176원/1GB_352,000 1TB_188원/1GB_187,500 500GB_180원/1GB_89,780 250GB_238원/1GB_59,500 ","4TB_179원/1GB_715,000 2TB_176원/1GB_352,000 1TB_188원/1GB_187,500 500GB_183원/1GB_91,410 250GB_238원/1GB_59,500 "
13190519,삼성전자 870 EVO,"4TB_168원/1GB_672,110 2TB_168원/1GB_336,060 1TB_176원/1GB_176,260 500GB_172원/1GB_86,020 250GB_224원/1GB_55,940 ","4TB_179원/1GB_715,000 2TB_176원/1GB_352,000 1TB_188원/1GB_187,500 500GB_180원/1GB_89,780 250GB_238원/1GB_59,500 ","4TB_179원/1GB_715,000 2TB_176원/1GB_352,000 1TB_188원/1GB_187,500 500GB_183원/1GB_91,410 250GB_238원/1GB_59,500 "
13417007,삼성전자 870 EVO 병행수입,"1TB_154원/1GB_153,850 250GB_202원/1GB_50,380 2TB_147원/1GB_294,900 500GB_152원/1GB_76,030 ","1TB_154원/1GB_153,850 250GB_202원/1GB_50,380 2TB_147원/1GB_294,540 500GB_152원/1GB_76,030 ","1TB_154원/1GB_153,850 250GB_201원/1GB_50,200 2TB_147원/1GB_294,540 500GB_151원/1GB_75,510 "
13312010,삼성전자 870 EVO 병행수입,"1TB_154원/1GB_153,850 250GB_202원/1GB_50,380 2TB_147원/1GB_294,900 500GB_152원/1GB_76,030 ","1TB_154원/1GB_153,850 250GB_202원/1GB_50,380 2TB_147원/1GB_294,540 500GB_152원/1GB_76,030 ","1TB_154원/1GB_153,850 250GB_201원/1GB_50,200 2TB_147원/1GB_294,540 500GB_151원/1GB_75,510 "
13552973,삼성전자 870 EVO 해외구매,"4TB_160원/1GB_638,110 2TB_---_일시품절 1TB_170원/1GB_169,650 500GB_183원/1GB_91,500 250GB_256원/1GB_64,110 ","4TB_160원/1GB_638,060 2TB_---_일시품절 1TB_170원/1GB_169,650 500GB_174원/1GB_87,010 250GB_256원/1GB_64,110 ","4TB_163원/1GB_652,010 2TB_---_일시품절 1TB_170원/1GB_169,650 500GB_174원/1GB_86,990 250GB_256원/1GB_63,880 "
12092057,삼성전자 870 QVO,"8TB_130원/1GB_1,042,000 4TB_123원/1GB_491,170 2TB_124원/1GB_247,460 1TB_125원/1GB_125,130 ",0,0
11711015,삼성전자 870 QVO,0,"8TB_130원/1GB_1,042,000 4TB_123원/1GB_490,990 2TB_124원/1GB_247,460 1TB_123원/1GB_123,300 ","8TB_130원/1GB_1,042,000 4TB_123원/1GB_490,050 2TB_124원/1GB_247,460 1TB_123원/1GB_123,300 "
13057169,삼성전자 870 QVO 병행수입,"1TB_119원/1GB_118,990 2TB_123원/1GB_246,420 4TB_122원/1GB_487,200 8TB_122원/1GB_975,360 ",0,0
13057166,삼성전자 870 QVO 병행수입,0,"1TB_119원/1GB_118,810 2TB_123원/1GB_246,240 4TB_122원/1GB_487,080 8TB_122원/1GB_975,180 ","1TB_119원/1GB_118,570 2TB_124원/1GB_247,630 4TB_122원/1GB_487,080 8TB_122원/1GB_974,950 "
6095784,삼성전자 970 EVO M.2 NVMe,"2TB_238원/1GB_476,500 1TB_174원/1GB_173,910 500GB_204원/1GB_102,070 250GB_364원/1GB_91,000 ","2TB_238원/1GB_476,500 1TB_178원/1GB_178,300 500GB_204원/1GB_102,010 250GB_375원/1GB_93,740 ","2TB_238원/1GB_476,500 1TB_177원/1GB_176,870 500GB_204원/1GB_102,000 250GB_385원/1GB_96,310 "
6170648,삼성전자 970 EVO M.2 NVMe 병행수입,"2TB_265원/1GB_529,000 1TB_176원/1GB_176,420 500GB_191원/1GB_95,500 250GB_---_일시품절 ","2TB_265원/1GB_529,000 1TB_181원/1GB_180,810 500GB_214원/1GB_106,870 250GB_---_일시품절 ","2TB_265원/1GB_529,000 1TB_177원/1GB_176,920 500GB_214원/1GB_106,870 250GB_---_일시품절 "
6303953,삼성전자 970 EVO M.2 NVMe 해외구매,"2TB_360원/1GB_719,990 1TB_141원/1GB_140,800 500GB_185원/1GB_92,400 250GB_484원/1GB_121,090 ","2TB_360원/1GB_719,990 1TB_141원/1GB_140,800 500GB_185원/1GB_92,400 250GB_484원/1GB_121,090 ","2TB_360원/1GB_719,990 1TB_141원/1GB_140,800 500GB_185원/1GB_92,400 250GB_484원/1GB_121,090 "
7136755,삼성전자 970 EVO Plus M.2 NVMe,"2TB_238원/1GB_475,110 1TB_204원/1GB_204,050 500GB_230원/1GB_115,110 250GB_308원/1GB_76,980 ","2TB_237원/1GB_474,990 1TB_204원/1GB_203,890 500GB_231원/1GB_115,440 250GB_304원/1GB_76,110 ","2TB_237원/1GB_474,810 1TB_203원/1GB_203,140 500GB_229원/1GB_114,500 250GB_313원/1GB_78,230 "
7238566,삼성전자 970 EVO Plus M.2 NVMe 병행수입,"2TB_227원/1GB_454,610 1TB_199원/1GB_199,460 500GB_233원/1GB_116,700 250GB_332원/1GB_82,990 ","2TB_227원/1GB_454,490 1TB_193원/1GB_192,870 500GB_220원/1GB_109,960 250GB_332원/1GB_82,990 ","2TB_227원/1GB_454,310 1TB_193원/1GB_192,690 500GB_233원/1GB_116,700 250GB_332원/1GB_82,990 "
7533328,삼성전자 970 EVO Plus M.2 NVMe 해외구매,"1TB_174원/1GB_173,990 2TB_207원/1GB_414,590 500GB_198원/1GB_98,990 250GB_283원/1GB_70,860 ","1TB_174원/1GB_173,990 2TB_207원/1GB_414,550 500GB_198원/1GB_98,990 250GB_286원/1GB_71,510 ","1TB_174원/1GB_173,990 2TB_207원/1GB_414,550 500GB_198원/1GB_98,990 250GB_286원/1GB_71,440 "
6096738,삼성전자 970 PRO M.2 NVMe,"1TB_372원/1GB_372,430 512GB_353원/1GB_180,800 ","1TB_372원/1GB_371,870 512GB_353원/1GB_180,560 ",0
6096748,삼성전자 970 PRO M.2 NVMe,0,0,"1TB_372원/1GB_371,630 512GB_352원/1GB_180,320 "
13562714,삼성전자 980 M.2 NVMe,"1TB_190원/1GB_190,480 500GB_202원/1GB_100,920 250GB_315원/1GB_78,660 ","1TB_190원/1GB_190,480 500GB_202원/1GB_100,920 250GB_315원/1GB_78,660 ","1TB_190원/1GB_190,400 500GB_202원/1GB_100,890 250GB_315원/1GB_78,640 "
12339347,삼성전자 980 PRO M.2 NVMe,"2TB_293원/1GB_586,990 1TB_288원/1GB_287,650 500GB_367원/1GB_183,310 250GB_453원/1GB_113,280 ","2TB_309원/1GB_617,870 1TB_297원/1GB_296,540 500GB_374원/1GB_186,790 250GB_462원/1GB_115,420 ","2TB_309원/1GB_617,870 1TB_306원/1GB_305,880 500GB_390원/1GB_195,000 250GB_482원/1GB_120,500 "
12997217,삼성전자 980 PRO M.2 NVMe 병행수입,"2TB_300원/1GB_599,000 1TB_258원/1GB_258,090 500GB_311원/1GB_155,500 250GB_389원/1GB_97,200 ","2TB_300원/1GB_599,000 1TB_258원/1GB_258,090 500GB_311원/1GB_155,500 250GB_388원/1GB_97,110 ","2TB_300원/1GB_599,000 1TB_258원/1GB_258,340 500GB_311원/1GB_155,500 250GB_388원/1GB_96,930 "
13080803,삼성전자 980 PRO M.2 NVMe 해외구매,"1TB_259원/1GB_259,050 500GB_312원/1GB_155,910 250GB_423원/1GB_105,700 ","1TB_255원/1GB_254,950 500GB_311원/1GB_155,730 250GB_423원/1GB_105,700 ","1TB_255원/1GB_254,950 500GB_311원/1GB_155,610 250GB_423원/1GB_105,700 "
13083371,삼성전자 PM1733 U.2 to PCIe NVMe 병행수입,"61.44TB_651원/1GB_40,000,000 51.2TB_645원/1GB_33,000,000 30.72TB_651원/1GB_20,000,000 15.36TB_573원/1GB_8,800,000 7.68TB_573원/1GB_4,400,000 3.84TB_573원/1GB_2,200,000 ","61.44TB_651원/1GB_40,000,000 51.2TB_645원/1GB_33,000,000 30.72TB_651원/1GB_20,000,000 15.36TB_573원/1GB_8,800,000 7.68TB_573원/1GB_4,400,000 3.84TB_573원/1GB_2,200,000 ","61.44TB_651원/1GB_40,000,000 51.2TB_645원/1GB_33,000,000 30.72TB_651원/1GB_20,000,000 15.36TB_573원/1GB_8,800,000 7.68TB_573원/1GB_4,400,000 3.84TB_573원/1GB_2,200,000 "
11775154,삼성전자 PM1735 PCIe 병행수입,"12.8TB_773원/1GB_9,900,000 6.4TB_766원/1GB_4,900,000 3.2TB_954원/1GB_3,052,630 ","12.8TB_773원/1GB_9,900,000 6.4TB_766원/1GB_4,900,000 3.2TB_954원/1GB_3,052,630 ","12.8TB_773원/1GB_9,900,000 6.4TB_766원/1GB_4,900,000 3.2TB_954원/1GB_3,052,630 "
13487675,삼성전자 PM871b M.2 SATA 벌크,"128GB_153원/1GB_19,620 256GB_181원/1GB_46,350 512GB_159원/1GB_81,340 ","128GB_162원/1GB_20,700 256GB_181원/1GB_46,350 512GB_159원/1GB_81,340 ","128GB_162원/1GB_20,700 256GB_181원/1GB_46,350 512GB_159원/1GB_81,340 "
13359854,삼성전자 PM881 M.2 SATA 병행수입,"256GB_201원/1GB_51,400 128GB_182원/1GB_23,290 ","256GB_201원/1GB_51,400 128GB_182원/1GB_23,290 ","256GB_201원/1GB_51,400 128GB_182원/1GB_23,290 "
13359701,삼성전자 PM881 M.2 SATA 병행수입,"256GB_201원/1GB_51,400 128GB_182원/1GB_23,290 ",0,0
7063738,삼성전자 PM981 M.2 NVMe 벌크,"512GB_187원/1GB_95,960 256GB_181원/1GB_46,340 128GB_496원/1GB_63,480 ","512GB_192원/1GB_98,070 256GB_181원/1GB_46,250 128GB_496원/1GB_63,480 ","512GB_187원/1GB_95,960 256GB_180원/1GB_46,130 128GB_496원/1GB_63,480 "
5702285,삼성전자 PM981 M.2 NVMe 병행수입,"2TB_169원/1GB_337,920 1TB_145원/1GB_144,740 512GB_170원/1GB_87,000 256GB_200원/1GB_51,110 ",0,0
9952602,삼성전자 PM981 M.2 NVMe 병행수입,0,"2TB_169원/1GB_337,940 1TB_145원/1GB_144,990 512GB_172원/1GB_88,000 256GB_199원/1GB_51,010 ","2TB_169원/1GB_337,700 1TB_143원/1GB_143,340 512GB_172원/1GB_88,000 256GB_199원/1GB_50,920 "
10528728,삼성전자 PM981a M.2 NVMe 벌크,"1TB_156원/1GB_155,600 512GB_190원/1GB_97,360 256GB_195원/1GB_49,890 ","1TB_155원/1GB_155,410 512GB_190원/1GB_97,170 256GB_195원/1GB_49,950 ","1TB_155원/1GB_155,230 512GB_189원/1GB_96,990 256GB_195원/1GB_49,950 "
9966492,삼성전자 PM981a M.2 NVMe 병행수입,"2TB_308원/1GB_616,980 1TB_154원/1GB_154,000 512GB_177원/1GB_90,710 256GB_202원/1GB_51,650 ","2TB_308원/1GB_616,980 1TB_148원/1GB_147,890 512GB_176원/1GB_90,000 256GB_202원/1GB_51,600 ","2TB_308원/1GB_616,980 1TB_149원/1GB_148,980 512GB_175원/1GB_89,530 256GB_205원/1GB_52,430 "
11165538,삼성전자 PM991 M.2 NVMe 벌크,"1TB_145원/1GB_144,820 512GB_177원/1GB_90,560 256GB_184원/1GB_47,000 128GB_176원/1GB_22,480 ","1TB_145원/1GB_144,810 512GB_177원/1GB_90,470 256GB_184원/1GB_47,000 128GB_162원/1GB_20,700 ",0
13761623,삼성전자 PM991 M.2 NVMe 벌크,0,0,"1TB_145원/1GB_144,570 512GB_176원/1GB_90,360 256GB_184원/1GB_47,000 128GB_176원/1GB_22,480 "
10470342,삼성전자 PM991 M.2 NVMe 병행수입,"1TB_140원/1GB_139,500 512GB_198원/1GB_101,550 256GB_204원/1GB_52,350 ","1TB_140원/1GB_139,500 512GB_198원/1GB_101,550 256GB_204원/1GB_52,350 ","1TB_144원/1GB_143,540 512GB_164원/1GB_83,850 256GB_204원/1GB_52,230 "
13649699,삼성전자 PM9A1 M.2 NVMe 벌크,"1TB_359원/1GB_359,050 256GB_264원/1GB_67,480 512GB_244원/1GB_125,050 ","1TB_359원/1GB_359,050 256GB_264원/1GB_67,480 512GB_244원/1GB_125,050 ","1TB_359원/1GB_359,050 256GB_264원/1GB_67,480 512GB_244원/1GB_125,050 "
13550969,삼성전자 PM9A1 M.2 NVMe 벌크,"1TB_359원/1GB_359,050 256GB_264원/1GB_67,480 512GB_244원/1GB_125,050 ","1TB_359원/1GB_359,050 256GB_264원/1GB_67,480 512GB_244원/1GB_125,050 ","1TB_359원/1GB_359,050 256GB_264원/1GB_67,480 512GB_244원/1GB_125,050 "
13344977,삼성전자 PM9A1 M.2 NVMe 병행수입,"512GB_201원/1GB_103,150 256GB_264원/1GB_67,480 ","512GB_204원/1GB_104,700 256GB_264원/1GB_67,480 ","512GB_204원/1GB_104,650 256GB_264원/1GB_67,480 "
5548440,서진네트웍스 UNICORN USB 3.0 to SATA 케이블 (HD-500SATAA),"_---_15,400 ","_---_15,400 ","_---_15,400 "
11850676,스카이디지탈 NEUTRON M.2 NVMe,"1TB_179원/1GB_179,000 ","1TB_179원/1GB_178,950 ","1TB_179원/1GB_178,950 "
5889472,실리콘파워 A55 M.2 SATA,0,0,"1TB_124원/1GB_124,240 512GB_141원/1GB_71,940 256GB_164원/1GB_41,900 128GB_207원/1GB_26,500 "
5592685,실리콘파워 Ace A55,"1TB_124원/1GB_123,680 512GB_130원/1GB_66,500 256GB_148원/1GB_38,000 128GB_195원/1GB_25,000 64GB_452원/1GB_28,900 ","1TB_126원/1GB_126,340 512GB_130원/1GB_66,500 256GB_148원/1GB_38,000 128GB_205원/1GB_26,200 64GB_452원/1GB_28,900 ","1TB_126원/1GB_126,340 512GB_130원/1GB_66,500 256GB_148원/1GB_38,000 128GB_205원/1GB_26,200 64GB_452원/1GB_28,900 "
6580217,실리콘파워 Ace A56,0,0,"1TB_192원/1GB_192,390 512GB_138원/1GB_70,900 256GB_152원/1GB_39,000 128GB_211원/1GB_27,000 "
5974125,실리콘파워 HSD301SV0 Half Slim,0,0,"32GB_1,531원/1GB_49,000 "
5949170,실리콘파워 P32 A80 M.2 NVMe,0,0,"512GB_352원/1GB_180,000 256GB_359원/1GB_92,000 "
10388088,실리콘파워 P34 A60 M.2 NVMe,"1TB_128원/1GB_128,440 512GB_141원/1GB_72,150 256GB_161원/1GB_41,120 ","1TB_128원/1GB_128,290 512GB_132원/1GB_67,340 256GB_164원/1GB_41,980 ","1TB_128원/1GB_128,240 512GB_130원/1GB_66,570 256GB_162원/1GB_41,530 "
7402912,실리콘파워 P34 A80 M.2 NVMe,0,"2TB_157원/1GB_314,840 1TB_155원/1GB_155,000 512GB_172원/1GB_87,990 256GB_236원/1GB_60,500 ","2TB_156원/1GB_311,300 1TB_155원/1GB_155,000 512GB_172원/1GB_87,990 256GB_236원/1GB_60,500 "
13409324,실리콘파워 P34 UD70 M.2 NVMe,0,0,"2TB_132원/1GB_264,700 1TB_136원/1GB_136,300 500GB_151원/1GB_75,500 "
5126885,실리콘파워 Slim S55,0,0,"480GB_246원/1GB_118,000 240GB_156원/1GB_37,500 120GB_217원/1GB_25,990 "
4826773,실리콘파워 Slim S56,0,0,"240GB_149원/1GB_35,850 120GB_213원/1GB_25,580 "
4778586,실리콘파워 Slim S57,0,0,"240GB_292원/1GB_70,000 120GB_467원/1GB_56,090 "
5290589,실리콘파워 Slim S60,0,0,"60GB_765원/1GB_45,900 "
13306445,아이티플러스 2.5 to 3.5 철제 변환 가이드,"_---_1,180 ","_---_1,180 ","_---_1,180 "
12937802,엠씨케이글로벌 OUTTON MK-500 LITE M.2 2242 SATA,"512GB_146원/1GB_75,000 256GB_172원/1GB_44,000 128GB_219원/1GB_28,000 ","512GB_146원/1GB_75,000 256GB_172원/1GB_44,000 128GB_219원/1GB_28,000 ","512GB_146원/1GB_75,000 256GB_172원/1GB_44,000 128GB_219원/1GB_28,000 "
12372446,엠씨케이글로벌 OUTTON MK-500 LITE M.2 NVMe,"1TB_129원/1GB_128,800 512GB_138원/1GB_70,890 256GB_168원/1GB_42,900 128GB_223원/1GB_28,500 ","1TB_129원/1GB_128,800 512GB_138원/1GB_70,890 256GB_168원/1GB_42,900 128GB_223원/1GB_28,500 ",0
12575978,엠씨케이글로벌 OUTTON MK-500 LITE M.2 SATA,"1TB_112원/1GB_111,990 512GB_135원/1GB_69,000 256GB_156원/1GB_40,000 128GB_199원/1GB_25,520 ","1TB_112원/1GB_111,990 512GB_135원/1GB_69,000 256GB_156원/1GB_40,000 128GB_199원/1GB_25,520 ",0
12545057,엠씨케이글로벌 OUTTON MK-500 LITE SSD,"1TB_107원/1GB_106,990 512GB_126원/1GB_64,500 256GB_136원/1GB_34,900 128GB_203원/1GB_26,000 ","1TB_107원/1GB_106,990 512GB_126원/1GB_64,500 256GB_136원/1GB_34,900 128GB_203원/1GB_26,000 ","1TB_107원/1GB_106,990 512GB_126원/1GB_64,500 256GB_136원/1GB_34,900 128GB_203원/1GB_25,980 "
12937820,엠씨케이글로벌 OUTTON MK-500 LITE mSATA,"1TB_141원/1GB_140,700 512GB_156원/1GB_80,030 256GB_180원/1GB_45,990 128GB_219원/1GB_28,090 ","1TB_141원/1GB_140,700 512GB_156원/1GB_80,030 256GB_180원/1GB_46,000 128GB_219원/1GB_28,090 ","1TB_141원/1GB_140,700 512GB_156원/1GB_80,030 256GB_180원/1GB_46,000 128GB_219원/1GB_28,090 "
13102217,엠씨케이글로벌 OUTTON MK-500 벌크,120GB_---_일시품절 ,120GB_---_일시품절 ,120GB_---_일시품절 
4942383,엠지텍 MG877K,"960GB_104원/1GB_99,880 480GB_155원/1GB_74,310 360GB_194원/1GB_69,900 240GB_154원/1GB_36,980 120GB_193원/1GB_23,210 ","960GB_104원/1GB_99,880 480GB_155원/1GB_74,310 360GB_194원/1GB_69,900 240GB_153원/1GB_36,760 120GB_191원/1GB_22,890 ","960GB_104원/1GB_99,880 480GB_166원/1GB_79,900 360GB_194원/1GB_69,900 240GB_153원/1GB_36,700 120GB_197원/1GB_23,650 "
9471294,엠지텍 MG880,"2TB_124원/1GB_248,990 ",0,0
13079615,유커머스 M.2 NVMe to PCIe 변환카드,"SSD미포함_---_9,470 ","SSD미포함_---_9,380 ","SSD미포함_---_9,270 "
13392800,유커머스 UC-CP76 M.2 to PCI-E 컨버터,SSD미포함_---_일시품절 ,SSD미포함_---_일시품절 ,SSD미포함_---_일시품절 
13359086,유커머스 UC-CP85 M.2 to PCI-E 컨버터,"SSD미포함_---_9,340 ","SSD미포함_---_9,340 ","SSD미포함_---_9,340 "
13389554,유커머스 UC-CP86 듀얼 M.2 to PCI-E 컨버터,"SSD미포함_---_9,510 ","SSD미포함_---_9,510 ","SSD미포함_---_9,510 "
13390967,유커머스 UC-CP87 M.2 to SATA3 컨버터,"SSD미포함_---_8,010 ","SSD미포함_---_8,980 ","SSD미포함_---_8,980 "
13392602,유커머스 UC-CP94 M.2 to PCI-E 컨버터,"SSD미포함_---_14,670 ","SSD미포함_---_14,670 ","SSD미포함_---_14,670 "
13392977,유커머스 UC-CP95 M.2 to PCI-E 컨버터,"SSD미포함_---_14,200 ","SSD미포함_---_14,200 ","SSD미포함_---_14,200 "
6249368,이메이션 A320,"240GB_154원/1GB_36,960 120GB_208원/1GB_24,960 ","240GB_160원/1GB_38,500 120GB_217원/1GB_26,000 ","240GB_160원/1GB_38,500 120GB_217원/1GB_26,000 "
6482956,이메이션 C321,"1TB_118원/1GB_118,080 512GB_128원/1GB_65,280 256GB_150원/1GB_38,400 128GB_203원/1GB_25,920 ","1TB_123원/1GB_123,000 512GB_133원/1GB_68,000 256GB_156원/1GB_40,000 128GB_211원/1GB_27,000 ","1TB_123원/1GB_123,000 512GB_133원/1GB_68,000 256GB_156원/1GB_40,000 128GB_211원/1GB_27,000 "
5939582,이메이션 V531 M.2 SATA,0,"1TB_139원/1GB_139,000 512GB_138원/1GB_70,900 256GB_184원/1GB_47,000 128GB_203원/1GB_26,000 ",0
10102659,이메이션 X831 M.2 NVMe,"2TB_143원/1GB_285,000 1TB_133원/1GB_133,000 512GB_140원/1GB_71,900 256GB_168원/1GB_43,000 128GB_223원/1GB_28,500 ",0,0
10102671,이메이션 X831 M.2 NVMe,0,"2TB_143원/1GB_285,000 1TB_133원/1GB_133,000 512GB_140원/1GB_71,900 256GB_168원/1GB_43,000 128GB_223원/1GB_28,500 ","2TB_143원/1GB_285,000 1TB_133원/1GB_133,000 512GB_140원/1GB_71,900 256GB_168원/1GB_43,000 128GB_223원/1GB_28,500 "
6930304,이메이션 X931 M.2 NVMe,"1TB_136원/1GB_136,320 512GB_150원/1GB_76,710 256GB_203원/1GB_51,840 ","1TB_142원/1GB_142,000 512GB_156원/1GB_79,900 256GB_211원/1GB_54,000 ","1TB_142원/1GB_142,000 512GB_156원/1GB_79,900 256GB_211원/1GB_54,000 "
13228772,이지넷유비쿼터스 NEXT-338TC USB-C to SATA 컨버터,"_---_17,970 ","_---_17,970 ","_---_17,970 "
3229500,이지넷유비쿼터스 NEXT-418U3 SATA,"_---_18,400 ","_---_18,400 ","_---_18,400 "
13228940,이지넷유비쿼터스 NEXT-448TC USB-C to SATA 컨버터,"_---_17,970 ","_---_17,970 ","_---_17,970 "
5115382,이지넷유비쿼터스 USB 2.0 to SATA/IDE 컨트롤러 (NEXT-218SATAIDE NEW),"_---_14,700 ","_---_14,680 ","_---_14,680 "
3932027,이지넷유비쿼터스 USB 3.0 2.5형 SSD/HDD SATA3 컨트롤러 (NEXT-415MU3),"_---_6,500 ","_---_6,500 ","_---_6,500 "
1510996,이지넷유비쿼터스 USB 3.0 to SATA 확장 어댑터 (NEXT-318U3),"_---_17,990 ","_---_18,400 ","_---_18,400 "
9831483,이지넷유비쿼터스 USB 3.0 to SATA/IDE 컨트롤러 (NEXT-518U3 SATAIDE),"_---_17,620 ","_---_17,620 ","_---_17,620 "
6449251,인텔 660P M.2 NVMe,"2TB_162원/1GB_324,000 1TB_157원/1GB_157,400 512GB_154원/1GB_78,990 ","2TB_162원/1GB_324,000 1TB_157원/1GB_157,400 512GB_154원/1GB_78,990 ","2TB_162원/1GB_324,000 1TB_157원/1GB_157,400 512GB_154원/1GB_78,990 "
13686647,인텔 DC P4610,7.68TB_---_가격비교예정 6.4TB_---_가격비교예정 3.2TB_---_일시품절 1.6TB_---_가격비교예정 ,7.68TB_---_가격비교예정 6.4TB_---_가격비교예정 3.2TB_---_일시품절 1.6TB_---_가격비교예정 ,7.68TB_---_가격비교예정 6.4TB_---_가격비교예정 3.2TB_---_일시품절 1.6TB_---_가격비교예정 
13710113,인텔 DC P4610 해외구매,"7.68TB_671원/1GB_5,150,700 6.4TB_645원/1GB_4,130,100 3.2TB_363원/1GB_1,162,200 1.6TB_713원/1GB_1,141,290 ","7.68TB_671원/1GB_5,150,700 6.4TB_645원/1GB_4,130,100 3.2TB_363원/1GB_1,162,200 1.6TB_713원/1GB_1,141,290 ","7.68TB_671원/1GB_5,150,700 6.4TB_645원/1GB_4,130,100 3.2TB_363원/1GB_1,162,200 1.6TB_713원/1GB_1,141,290 "
13514987,인텔 Optane Memory M10 M.2 NVMe 벌크,16GB_---_일시품절 ,16GB_---_일시품절 ,16GB_---_일시품절 
13547252,인텔 Optane Memory M10 M.2 NVMe 해외구매,"64GB_4,607원/1GB_294,840 32GB_4,324원/1GB_138,360 16GB_4,887원/1GB_78,190 ","64GB_4,607원/1GB_294,840 32GB_4,324원/1GB_138,360 16GB_4,887원/1GB_78,190 ","64GB_4,607원/1GB_294,840 32GB_4,324원/1GB_138,360 16GB_4,887원/1GB_78,190 "
12952220,장우컴퍼니 JW JP600 M.2 NVMe 벌크,"1TB_132원/1GB_132,010 512GB_133원/1GB_67,850 ","1TB_132원/1GB_131,890 512GB_132원/1GB_67,760 ",0
13105946,조이쿨 3.5 변환 SSD 가이드,_---_750 ,_---_750 ,_---_750 
13652951,조이쿨 M.2 SSD 고정용 나사 100개입,"_---_2,500 ","_---_2,500 ","_---_2,500 "
13652939,조이쿨 M.2 SSD 고정용 나사 20개입,_---_600 ,_---_600 ,_---_600 
13761053,케이엘시스템 KLcom 2.5 to 3.5 듀얼 가이드,"_---_1,500 ","_---_1,500 ","_---_1,500 "
13761134,케이엘시스템 KLcom 2.5 to 3.5 싱글 가이드,"_---_1,050 ","_---_1,050 ","_---_1,050 "
1418540,케이원정보 SCB101 듀얼 가이드,"_---_2,100 ","_---_2,070 ","_---_2,100 "
12088040,큐닉스그룹 큐닉스 LIGHTNING SERIES SSD,"256GB_166원/1GB_42,500 ","256GB_166원/1GB_42,500 ","256GB_166원/1GB_42,500 "
12088118,큐닉스그룹 큐닉스 LIGHTNING SERIES SSD 벌크,"512GB_132원/1GB_67,490 256GB_156원/1GB_39,930 ","512GB_132원/1GB_67,480 256GB_156원/1GB_39,840 ","512GB_132원/1GB_67,360 256GB_155원/1GB_39,730 "
12088337,큐닉스그룹 큐닉스 PLASMA SERIES M.2 NVMe,"1TB_160원/1GB_160,000 512GB_163원/1GB_83,500 256GB_192원/1GB_49,200 ","1TB_160원/1GB_160,000 512GB_163원/1GB_83,500 256GB_192원/1GB_49,200 ","1TB_160원/1GB_160,000 512GB_163원/1GB_83,500 256GB_192원/1GB_49,200 "
12088361,큐닉스그룹 큐닉스 PLASMA SERIES M.2 NVMe 벌크,"1TB_151원/1GB_151,480 512GB_154원/1GB_79,080 256GB_189원/1GB_48,300 ","1TB_151원/1GB_151,350 512GB_154원/1GB_79,010 256GB_189원/1GB_48,300 ","1TB_151원/1GB_151,350 512GB_154원/1GB_79,010 256GB_189원/1GB_48,300 "
11370417,큐닉스그룹 큐닉스 PLASMA SERIES SSD,"1TB_120원/1GB_120,490 512GB_128원/1GB_65,790 256GB_140원/1GB_35,850 240GB_148원/1GB_35,530 128GB_186원/1GB_23,790 120GB_196원/1GB_23,550 ",0,0
11370459,큐닉스그룹 큐닉스 PLASMA SERIES SSD,0,"1TB_120원/1GB_120,490 512GB_128원/1GB_65,730 256GB_140원/1GB_35,760 240GB_148원/1GB_35,460 128GB_185원/1GB_23,720 120GB_196원/1GB_23,550 ","1TB_120원/1GB_120,490 512GB_128원/1GB_65,730 256GB_140원/1GB_35,760 240GB_148원/1GB_35,460 128GB_185원/1GB_23,720 120GB_196원/1GB_23,550 "
11384787,큐닉스그룹 큐닉스 PLASMA SERIES SSD 벌크,"512GB_128원/1GB_65,290 256GB_141원/1GB_36,220 240GB_143원/1GB_34,380 128GB_183원/1GB_23,390 120GB_193원/1GB_23,100 ","512GB_128원/1GB_65,290 256GB_141원/1GB_36,220 240GB_143원/1GB_34,380 128GB_183원/1GB_23,390 120GB_193원/1GB_23,100 ","512GB_128원/1GB_65,290 256GB_141원/1GB_36,220 240GB_143원/1GB_34,380 128GB_183원/1GB_23,390 120GB_193원/1GB_23,100 "
12384764,크로셀 CORE,"512GB_135원/1GB_68,870 500GB_137원/1GB_68,470 256GB_141원/1GB_36,000 240GB_167원/1GB_39,980 128GB_187원/1GB_23,980 120GB_204원/1GB_24,420 ","512GB_137원/1GB_69,950 500GB_137원/1GB_68,470 256GB_141원/1GB_36,000 240GB_167원/1GB_39,980 128GB_188원/1GB_24,000 120GB_212원/1GB_25,480 ","512GB_137원/1GB_69,910 500GB_137원/1GB_68,470 256GB_141원/1GB_36,000 240GB_167원/1GB_39,980 128GB_188원/1GB_24,000 120GB_212원/1GB_25,480 "
11282853,키오시아 EXCERIA,"480GB_144원/1GB_69,000 240GB_183원/1GB_43,870 ","480GB_144원/1GB_69,000 240GB_183원/1GB_43,840 ","480GB_142원/1GB_68,240 240GB_183원/1GB_43,850 "
11283033,키오시아 EXCERIA M.2 NVMe,"1TB_135원/1GB_134,500 500GB_144원/1GB_71,900 250GB_221원/1GB_55,220 ","1TB_135원/1GB_134,500 500GB_144원/1GB_71,900 250GB_221원/1GB_55,220 ","1TB_134원/1GB_134,440 500GB_142원/1GB_71,150 250GB_227원/1GB_56,700 "
11283222,키오시아 EXCERIA PLUS M.2 NVMe,"2TB_195원/1GB_389,020 1TB_188원/1GB_187,500 500GB_175원/1GB_87,300 ","2TB_195원/1GB_389,020 1TB_188원/1GB_187,500 500GB_175원/1GB_87,300 ","2TB_195원/1GB_389,020 1TB_187원/1GB_187,440 500GB_175원/1GB_87,300 "
13086503,키오시아 M.2 2230 NVMe 벌크,128GB_---_일시품절 ,128GB_---_일시품절 ,128GB_---_일시품절 
13674593,킹스톤 A2000 M.2 NVMe 해외구매,"1TB_177원/1GB_177,000 500GB_158원/1GB_79,000 250GB_215원/1GB_53,700 ","1TB_177원/1GB_177,000 500GB_158원/1GB_78,980 250GB_215원/1GB_53,700 ","1TB_177원/1GB_177,000 500GB_158원/1GB_78,980 250GB_215원/1GB_53,700 "
13672367,킹스톤 A400 M.2 SATA 해외구매,"480GB_263원/1GB_126,200 240GB_281원/1GB_67,500 120GB_396원/1GB_47,500 ","480GB_263원/1GB_126,200 240GB_281원/1GB_67,500 120GB_396원/1GB_47,500 ","480GB_263원/1GB_126,200 240GB_281원/1GB_67,500 120GB_396원/1GB_47,500 "
9496839,타무즈 GK300,"1TB_118원/1GB_117,890 512GB_126원/1GB_64,360 480GB_162원/1GB_77,790 256GB_145원/1GB_37,110 240GB_146원/1GB_35,050 128GB_187원/1GB_23,920 120GB_191원/1GB_22,860 64GB_297원/1GB_18,980 ","1TB_118원/1GB_117,700 512GB_126원/1GB_64,270 480GB_162원/1GB_77,700 256GB_150원/1GB_38,400 240GB_146원/1GB_34,960 128GB_192원/1GB_24,610 120GB_191원/1GB_22,860 64GB_295원/1GB_18,890 ","1TB_118원/1GB_117,520 512GB_125원/1GB_64,150 480GB_162원/1GB_77,580 256GB_150원/1GB_38,400 240GB_145원/1GB_34,850 128GB_192원/1GB_24,610 120GB_191원/1GB_22,860 64GB_293원/1GB_18,770 "
12881180,타무즈 GK300 벌크,"240GB_165원/1GB_39,660 120GB_196원/1GB_23,540 ","240GB_165원/1GB_39,660 120GB_196원/1GB_23,540 ","240GB_149원/1GB_35,840 120GB_196원/1GB_23,540 "
9933225,타무즈 GK500,"512GB_243원/1GB_124,200 256GB_234원/1GB_59,800 128GB_290원/1GB_37,100 ",0,0
9933246,타무즈 GK500,0,"512GB_243원/1GB_124,200 256GB_234원/1GB_59,800 128GB_290원/1GB_37,100 ","512GB_243원/1GB_124,200 256GB_234원/1GB_59,800 128GB_290원/1GB_37,100 "
11961251,타무즈 GK600 PRIME,"1TB_137원/1GB_136,600 500GB_139원/1GB_69,320 250GB_182원/1GB_45,400 ","1TB_137원/1GB_136,600 500GB_138원/1GB_69,220 250GB_182원/1GB_45,400 ","1TB_137원/1GB_136,600 500GB_138원/1GB_69,220 250GB_182원/1GB_45,400 "
11887951,타무즈 GKM330 M.2 2242 SATA,"1TB_155원/1GB_155,420 512GB_176원/1GB_90,300 256GB_185원/1GB_47,280 128GB_303원/1GB_38,780 64GB_547원/1GB_35,000 ","1TB_155원/1GB_155,240 512GB_176원/1GB_90,120 256GB_185원/1GB_47,270 128GB_303원/1GB_38,720 64GB_547원/1GB_35,000 ","1TB_155원/1GB_155,000 512GB_176원/1GB_89,890 256GB_184원/1GB_47,150 128GB_303원/1GB_38,720 64GB_546원/1GB_34,950 "
9701343,타무즈 GKM330 M.2 SATA,"1TB_118원/1GB_118,120 512GB_128원/1GB_65,400 256GB_148원/1GB_38,000 128GB_233원/1GB_29,850 ","1TB_118원/1GB_118,120 512GB_128원/1GB_65,400 256GB_148원/1GB_38,000 128GB_233원/1GB_29,760 ",0
9701295,타무즈 GKM330 M.2 SATA,0,0,"1TB_118원/1GB_118,120 512GB_128원/1GB_65,400 256GB_148원/1GB_38,000 128GB_232원/1GB_29,640 "
10764075,타무즈 GKV700 M.2 NVMe,"1TB_124원/1GB_124,030 512GB_138원/1GB_70,800 256GB_180원/1GB_46,000 ","1TB_124원/1GB_123,850 512GB_138원/1GB_70,800 256GB_180원/1GB_46,000 ","1TB_124원/1GB_123,610 512GB_138원/1GB_70,800 256GB_180원/1GB_46,000 "
10034049,타무즈 GKX370 mSATA,"1TB_213원/1GB_213,250 512GB_169원/1GB_86,620 256GB_205원/1GB_52,540 128GB_256원/1GB_32,830 64GB_380원/1GB_24,350 ","1TB_213원/1GB_213,070 512GB_169원/1GB_86,620 256GB_211원/1GB_53,990 128GB_256원/1GB_32,830 64GB_397원/1GB_25,430 ","1TB_213원/1GB_212,830 512GB_169원/1GB_86,620 256GB_211원/1GB_53,990 128GB_256원/1GB_32,720 64GB_397원/1GB_25,430 "
10033878,타무즈 GKX570 mSATA 벌크,"256GB_374원/1GB_95,660 128GB_377원/1GB_48,300 64GB_647원/1GB_41,400 32GB_1,041원/1GB_33,310 16GB_1,363원/1GB_21,800 ","256GB_374원/1GB_95,650 128GB_377원/1GB_48,300 64GB_647원/1GB_41,400 32GB_1,038원/1GB_33,220 16GB_1,360원/1GB_21,760 ",0
10033824,타무즈 GKX570 mSATA 벌크,0,0,"256GB_373원/1GB_95,410 128GB_377원/1GB_48,300 64GB_647원/1GB_41,400 32GB_1,034원/1GB_33,100 16GB_1,356원/1GB_21,700 "
4962796,타무즈 M530 M.2 SATA,120GB_---_일시품절 ,120GB_---_일시품절 ,120GB_---_일시품절 
5523970,타무즈 M540 M.2 SATA,"512GB_292원/1GB_149,610 256GB_230원/1GB_58,830 ","512GB_292원/1GB_149,610 256GB_230원/1GB_58,830 ","512GB_292원/1GB_149,610 256GB_230원/1GB_58,830 "
6211370,타무즈 M550 XT M.2 SATA,"1TB_120원/1GB_119,910 512GB_133원/1GB_67,900 256GB_198원/1GB_50,600 ","1TB_120원/1GB_119,910 512GB_127원/1GB_65,230 256GB_198원/1GB_50,600 ","1TB_120원/1GB_119,910 512GB_133원/1GB_67,900 256GB_198원/1GB_50,600 "
6405689,타무즈 M720 PRO M.2 NVMe,"1TB_237원/1GB_237,300 512GB_207원/1GB_105,870 256GB_232원/1GB_59,460 ","1TB_237원/1GB_237,300 512GB_206원/1GB_105,690 256GB_232원/1GB_59,370 ","1TB_237원/1GB_237,300 512GB_206원/1GB_105,450 256GB_232원/1GB_59,310 "
6031509,타무즈 M730 HT M.2 NVMe,"512GB_213원/1GB_109,200 256GB_433원/1GB_110,860 ","512GB_213원/1GB_109,200 256GB_433원/1GB_110,860 ","512GB_213원/1GB_109,200 256GB_433원/1GB_110,860 "
6031427,타무즈 M730 M.2 NVMe,"512GB_213원/1GB_109,010 256GB_280원/1GB_71,650 128GB_902원/1GB_115,420 ","512GB_213원/1GB_109,000 256GB_280원/1GB_71,560 128GB_902원/1GB_115,420 ","512GB_212원/1GB_108,760 256GB_279원/1GB_71,440 128GB_902원/1GB_115,420 "
6472240,타무즈 M740 M.2 NVMe,"1TB_---_일시품절 512GB_231원/1GB_118,360 256GB_289원/1GB_73,920 128GB_296원/1GB_37,920 ","1TB_---_일시품절 512GB_232원/1GB_118,620 256GB_293원/1GB_75,000 128GB_319원/1GB_40,800 ","1TB_---_일시품절 512GB_232원/1GB_118,620 256GB_293원/1GB_75,000 128GB_319원/1GB_40,800 "
3957974,타무즈 MX370 mSATA,128GB_---_일시품절 ,128GB_---_일시품절 ,128GB_---_일시품절 
7614049,타무즈 MX390 mSATA,"128GB_405원/1GB_51,900 ","128GB_405원/1GB_51,900 ","128GB_405원/1GB_51,900 "
4279607,타무즈 RX460,"120GB_292원/1GB_35,090 ","120GB_292원/1GB_35,090 ","120GB_292원/1GB_35,090 "
4755995,타무즈 RX470,"120GB_499원/1GB_59,850 ","120GB_499원/1GB_59,850 ","120GB_499원/1GB_59,850 "
4882565,타무즈 RX540,"128GB_242원/1GB_31,000 ","128GB_242원/1GB_31,000 ","128GB_242원/1GB_31,000 "
5786466,타무즈 RX550,"512GB_177원/1GB_90,840 480GB_167원/1GB_80,000 256GB_378원/1GB_96,700 240GB_182원/1GB_43,660 128GB_488원/1GB_62,450 120GB_520원/1GB_62,450 ","512GB_177원/1GB_90,830 480GB_167원/1GB_80,000 256GB_378원/1GB_96,700 240GB_182원/1GB_43,660 128GB_488원/1GB_62,450 120GB_520원/1GB_62,450 ",0
6109762,타무즈 RX550,0,0,"512GB_183원/1GB_93,900 480GB_167원/1GB_80,000 256GB_378원/1GB_96,700 240GB_182원/1GB_43,660 128GB_488원/1GB_62,450 120GB_520원/1GB_62,450 "
6306466,타무즈 RX550 PRO,"1TB_238원/1GB_237,960 500GB_147원/1GB_73,500 250GB_320원/1GB_80,030 ","1TB_238원/1GB_237,960 500GB_147원/1GB_73,500 250GB_320원/1GB_80,030 ","1TB_238원/1GB_237,960 500GB_147원/1GB_73,500 250GB_320원/1GB_80,030 "
5272090,타무즈 RX550 벌크,"120GB_471원/1GB_56,500 ","120GB_471원/1GB_56,500 ","120GB_471원/1GB_56,500 "
4039733,타무즈 RX630,"256GB_334원/1GB_85,410 128GB_312원/1GB_39,900 32GB_1,642원/1GB_52,550 ","256GB_334원/1GB_85,410 128GB_312원/1GB_39,900 32GB_1,642원/1GB_52,550 ","256GB_334원/1GB_85,410 128GB_312원/1GB_39,900 32GB_1,642원/1GB_52,550 "
6998212,탑라인에이치디 HDTOP USB 3.0 to SATA 2.5형 컨버터 (HT-A100),"_---_5,690 ","_---_5,690 ","_---_5,690 "
8842694,트랜센드 MSA230S mSATA,"256GB_223원/1GB_57,000 128GB_262원/1GB_33,500 64GB_426원/1GB_27,240 ","256GB_223원/1GB_57,000 128GB_262원/1GB_33,500 64GB_430원/1GB_27,500 ",0
6242066,트랜센드 MTE110S M.2 NVMe,"1TB_144원/1GB_144,420 512GB_144원/1GB_73,980 256GB_183원/1GB_46,750 128GB_236원/1GB_30,210 ","1TB_147원/1GB_146,500 512GB_149원/1GB_76,500 256GB_186원/1GB_47,500 128GB_246원/1GB_31,500 ","1TB_147원/1GB_146,500 512GB_149원/1GB_76,500 256GB_186원/1GB_47,500 128GB_246원/1GB_31,500 "
8049874,트랜센드 MTE220S M.2 NVMe,0,"2TB_161원/1GB_322,000 1TB_161원/1GB_161,000 512GB_176원/1GB_90,000 256GB_238원/1GB_61,000 ",0
6798502,트랜센드 MTS830S M.2 SATA,"1TB_150원/1GB_150,000 512GB_155원/1GB_79,390 256GB_182원/1GB_46,510 128GB_236원/1GB_30,210 ",0,0
3975348,트랜센드 SSD220S,"480GB_149원/1GB_71,500 240GB_175원/1GB_41,940 120GB_226원/1GB_27,090 ","480GB_149원/1GB_71,500 240GB_181원/1GB_43,490 120GB_236원/1GB_28,310 ","480GB_152원/1GB_73,000 240GB_181원/1GB_43,490 120GB_236원/1GB_28,310 "
4825624,트랜센드 SSD230S,"2TB_145원/1GB_289,000 1TB_144원/1GB_144,000 512GB_160원/1GB_82,000 256GB_183원/1GB_46,890 128GB_250원/1GB_32,000 ","2TB_145원/1GB_289,000 1TB_144원/1GB_144,000 512GB_160원/1GB_82,000 256GB_191원/1GB_49,000 128GB_261원/1GB_33,420 ","2TB_145원/1GB_289,000 1TB_144원/1GB_144,000 512GB_160원/1GB_82,000 256GB_191원/1GB_49,000 128GB_262원/1GB_33,500 "
3190082,트랜센드 SSD370S,"1TB_599원/1GB_599,000 512GB_488원/1GB_250,000 256GB_461원/1GB_117,990 128GB_539원/1GB_68,990 64GB_609원/1GB_38,990 32GB_875원/1GB_28,000 ","1TB_599원/1GB_599,000 512GB_488원/1GB_250,000 256GB_461원/1GB_117,990 128GB_539원/1GB_68,990 64GB_638원/1GB_40,860 32GB_875원/1GB_28,000 ","1TB_599원/1GB_599,000 512GB_488원/1GB_250,000 256GB_461원/1GB_117,990 128GB_539원/1GB_68,990 64GB_638원/1GB_40,860 32GB_875원/1GB_28,000 "
6150708,파이슨 PSS T500i 벌크,"240GB_258원/1GB_62,000 32GB_560원/1GB_17,910 ","240GB_258원/1GB_62,000 32GB_559원/1GB_17,900 ","240GB_258원/1GB_62,000 32GB_559원/1GB_17,900 "
7981351,한창코퍼레이션 Cloud SSD,"512GB_113원/1GB_57,800 480GB_116원/1GB_55,620 256GB_157원/1GB_40,220 128GB_178원/1GB_22,800 120GB_191원/1GB_22,880 ","512GB_113원/1GB_57,800 480GB_116원/1GB_55,620 256GB_157원/1GB_40,220 128GB_178원/1GB_22,800 120GB_191원/1GB_22,880 ","512GB_113원/1GB_57,800 480GB_116원/1GB_55,620 256GB_157원/1GB_40,220 128GB_179원/1GB_22,900 120GB_191원/1GB_22,880 "
