Id,Name,2026-10-01 14:10:23,2026-10-02 14:00:17,2026-10-03 13:42:57,2026-10-04 14:14:29,2026-10-05 13:58:45
54101633,ADT Link UT3G (해외구매),"220,710","220,710","220,710","220,710","220,710"
78306452,AFOX 라데온 RX 580 2048SP D5 8GB 디앤디컴,"185,990","185,990","185,990","185,990","185,990"
104752559,AFOX 라데온 RX 580 2048SP H3 D5 8GB 대원씨티에스,"175,620","175,620","175,620","175,620","175,620"
14077739,AFOX 지포스 G210 D3 512MB LP 디앤디컴,"26,000","26,000","26,000","26,000","26,000"
28624916,AFOX 지포스 GT1030 L5 D5 2GB LP 디앤디컴,"120,140","120,140","120,140","120,140","121,980"
6288917,AFOX 지포스 GT710 L5 D3 1GB LP 디앤디컴,"59,000","58,500","58,490","58,490","58,490"
14077574,AFOX 지포스 GT730 D3 2GB LP 무소음 디앤디컴,"68,530","68,530","68,530","68,530","68,530"
36709184,AFOX 지포스 GTX 1650 D6 4GB 대원씨티에스,"287,800","287,800","287,800","287,800","287,800"
68241932,AFOX 지포스 GTX 1660 SUPER H7 D6 6GB DUAL 백플레이트 대원씨티에스,"299,000","299,000","299,000","299,000","299,000"
101077676,AFOX 지포스 GTX1050 Ti H7 D5 4GB 대원씨티에스,"210,000","210,000","210,000","210,000","210,000"
62160119,AFOX 지포스 GTX1050 Ti H7 D5 4GB 디앤디컴,"206,510","206,510","206,510","206,510","206,510"
21540362,AFOX 지포스 RTX 3070 D6 8GB 대원씨티에스,"651,290","651,290","651,290","651,290","651,290"
54103622,AKiTiO 노드 타이탄 eGPU BOX (해외구매),"748,800","748,800","748,800","748,800","748,800"
15360209,AMD 라데온 PRO W5500 D6 8GB 대원씨티에스,"381,400","381,400","381,400","381,400","381,400"
26036747,AMD 라데온 PRO W7500 D6 8GB,"860,930","860,930","860,930","860,930","860,930"
26035931,AMD 라데온 PRO W7600 D6 8GB,"1,160,220","1,160,220","1,160,220","1,160,220","1,160,220"
5492030,AMD 라데온 PRO WX2100 D5 2GB LP,"236,550","236,550","236,550","236,550","236,550"
14296337,AMD 라데온 PRO WX3200 D5 4GB LP 대원씨티에스,"203,500","203,500","203,500","203,500","203,500"
79400453,AOOSTAR XG76XT 라데온 RX 7600 XT D6 8GB (해외구매),"767,904","767,904","767,904","767,904","767,904"
10427364,ARKTEK 지포스 GTX 1660 SUPER D6 6GB,"311,850","311,850","311,850","311,850","311,850"
124335705,ARKTEK 지포스 GTX 1660 SUPER Dual Fan D6 6GB,가격비교예정,가격비교예정,가격비교예정,가격비교예정,가격비교예정
71010194,ASL 지포스 GTX 1660 SUPER RAGE-X D6 6GB,"275,000","275,000","275,000","275,000","275,000"
98771519,ASRock 라데온 AI PRO R9700 Creator D6 32GB 대원씨티에스,"2,878,980","2,878,980","2,878,980","2,878,980","2,878,970"
17420300,ASRock 라데온 RX 6600 CHALLENGER D D6 8GB 대원씨티에스,"439,900","439,900","439,900","439,900","439,900"
27546905,ASRock 라데온 RX 7600 CHALLENGER OC D6 8GB 대원씨티에스,"494,920","494,920","494,920","494,920","494,920"
97410422,ASRock 라데온 RX 9060 CHALLENGER D6 8GB 대원씨티에스,"588,780","588,780","588,780","588,780","588,780"
91909763,ASRock 라데온 RX 9060 XT CHALLENGER OC D6 16GB 대원씨티에스,"789,340","790,490","790,490","510,690","510,690"
91909691,ASRock 라데온 RX 9060 XT CHALLENGER OC D6 8GB 대원씨티에스,"658,000","658,000","658,000","658,000","658,000"
91909781,ASRock 라데온 RX 9060 XT 스틸레전드 OC D6 16GB 대원씨티에스,"884,670","884,670","884,670","546,030","546,030"
91909775,ASRock 라데온 RX 9060 XT 스틸레전드 OC D6 8GB 대원씨티에스,"630,000","630,000","630,000","504,000","504,000"
78985724,ASRock 라데온 RX 9070 Challenger D6 16GB 대원씨티에스,0,"996,760","996,760","996,760","996,760"
99711887,ASRock 라데온 RX 9070 XT CHALLENGER D6 16GB 대원씨티에스,"1,359,000","1,359,000","1,359,000","1,358,970","1,358,860"
77317754,ASRock 라데온 RX 9070 XT Taichi OC D6 16GB 대원씨티에스,"1,716,710","1,716,670","1,716,560","1,716,480","1,716,430"
77318285,ASRock 라데온 RX 9070 XT 스틸레전드 D6 16GB 대원씨티에스,"1,498,980","1,498,980","1,498,980","959,330","959,330"
90701579,ASRock 라데온 RX 9070 XT 스틸레전드 DARK D6 16GB 대원씨티에스,"1,499,000","1,499,000","1,518,620","934,390","934,390"
77318354,ASRock 라데온 RX 9070 스틸레전드 OC D6 16GB 대원씨티에스,0,0,0,"838,730","838,730"
124335198,ASUS ASUS 지포스 RTX 5060 Ti OC D7 8GB T1 Edition 코잇,가격비교예정,가격비교예정,가격비교예정,가격비교예정,가격비교예정
74341484,ASUS DUAL 라데온 RX 7600 O8G EVO OC D6 8GB,"459,700","459,650","459,630","459,610","459,570"
95985854,ASUS DUAL 라데온 RX 9060 D6 8GB 대원씨티에스,"583,520","583,490","581,930","364,700","364,700"
122713927,ASUS DUAL 라데온 RX 9060 D6 8GB 엠버 앤 블레이드 에디션 대원씨티에스,"598,980","598,980","598,980","598,980","598,980"
124326639,ASUS DUAL 라데온 RX 9060 D6 8GB 인텍앤컴퍼니,가격비교예정,가격비교예정,"593,010","593,010","593,010"
97117439,ASUS DUAL 라데온 RX 9060 XT D6 16GB 대원씨티에스,"769,990","769,990","769,990","769,990","769,990"
91871504,ASUS DUAL 라데온 RX 9060 XT D6 8GB 대원씨티에스,"698,990","698,990","698,990","499,010","499,010"
122705638,ASUS DUAL 지포스 RTX 3050 D6 6GB 대원씨티에스,"470,000","470,000","470,000","470,000","470,000"
68918675,ASUS DUAL 지포스 RTX 3050 D6 6GB 인텍앤컴퍼니,"387,770","387,770","387,770","387,770","387,770"
124327427,ASUS DUAL 지포스 RTX 3050 D6 6GB 코잇,가격비교예정,가격비교예정,가격비교예정,가격비교예정,가격비교예정
63086675,ASUS DUAL 지포스 RTX 3050 O6G OC D6 6GB 대원씨티에스,"441,000","441,000","441,000","441,000","441,000"
35813972,ASUS DUAL 지포스 RTX 3050 O6G OC D6 6GB 인텍앤컴퍼니,"399,000","399,000","399,000","399,000","399,000"
122726685,ASUS DUAL 지포스 RTX 3050 O6G OC D6 6GB 코잇,"473,500","473,500","473,500","473,490","473,490"
14857055,ASUS DUAL 지포스 RTX 3060 Ti O8G OC MINI D6 8GB,"800,000","800,000","800,000","800,000","800,000"
124327441,ASUS DUAL 지포스 RTX 3060 V2 O12G OC D6 12GB 코잇,가격비교예정,가격비교예정,가격비교예정,가격비교예정,가격비교예정
94524596,ASUS DUAL 지포스 RTX 5050 D6 8GB 대원씨티에스,"590,000","590,000","590,000","459,990","459,990"
94692245,ASUS DUAL 지포스 RTX 5050 D6 8GB 인텍앤컴퍼니,0,0,0,"472,000","472,000"
93318653,ASUS DUAL 지포스 RTX 5050 OC D6 8GB 대원씨티에스,"577,000","577,000","577,000","463,200","463,200"
93697997,ASUS DUAL 지포스 RTX 5050 OC D6 8GB 인텍앤컴퍼니,"595,840","595,840","595,840","463,190","463,190"
122726712,ASUS DUAL 지포스 RTX 5050 OC D6 8GB 코잇,"590,830","590,830","590,830","590,820","590,820"
93861539,ASUS DUAL 지포스 RTX 5060 D7 8GB 인텍앤컴퍼니,"765,000","765,000","765,000","574,260","574,260"
124327549,ASUS DUAL 지포스 RTX 5060 D7 8GB 코잇,가격비교예정,가격비교예정,가격비교예정,가격비교예정,가격비교예정
104989451,ASUS DUAL 지포스 RTX 5060 EVO OC D7 8GB 대원씨티에스,"705,000","705,000","705,000","705,000","705,000"
104628866,ASUS DUAL 지포스 RTX 5060 EVO OC D7 8GB 인텍앤컴퍼니,"820,350","820,350","820,350","558,140","558,140"
122726726,ASUS DUAL 지포스 RTX 5060 EVO OC D7 8GB 코잇,"699,840","699,840","699,840","554,040","554,040"
90957326,ASUS DUAL 지포스 RTX 5060 OC D7 8GB 대원씨티에스,"756,080","757,850","757,840","574,230","574,230"
91496327,ASUS DUAL 지포스 RTX 5060 OC D7 8GB 인텍앤컴퍼니,"845,000","845,000","709,000","566,790","566,790"
88133276,ASUS DUAL 지포스 RTX 5060 TI OC D7 16GB 대원씨티에스,"1,328,140","1,328,140","1,328,140","1,328,140","1,328,140"
82443086,ASUS DUAL 지포스 RTX 5060 TI OC D7 16GB 인텍앤컴퍼니,"1,359,990","1,359,990","1,359,490","992,900","992,900"
88133213,ASUS DUAL 지포스 RTX 5060 TI OC D7 8GB 대원씨티에스,"834,990","834,990","834,990","639,090","639,080"
82450160,ASUS DUAL 지포스 RTX 5060 TI OC D7 8GB 인텍앤컴퍼니,"778,900","778,900","778,900","778,900","778,900"
122726797,ASUS DUAL 지포스 RTX 5060 Ti OC D7 16GB 코잇,"1,353,990","1,353,990","1,353,990","1,353,990","1,353,990"
122726759,ASUS DUAL 지포스 RTX 5060 Ti OC D7 8GB 코잇,"920,980","920,980","920,980","658,800","658,800"
122726777,ASUS DUAL 지포스 RTX 5060 Ti WHITE OC D7 8GB 코잇,"958,970","958,970","958,970","728,840","728,840"
97837304,ASUS DUAL 지포스 RTX 5060 WHITE OC D7 8GB 인텍앤컴퍼니,"772,000","772,000","772,000","572,000","572,000"
122726733,ASUS DUAL 지포스 RTX 5060 WHITE OC D7 8GB 코잇,"736,990","736,990","736,990","576,840","576,840"
93446051,ASUS DUAL 지포스 RTX 5070 OC D7 12GB 대원씨티에스,"1,479,000","1,479,000","1,479,000","821,070","821,070"
92678951,ASUS DUAL 지포스 RTX 5070 OC D7 12GB 인텍앤컴퍼니,"1,362,370","1,362,370","1,362,370","812,790","812,790"
122726839,ASUS DUAL 지포스 RTX 5070 OC D7 12GB 코잇,"1,462,990","1,462,890","1,462,890","1,462,890","1,462,890"
14824025,ASUS PH 지포스 RTX 3060 D6 12GB,"680,000","680,000","680,000","680,000","680,000"
91871456,ASUS PRIME 라데온 RX 9060 XT OC D6 16GB 대원씨티에스,"809,990","876,990","876,980","861,500","861,480"
122628651,ASUS PRIME 라데온 RX 9060 XT OC D6 16GB 인텍앤컴퍼니,"815,750","815,750","819,000","819,000","819,000"
91871420,ASUS PRIME 라데온 RX 9060 XT OC D6 8GB 대원씨티에스,"596,000","596,000","596,000","596,000","596,000"
100698251,ASUS PRIME 라데온 RX 9070 EVO OC D6 16GB 대원씨티에스,"1,079,980","1,079,980","1,079,980","1,079,980","1,079,980"
122692535,ASUS PRIME 라데온 RX 9070 GRE EVO OC D6 12GB 대원씨티에스,"972,100","972,100","972,100","768,410","768,410"
77461214,ASUS PRIME 라데온 RX 9070 OC D6 16GB 대원씨티에스,0,0,0,"847,200","847,200"
77461292,ASUS PRIME 라데온 RX 9070 XT OC D6 16GB 대원씨티에스,"1,497,990","1,497,970","1,479,930","1,423,960","1,423,840"
85507805,ASUS PRIME 라데온 RX 9070 XT OC D6 16GB 인텍앤컴퍼니,"1,369,000","1,369,000","1,471,000","1,303,260","1,303,260"
99892346,ASUS PRIME 라데온 RX 9070 XT WHITE OC D6 16GB 대원씨티에스,"1,478,960","1,478,940","1,469,930","1,469,930","1,469,900"
90957422,ASUS PRIME 지포스 RTX 5060 OC D7 8GB 대원씨티에스,"739,990","739,990","739,990","591,980","591,980"
82433444,ASUS PRIME 지포스 RTX 5060 TI D7 8GB 인텍앤컴퍼니,"868,000","868,000","868,000","664,000","664,000"
88136921,ASUS PRIME 지포스 RTX 5060 TI OC D7 8GB 대원씨티에스,"879,000","879,000","879,000","703,200","703,200"
88205957,ASUS PRIME 지포스 RTX 5060 TI OC D7 8GB 인텍앤컴퍼니,0,0,0,"672,000","672,000"
77461610,ASUS PRIME 지포스 RTX 5070 D7 12GB 인텍앤컴퍼니,"1,718,200","1,718,200","1,718,200","1,718,200","1,718,200"
77379575,ASUS PRIME 지포스 RTX 5070 OC D7 12GB 대원씨티에스,"1,461,980","1,461,980","1,461,980","1,186,790","1,186,790"
77461619,ASUS PRIME 지포스 RTX 5070 OC D7 12GB 인텍앤컴퍼니,"1,381,130","1,381,130","1,381,130","1,381,130","847,420"
122726864,ASUS PRIME 지포스 RTX 5070 OC D7 12GB 코잇,"1,275,840","1,275,840","1,275,840","1,010,040","1,010,040"
76551551,ASUS PRIME 지포스 RTX 5070 Ti D7 16GB 인텍앤컴퍼니,"2,175,000","2,175,000","1,858,000","1,480,620","1,480,620"
124327554,ASUS PRIME 지포스 RTX 5070 Ti D7 16GB 코잇,가격비교예정,가격비교예정,가격비교예정,가격비교예정,가격비교예정
76511369,ASUS PRIME 지포스 RTX 5070 Ti OC D7 16GB 대원씨티에스,"2,124,610","2,124,610","2,124,610","2,124,610","2,124,610"
76551494,ASUS PRIME 지포스 RTX 5070 Ti OC D7 16GB 인텍앤컴퍼니,"2,517,350","2,517,350","2,521,920","2,521,920","2,521,920"
122726879,ASUS PRIME 지포스 RTX 5070 Ti OC D7 16GB 코잇,"1,882,000","2,008,990","2,008,990","1,607,200","1,607,200"
93861635,ASUS PRIME 지포스 RTX 5070 WHITE OC D7 12GB 인텍앤컴퍼니,"1,522,480","1,522,480","1,522,480","1,522,480","1,522,480"
122726871,ASUS PRIME 지포스 RTX 5070 WHITE OC D7 12GB 코잇,"1,478,990","1,478,990","1,478,990","1,478,990","1,478,990"
76550489,ASUS PRIME 지포스 RTX 5080 D7 16GB 대원씨티에스,"3,086,360","3,086,360","3,139,930","2,399,200","2,399,200"
79114694,ASUS PRIME 지포스 RTX 5080 D7 16GB 인텍앤컴퍼니,"2,389,000","2,389,000","2,389,000","2,389,000","2,389,000"
122700116,ASUS PRIME 지포스 RTX 5080 EVO OC D7 16GB 대원씨티에스,"2,890,930","2,890,930","2,890,930","1,919,200","1,919,200"
122719992,ASUS PRIME 지포스 RTX 5080 EVO OC D7 16GB 인텍앤컴퍼니,"2,510,990","2,510,990","2,439,990","2,439,990","2,439,990"
124327556,ASUS PRIME 지포스 RTX 5080 EVO OC D7 16GB 코잇,가격비교예정,가격비교예정,가격비교예정,가격비교예정,가격비교예정
75374981,ASUS PRIME 지포스 RTX 5080 OC D7 16GB 대원씨티에스,"2,603,700","2,780,000","2,910,690","2,910,690","2,910,690"
75373796,ASUS PRIME 지포스 RTX 5080 OC D7 16GB 인텍앤컴퍼니,"2,599,000","2,549,000","2,806,060","1,554,550","1,554,550"
104615543,ASUS ProArt 지포스 RTX 5070 Ti OC D7 16GB 인텍앤컴퍼니,0,0,0,"1,663,200","1,663,200"
124327555,ASUS ProArt 지포스 RTX 5070 Ti OC D7 16GB 코잇,가격비교예정,가격비교예정,가격비교예정,가격비교예정,가격비교예정
97476629,ASUS ProArt 지포스 RTX 5080 OC D7 16GB 대원씨티에스,"3,810,000","3,810,000","3,810,000","3,048,000","3,048,000"
103187984,ASUS ProArt 지포스 RTX 5080 OC D7 16GB 인텍앤컴퍼니,"3,300,000","3,300,000","3,300,000","3,300,000","3,300,000"
124335097,ASUS ProArt 지포스 RTX 5080 OC D7 16GB 코잇,가격비교예정,가격비교예정,가격비교예정,가격비교예정,가격비교예정
124335169,ASUS ProArt 지포스 RTX 5090 OC D7 32GB 코잇,가격비교예정,가격비교예정,가격비교예정,가격비교예정,가격비교예정
76463027,ASUS ROG Astral LC 지포스 RTX 5090 OC D7 32GB 대원씨티에스,"9,521,710","9,521,710","9,521,710","9,521,710","9,521,710"
78714626,ASUS ROG Astral LC 지포스 RTX 5090 OC D7 32GB 인텍앤컴퍼니,"9,389,990","9,389,990","9,389,990","9,389,990","9,389,990"
75375185,ASUS ROG Astral 지포스 RTX 5080 OC D7 16GB 대원씨티에스,"4,018,000","4,018,000","4,018,000","2,304,000","2,303,990"
75373694,ASUS ROG Astral 지포스 RTX 5080 OC D7 16GB 인텍앤컴퍼니,"3,701,400","3,701,400","3,701,400","2,311,140","2,311,150"
122726926,ASUS ROG Astral 지포스 RTX 5080 OC D7 16GB 코잇,0,0,0,"2,572,430","2,572,430"
94570298,ASUS ROG Astral 지포스 RTX 5080 WHITE OC D7 16GB 인텍앤컴퍼니,0,0,0,"2,312,000","2,312,000"
96653777,ASUS ROG Astral 지포스 RTX 5090 BTF OC D7 32GB 대원씨티에스,"10,000,000","10,000,000","10,000,000",0,0
96708728,ASUS ROG Astral 지포스 RTX 5090 BTF OC D7 32GB 인텍앤컴퍼니,"9,973,440","9,973,440","9,973,440","9,973,440","9,973,440"
75375449,ASUS ROG Astral 지포스 RTX 5090 OC D7 32GB 대원씨티에스,"9,149,970","9,349,990","9,449,800","9,450,540","9,450,540"
75373898,ASUS ROG Astral 지포스 RTX 5090 OC D7 32GB 인텍앤컴퍼니,"9,356,000","9,606,000","9,606,000","9,606,000","9,606,000"
92892434,ASUS ROG Astral 지포스 RTX 5090 WHITE OC D7 32GB 대원씨티에스,"9,499,990","9,331,570","9,499,990","9,499,990","9,499,990"
94570202,ASUS ROG Astral 지포스 RTX 5090 WHITE OC D7 32GB 인텍앤컴퍼니,"9,705,990","9,705,990","9,705,990","9,705,990","9,705,990"
12821834,ASUS ROG STRIX 지포스 RTX 3060 Ti O8G GAMING OC D6 8GB,"2,000,000","2,000,000","2,000,000","2,000,000","2,000,000"
12204407,ASUS ROG STRIX 지포스 RTX 3080 O10G GAMING OC D6X 10GB,"3,839,000","3,839,000","3,839,000","3,071,200","3,071,200"
13173020,ASUS TUF Gaming 라데온 RX 6800 XT O16G OC D6 16GB,"976,560","976,560","976,560","976,560","976,560"
18493601,ASUS TUF Gaming 라데온 RX 7900 XTX O24G OC D6 24GB 대원씨티에스,0,0,0,"1,489,190","1,489,190"
91871543,ASUS TUF Gaming 라데온 RX 9060 XT OC D6 16GB 대원씨티에스,"849,000","849,000","849,000","849,000","849,000"
12821741,ASUS TUF Gaming 지포스 RTX 3060 Ti O8G OC D6 8GB,"2,690,000","2,690,000","2,690,000","2,690,000","2,690,000"
89605799,ASUS TUF Gaming 지포스 RTX 5060 TI OC D7 8GB 인텍앤컴퍼니,"757,900","757,900",0,"606,320","606,320"
77461631,ASUS TUF Gaming 지포스 RTX 5070 OC D7 12GB 인텍앤컴퍼니,"1,629,000","1,629,000","1,629,000","1,629,000","1,629,000"
76551374,ASUS TUF Gaming 지포스 RTX 5070 Ti OC D7 16GB 인텍앤컴퍼니,"2,369,000","2,369,000","2,369,000","2,369,000","2,369,000"
75375293,ASUS TUF Gaming 지포스 RTX 5080 OC D7 16GB 대원씨티에스,"3,440,070","3,440,070","3,440,070","2,559,180","2,559,180"
75374105,ASUS TUF Gaming 지포스 RTX 5080 OC D7 16GB 인텍앤컴퍼니,"3,799,000","3,799,000","3,799,000","2,719,190","2,719,190"
75375560,ASUS TUF Gaming 지포스 RTX 5090 D7 32GB 대원씨티에스,"9,000,000","9,290,000","9,290,000","6,359,990","6,359,990"
75374060,ASUS TUF Gaming 지포스 RTX 5090 D7 32GB 인텍앤컴퍼니,"12,089,990","12,089,990","12,999,990","12,999,990","12,999,990"
75375632,ASUS TUF Gaming 지포스 RTX 5090 OC D7 32GB 대원씨티에스,"9,022,860","9,560,390","9,560,390","9,560,390","9,560,390"
75374006,ASUS TUF Gaming 지포스 RTX 5090 OC D7 32GB 인텍앤컴퍼니,"9,698,040","9,698,030","9,698,030","9,698,030","9,698,040"
13683824,ASUS 지포스 GT1030 SL D5 2GB 무소음,"134,980","134,980","134,980","134,980","134,980"
124327418,ASUS 지포스 GT1030 SL D5 2GB 무소음 코잇,가격비교예정,가격비교예정,가격비교예정,가격비교예정,가격비교예정
59089334,ASUS 지포스 GT710 SL EVO D5 2GB,"75,000","75,000","75,000","75,000","75,000"
124327379,ASUS 지포스 GT710 SL EVO D5 2GB 코잇,가격비교예정,가격비교예정,가격비교예정,가격비교예정,가격비교예정
27896360,ASUS 지포스 GT730 4H SL D5 2GB,"154,730","154,730","154,730","154,730","154,730"
124327399,ASUS 지포스 GT730 4H SL D5 2GB 코잇,가격비교예정,가격비교예정,가격비교예정,가격비교예정,가격비교예정
14740715,ASUS 지포스 GT730 SL D5 2GB,"115,140","115,140","115,140","115,140","115,140"
123589439,ASUS 지포스 RTX 5060 Ti OC D7 8GB T1 Edition 대원씨티에스,"829,000","829,000","829,000","663,180","663,180"
123588932,ASUS 지포스 RTX 5060 Ti OC D7 8GB T1 Edition 인텍앤컴퍼니,"828,900","828,900","828,900","663,200","663,200"
123589443,ASUS 지포스 RTX 5070 OC D7 12GB T1 Edition 대원씨티에스,"1,338,990","1,338,990","1,338,990","1,039,190","1,039,190"
123588962,ASUS 지포스 RTX 5070 OC D7 12GB T1 Edition 인텍앤컴퍼니,"1,297,990","1,297,990","1,297,990","1,297,990","1,039,190"
124335230,ASUS 지포스 RTX 5070 OC D7 12GB T1 Edition 코잇,가격비교예정,가격비교예정,가격비교예정,가격비교예정,가격비교예정
97476458,ASUS 지포스 RTX 5080 OC D7 16GB NOCTUA 대원씨티에스,0,0,0,"2,180,000","2,180,000"
103880240,COLORFUL iGame 지포스 RTX 3050 ULTRA DUO OC V2 White D6 8GB 피씨디렉트,"465,500","465,500","457,970","457,970","457,970"
48648092,COLORFUL iGame 지포스 RTX 3050 Ultra DUO OC V2 D6 8GB White,"468,080","468,080","465,490","457,970","457,970"
108418784,COLORFUL iGame 지포스 RTX 5050 ULTRA DUO OC White D6 8GB 도우정보,"605,000","604,980","604,990","484,000","484,000"
93698225,COLORFUL iGame 지포스 RTX 5050 ULTRA DUO OC White D6 8GB 피씨디렉트,0,0,0,"454,400","454,400"
124021627,COLORFUL iGame 지포스 RTX 5060 Ti ULTRA DUO OC D7 16GB 도우정보,"1,220,000","1,219,980","1,219,980","1,219,980","1,219,980"
123802213,COLORFUL iGame 지포스 RTX 5060 Ti ULTRA DUO OC D7 16GB 피씨디렉트,"1,099,020","1,099,020","1,079,000","890,390","890,390"
124327280,COLORFUL iGame 지포스 RTX 5060 Ti ULTRA DUO OC D7 8GB 도우정보,가격비교예정,가격비교예정,"855,000","855,000","855,000"
124198321,COLORFUL iGame 지포스 RTX 5060 Ti ULTRA DUO OC D7 8GB 피씨디렉트,"815,309","815,300","803,700","803,700","803,700"
124021618,COLORFUL iGame 지포스 RTX 5060 Ti ULTRA DUO OC White D7 16GB 도우정보,"1,220,000","1,219,980","1,219,980","975,200","975,200"
88233542,COLORFUL iGame 지포스 RTX 5060 Ti ULTRA DUO OC White D7 16GB 피씨디렉트,"1,089,010","1,089,010","1,077,950","883,180","883,180"
106711547,COLORFUL iGame 지포스 RTX 5060 Ti ULTRA DUO OC White D7 8GB 도우정보,"855,000","855,000","854,980","684,000","684,000"
89862188,COLORFUL iGame 지포스 RTX 5060 Ti ULTRA DUO OC White D7 8GB 피씨디렉트,"781,190","781,190","781,190","628,560","628,570"
122709552,COLORFUL iGame 지포스 RTX 5060 ULTRA DUO OC D7 8GB 도우정보,"731,260","733,930","759,990","486,080","486,080"
122724158,COLORFUL iGame 지포스 RTX 5060 ULTRA DUO OC D7 8GB 피씨디렉트,"695,000","695,000","685,970","556,780","556,780"
122709575,COLORFUL iGame 지포스 RTX 5060 ULTRA DUO OC White D7 8GB 도우정보,"748,920","748,910","748,910","592,810","592,810"
90960104,COLORFUL iGame 지포스 RTX 5060 ULTRA DUO OC White D7 8GB 피씨디렉트,"701,210","701,210","689,970","550,690","550,690"
122709701,COLORFUL iGame 지포스 RTX 5060 ULTRA OC D7 8GB 도우정보,"775,000","774,980","774,990","496,000","496,000"
124198279,COLORFUL iGame 지포스 RTX 5060 ULTRA OC D7 8GB 피씨디렉트,"723,000","723,000","722,700","722,700","722,700"
90955439,COLORFUL iGame 지포스 RTX 5060 ULTRA OC White D7 8GB 피씨디렉트,"769,030","769,030","769,030","620,830","620,830"
122709734,COLORFUL iGame 지포스 RTX 5070 Ti ULTRA OC SFF D7 16GB 도우정보,"1,930,000","1,930,000","1,885,110","1,885,110","1,885,110"
122692149,COLORFUL iGame 지포스 RTX 5070 Ti ULTRA OC SFF D7 16GB 피씨디렉트,"1,868,000","1,868,000","1,839,970","1,487,990","1,487,990"
123537806,COLORFUL iGame 지포스 RTX 5070 Ti ULTRA OC SFF White D7 16GB 도우정보,"1,930,000","1,885,100","1,885,100","1,543,980","1,543,980"
122724186,COLORFUL iGame 지포스 RTX 5070 Ti ULTRA OC SFF White D7 16GB 피씨디렉트,"1,860,000","1,860,000","1,859,990","1,859,990","1,859,990"
106711598,COLORFUL iGame 지포스 RTX 5070 Ti ULTRA OC White D7 16GB 도우정보,"1,930,000","1,930,000","1,930,000","1,544,000","1,544,000"
76511060,COLORFUL iGame 지포스 RTX 5070 Ti ULTRA OC White D7 16GB 피씨디렉트,"1,898,990","1,898,990","1,888,420","1,488,000","1,488,000"
122663332,COLORFUL iGame 지포스 RTX 5070 ULTRA OC D7 12GB 도우정보,"1,380,000","1,333,470","1,323,070","1,104,000","1,104,000"
122636526,COLORFUL iGame 지포스 RTX 5070 ULTRA OC D7 12GB 피씨디렉트,"1,329,000","1,326,500","1,329,000","1,329,000","1,329,000"
106711625,COLORFUL iGame 지포스 RTX 5070 ULTRA OC White D7 12GB 도우정보,"1,380,000","1,347,930","1,323,070","1,323,060","1,323,060"
77964722,COLORFUL iGame 지포스 RTX 5070 ULTRA OC White D7 12GB 피씨디렉트,"1,320,590","1,320,600","1,326,940","1,033,330","1,033,340"
122709745,COLORFUL iGame 지포스 RTX 5080 ULTRA OC  D7 16GB 도우정보,"2,496,610","2,496,610","2,496,610","2,496,610","2,496,610"
124198340,COLORFUL iGame 지포스 RTX 5080 ULTRA OC D7 16GB 피씨디렉트,가격비교예정,가격비교예정,가격비교예정,가격비교예정,가격비교예정
122692119,COLORFUL iGame 지포스 RTX 5080 ULTRA OC V2 D7 16GB 피씨디렉트,"2,382,000","2,382,000","2,381,990","2,381,990","1,841,840"
106712012,COLORFUL iGame 지포스 RTX 5080 ULTRA OC White D7 16GB 도우정보,"2,659,990","2,659,990","2,553,600","2,553,600","2,553,600"
75536255,COLORFUL iGame 지포스 RTX 5080 ULTRA OC White D7 16GB 피씨디렉트,"2,378,990","2,381,980","2,382,000","1,855,990","1,856,000"
122663758,COLORFUL iGame 지포스 RTX 5080 VULCAN OC D7 16GB 도우정보,"2,750,000","2,750,000","2,750,000","2,750,000","2,750,000"
76508576,COLORFUL iGame 지포스 RTX 5080 Vulcan OC D7 16GB 피씨디렉트,"3,440,000","3,540,000","3,540,000","2,127,200","2,127,200"
122663438,COLORFUL 지포스 RTX 3050 BATTLE AX DUO V2 D6 8GB 도우정보,"420,000","420,000","419,990","419,990","419,990"
106712042,COLORFUL 지포스 RTX 3050 GAMING DUO V4 D6 6GB 도우정보,"400,460","405,000","404,990","404,990","404,990"
102004850,COLORFUL 지포스 RTX 3050 GAMING DUO V4 D6 6GB 피씨디렉트,"369,000","361,770","361,300","361,300","361,300"
78102494,COLORFUL 지포스 RTX 3050 토마호크 DUO V2 D6 8GB 피씨디렉트,"405,000","405,000","399,960","399,960","399,960"
123537832,COLORFUL 지포스 RTX 3060 BATTLE AX DUO V2 D6 12GB 도우정보,"575,000","574,980","574,990","574,990","574,990"
122724144,COLORFUL 지포스 RTX 3060 Battle AX DUO V2 D6 12GB 피씨디렉트,"516,000","516,000","506,950","506,910","506,890"
93502205,COLORFUL 지포스 RTX 5050 Battle AX DUO D6 8GB 피씨디렉트,"541,790","541,790",0,0,0
108418823,COLORFUL 지포스 RTX 5050 GAMING DUO D6 8GB 도우정보,"590,000","589,980","589,990","472,000","472,000"
104966591,COLORFUL 지포스 RTX 5050 GAMING DUO D6 8GB 피씨디렉트,"557,000","561,000","555,900","555,900","555,900"
106712144,COLORFUL 지포스 RTX 5060 GAMING DUO D7 8GB 도우정보,"729,990","729,980","703,010","556,800","556,800"
100325213,COLORFUL 지포스 RTX 5060 GAMING DUO D7 8GB 피씨디렉트,"667,720","667,720","667,710","667,710","667,710"
106712198,COLORFUL 지포스 RTX 5060 Ti BATTLE AX DUO D7 16GB 도우정보,"1,083,600","1,083,600","1,083,600","1,083,600","1,083,600"
108418766,COLORFUL 지포스 RTX 5060 Ti GAMING DUO D7 16GB 도우정보,"1,125,370","1,179,980","1,179,990","755,200","755,200"
101725832,COLORFUL 지포스 RTX 5060 Ti GAMING DUO D7 16GB 피씨디렉트,"1,044,000","1,044,000","1,035,980","1,035,950","1,035,950"
106736336,COLORFUL 지포스 RTX 5060 Ti GAMING DUO D7 8GB 도우정보,"800,000","798,980","784,130","512,000","512,000"
101725700,COLORFUL 지포스 RTX 5060 Ti GAMING DUO D7 8GB 피씨디렉트,"739,340","739,340","739,340","739,340","739,340"
124327346,COLORFUL 지포스 RTX 5060 Ti GAMING DUO V2 D7 16GB 도우정보,가격비교예정,가격비교예정,"1,180,000","1,180,000","1,180,000"
123802191,COLORFUL 지포스 RTX 5060 Ti GAMING DUO V2 D7 16GB 피씨디렉트,"1,069,000","1,069,000","1,069,000","846,360","846,360"
124327363,COLORFUL 지포스 RTX 5060 Ti GAMING DUO V2 D7 8GB 도우정보,가격비교예정,가격비교예정,가격비교예정,가격비교예정,가격비교예정
124198302,COLORFUL 지포스 RTX 5060 Ti GAMING DUO V2 D7 8GB 피씨디렉트,"792,990","782,670","777,700","777,700","777,700"
89862281,COLORFUL 지포스 RTX 5060 Ti 토마호크 DUO D7 8GB 피씨디렉트,"764,000","764,000","764,000","635,200","635,200"
106712105,COLORFUL 지포스 RTX 5070 GAMING D7 12GB 도우정보,"1,360,000","1,359,980","1,359,980","1,087,980","1,087,980"
101725835,COLORFUL 지포스 RTX 5070 GAMING D7 12GB 피씨디렉트,"1,270,000","1,270,000","1,268,920","1,268,920","1,268,920"
106712255,COLORFUL 지포스 RTX 5070 Ti BATTLE AX D7 16GB 도우정보,"1,906,980","1,906,980","1,906,980","1,906,980","1,906,980"
123860433,COLORFUL 지포스 RTX 5070 Ti BATTLE AX SFF D7 16GB 도우정보,"1,910,000","1,865,190","1,865,180","1,865,180","1,865,180"
123802262,COLORFUL 지포스 RTX 5070 Ti BATTLE AX SFF D7 16GB 피씨디렉트,"1,819,000","1,819,000","1,795,100","1,455,480","1,455,480"
77379113,COLORFUL 지포스 RTX 5070 Ti 토마호크 EX D7 16GB 피씨디렉트,"1,858,990","1,858,990","1,858,990","2,005,760","2,005,760"
122654946,DRAGON FORCE 지포스 GTX1660 SUPER D6 6GB NV,"290,730","290,730","290,730","290,730","290,730"
122637278,DRAGON FORCE 지포스 RTX 3050 D6 6GB,"359,000","359,000","359,000","359,000","359,000"
5406903,EVGA 파워링크 (해외구매),"37,730","37,730","37,730",0,0
54101783,EXP GDC TH3P4G3 SFX (해외구매),"68,610","68,610","68,610","68,610","68,610"
122628272,FORSA 라데온 RX6600 PRISM,"459,840","459,840","459,840","459,840","459,840"
123621121,FORSA 라데온 RX6600M D6 8GB,"359,950","359,940","359,930","359,910","359,890"
124012767,FORSA 라데온 RX7600S NOVA,"438,320","438,300","438,300","438,280","438,260"
1878552,FORSA 지포스 G210 D3 512MB,"28,130","28,120","28,110","28,090","28,090"
123802291,FORSA 지포스 GT 1030DP EDITION,"124,980","124,980","124,980","124,980","124,980"
6725461,FORSA 지포스 GT1030 D5 2GB,"109,800","109,800","109,800","109,800","109,800"
20687381,FORSA 지포스 GT710 D3 2GB LP,"60,200","60,200","60,200","60,200","60,200"
95200559,FORSA 지포스 GT730 D3 2GB WIN,"63,900","63,900","63,900","63,900","63,900"
12373847,FORSA 지포스 GTX 1650 D6 4GB,"245,060","245,060","245,060","245,060","245,060"
10936446,FORSA 지포스 GTX 1660 SUPER K D6 6GB,"306,840","306,840","306,840","306,840","306,840"
13169082,FORSA 지포스 GTX 1660 SUPER X D6 6GB,"290,290","290,290","290,290","290,290","290,290"
124276758,FORSA 지포스 GTX GTX1660Ti NOBLE 6GB,"316,640","316,640","316,640","316,640","316,640"
5385778,FORSA 지포스 GTX1050 Ti D5 4GB DUAL,"169,000","169,000","169,000","169,000","169,000"
124115395,FORSA 지포스 GTX1050 Ti SF D5 4GB,"204,380","204,380","204,380","204,380","204,380"
104966396,FORSA 지포스 RTX 3050 6GB White Cube,"347,000","347,000","347,000","347,000","347,000"
39030653,FORSA 지포스 RTX 3050 D6 6GB ONE COOL,"381,910","381,910","381,910","381,910","381,910"
123537793,FORSA 지포스 RTX 3050 SOLO 6GD6,"312,000","312,000","312,000","312,000","312,000"
52159256,FuriosaAI 퓨리오사 워보이 D4X 16GB,"3,748,860","3,748,860","3,790,490","3,788,320","3,762,190"
16301504,GAINWARD 지포스 RTX 3050 고스트 D6 8GB,"547,130","547,130","547,130","547,130","547,130"
44217686,GAINWARD 지포스 RTX 3050 페가수스 D6 6GB,"357,370","357,370","376,710","376,710","376,710"
14824829,GAINWARD 지포스 RTX 3060 고스트 D6 12GB LHR,"1,102,050","1,102,050","1,102,050","1,102,050","1,102,050"
94445579,GAINWARD 지포스 RTX 5050 고스트 D6 8GB,"581,400","581,400","581,400","581,400","581,400"
81716594,GAINWARD 지포스 RTX 5060 Ti 고스트 D7 8GB,"778,930","778,930","778,930","504,950","504,950"
81716585,GAINWARD 지포스 RTX 5060 Ti 파이썬 III D7 16GB,0,0,0,"634,300","634,300"
90892928,GAINWARD 지포스 RTX 5060 고스트 D7 8GB,"713,990","713,990","713,990","559,920","559,920"
94445978,GAINWARD 지포스 RTX 5070 Ti 피닉스-S D7 16GB,"1,852,880","1,852,880","1,852,880","1,852,880","1,852,880"
106780118,GAINWARD 지포스 RTX 5070 Ti 피닉스-S GS OC D7 16GB,"1,846,040","1,846,040","1,846,040","1,846,040","1,846,040"
78982154,GAINWARD 지포스 RTX 5070 파이썬 III D7 12GB,"1,332,550","1,332,550","1,332,550","1,332,550","1,332,550"
105968504,GAINWARD 지포스 RTX 5070 파이썬 III OC D7 12GB,"1,329,000","1,329,000","1,329,000","1,015,200","1,015,200"
77382785,GAINWARD 지포스 RTX 5070 피닉스 D7 12GB,0,0,0,"1,043,890","1,043,890"
75601394,GAINWARD 지포스 RTX 5080 피닉스 D7 16GB,"2,279,000","2,279,000","2,279,000","2,279,000","2,279,000"
75991625,GAINWARD 지포스 RTX 5090 팬텀 D7 32GB,0,0,0,"6,316,000","6,316,000"
124167321,GIGABYTE AORUS 지포스 RTX 5060 ARI D7 8GB 제이씨현,"724,810","724,810","724,800","724,800","724,800"
124153612,GIGABYTE AORUS 지포스 RTX 5060 ARI D7 8GB 피씨디렉트,"733,230","733,230","733,230","733,230","733,230"
90889598,GIGABYTE AORUS 지포스 RTX 5060 ELITE D7 8GB 피씨디렉트,"3,034,950","3,034,950","3,034,950","3,034,950","3,034,950"
124197959,GIGABYTE AORUS 지포스 RTX 5060 Ti AI BOX D7 16GB 제이씨현,"1,467,900","1,467,850","1,499,000","1,499,000","1,499,000"
123981228,GIGABYTE AORUS 지포스 RTX 5060 Ti AI BOX D7 16GB 피씨디렉트,"1,499,000","1,499,000","1,499,000","1,499,000","1,499,000"
123981266,GIGABYTE AORUS 지포스 RTX 5070 INFINITY D7 12GB 제이씨현,"1,507,140","1,507,140","1,507,140","1,237,590","1,237,590"
123802150,GIGABYTE AORUS 지포스 RTX 5070 INFINITY D7 12GB 피씨디렉트,"1,508,310","1,508,310","1,508,310","1,230,110","1,230,110"
77319458,GIGABYTE AORUS 지포스 RTX 5070 MASTER D7 12GB 제이씨현,"1,400,900","1,400,900","1,450,000","1,104,000","1,104,000"
77312321,GIGABYTE AORUS 지포스 RTX 5070 MASTER D7 12GB 피씨디렉트,"1,439,990","1,439,990","1,439,990","1,440,000","1,440,000"
123743494,GIGABYTE AORUS 지포스 RTX 5070 Ti INFINITY D7 16GB 제이씨현,"2,108,260","2,108,260","2,108,260","1,695,980","1,695,980"
122829828,GIGABYTE AORUS 지포스 RTX 5070 Ti INFINITY D7 16GB 피씨디렉트,"2,124,300","2,124,280","2,124,270","1,722,110","1,722,110"
76551029,GIGABYTE AORUS 지포스 RTX 5070 Ti MASTER D7 16GB 제이씨현,"4,800,000","4,800,000","4,800,000","3,800,000","3,800,000"
123590291,GIGABYTE AORUS 지포스 RTX 5080 INFINITY D7 16GB 제이씨현,"2,870,820","2,870,820","2,870,820","2,870,820","2,870,820"
122726535,GIGABYTE AORUS 지포스 RTX 5080 INFINITY D7 16GB 피씨디렉트,"2,861,870","2,861,870","2,861,870","2,331,330","2,331,330"
123590266,GIGABYTE AORUS 지포스 RTX 5080 INFINITY WOOD D7 16GB 제이씨현,"2,901,160","2,901,160","2,901,160","2,343,590","2,343,590"
122726547,GIGABYTE AORUS 지포스 RTX 5080 INFINITY WOOD D7 16GB 피씨디렉트,"2,923,200","2,923,250","2,923,240","2,359,840","2,359,840"
75184259,GIGABYTE AORUS 지포스 RTX 5080 MASTER D7 16GB 제이씨현,"2,660,180","2,660,180","2,660,170","2,660,170","2,660,170"
75074210,GIGABYTE AORUS 지포스 RTX 5080 MASTER D7 16GB 피씨디렉트,"2,731,870","2,731,800","2,731,770","2,731,640","2,731,530"
75184262,GIGABYTE AORUS 지포스 RTX 5080 MASTER ICE D7 16GB 제이씨현,"3,300,000","3,300,000","3,300,000","2,439,970","2,439,970"
75074258,GIGABYTE AORUS 지포스 RTX 5080 MASTER ICE D7 16GB 피씨디렉트,"2,907,010","2,907,010","2,907,010","2,371,140","2,371,150"
75536588,GIGABYTE AORUS 지포스 RTX 5080 XTREME 워터포스 D7 16GB 제이씨현,0,0,0,"2,079,200","2,079,200"
75074405,GIGABYTE AORUS 지포스 RTX 5080 XTREME 워터포스 D7 16GB 피씨디렉트,"3,228,290","3,228,290","3,228,290","2,311,190","2,311,190"
99128606,GIGABYTE AORUS 지포스 RTX 5090 AI BOX D7 32GB 제이씨현,"8,811,000","8,811,000","8,811,000","8,811,000","8,811,000"
98412476,GIGABYTE AORUS 지포스 RTX 5090 AI BOX D7 32GB 피씨디렉트,"9,206,070","9,206,070","9,206,070","9,206,070","9,206,070"
122709213,GIGABYTE AORUS 지포스 RTX 5090 INFINITY D7 32GB 제이씨현,"9,700,000","9,700,000","9,700,000","9,700,000","9,700,000"
122717694,GIGABYTE AORUS 지포스 RTX 5090 INFINITY D7 32GB 피씨디렉트,"9,700,000","9,700,000","9,700,000","9,700,000","9,700,000"
75184274,GIGABYTE AORUS 지포스 RTX 5090 MASTER D7 32GB 제이씨현,"8,934,300","9,089,990","9,089,990","9,089,990","9,089,990"
75184226,GIGABYTE AORUS 지포스 RTX 5090 MASTER D7 32GB 피씨디렉트,"8,990,000","9,090,000","9,090,000","9,090,000","9,090,000"
75184277,GIGABYTE AORUS 지포스 RTX 5090 MASTER ICE D7 32GB 제이씨현,"8,990,000","9,088,990","9,088,990","6,399,190","6,399,180"
75184229,GIGABYTE AORUS 지포스 RTX 5090 MASTER ICE D7 32GB 피씨디렉트,"8,990,000","9,090,000","9,090,000","9,090,000","9,090,000"
93382736,GIGABYTE AORUS 지포스 RTX 5090 STEALTH ICE D7 32GB 제이씨현,"9,025,000","9,590,000","9,590,000","9,590,000","9,590,000"
92966027,GIGABYTE AORUS 지포스 RTX 5090 STEALTH ICE D7 32GB 피씨디렉트,"9,381,000","9,381,000","9,381,000","9,381,000","9,381,000"
75536696,GIGABYTE AORUS 지포스 RTX 5090 XTREME 워터포스 D7 32GB 제이씨현,0,"8,249,000","8,930,420","6,336,400","6,336,400"
99736931,GIGABYTE 라데온 AI PRO R9700 AI TOP D6 32GB 제이씨현,"2,910,000","2,910,000","2,909,990","2,909,990","2,909,990"
99714743,GIGABYTE 라데온 AI PRO R9700 AI TOP D6 32GB 피씨디렉트,"2,936,260","2,936,260","2,936,250","2,935,210","2,933,100"
20350115,GIGABYTE 라데온 RX 7600 GAMING OC D6 8GB 제이씨현,"464,230","464,230","430,000","430,000","430,000"
91867850,GIGABYTE 라데온 RX 9060 XT Gaming D6 8GB 제이씨현,0,0,0,"519,990","519,990"
91908533,GIGABYTE 라데온 RX 9060 XT Gaming D6 8GB 피씨디렉트,"1,606,320","1,606,320","1,606,320","1,271,670","1,271,670"
91908590,GIGABYTE 라데온 RX 9060 XT Gaming OC D6 16GB 피씨디렉트,"848,990","848,990","848,990","848,990","848,990"
91908554,GIGABYTE 라데온 RX 9060 XT Gaming OC D6 8GB 피씨디렉트,"713,690","713,690","713,690","713,690","713,690"
99128558,GIGABYTE 라데온 RX 9060 XT Gaming OC ICE D6 16GB 제이씨현,"848,990","848,990","848,990","631,990","631,990"
99288071,GIGABYTE 라데온 RX 9060 XT Gaming OC ICE D6 16GB 피씨디렉트,"867,000","867,000","866,990","674,030","674,030"
77382860,GIGABYTE 라데온 RX 9070 GAMING OC D6 16GB 피씨디렉트,"1,096,000","1,099,000","1,099,000","1,099,000","1,099,000"
122705726,GIGABYTE 라데온 RX 9070 GRE GAMING OC D6 12GB 피씨디렉트,"979,010","975,950","920,220","920,220","920,220"
122707736,GIGABYTE 라데온 RX 9070 GRE Gaming OC D6 12GB 제이씨현,"958,630","958,630","958,620","960,800","960,800"
77382896,GIGABYTE 라데온 RX 9070 XT GAMING OC D6 16GB 제이씨현,"1,369,000","1,455,860","1,455,860","878,430","878,430"
77382845,GIGABYTE 라데온 RX 9070 XT GAMING OC D6 16GB 피씨디렉트,"1,385,800","1,385,800","1,385,800","1,385,800","1,385,800"
99128543,GIGABYTE 라데온 RX 9070 XT GAMING OC ICE D6 16GB 제이씨현,"1,447,250","1,447,250","1,447,250","959,340","959,340"
99288146,GIGABYTE 라데온 RX 9070 XT GAMING OC ICE D6 16GB 피씨디렉트,"1,457,200","1,457,200","1,457,660","933,740","933,740"
46003325,GIGABYTE 지포스 RTX 3050 WINDFORCE OC D6 6GB 피씨디렉트,"369,600","384,990","384,990","384,990","384,990"
71901731,GIGABYTE 지포스 RTX 3050 WINDFORCE OC V2 D6 6GB 제이씨현,"358,990","358,990","358,990","358,990","358,990"
71973218,GIGABYTE 지포스 RTX 3050 WINDFORCE OC V2 D6 6GB 피씨디렉트,"368,830","365,750","354,750","354,750","354,750"
72676730,GIGABYTE 지포스 RTX 3060 GAMING OC V2 D6 8GB 피씨디렉트,"480,900","480,900","480,900","480,900","480,900"
17658824,GIGABYTE 지포스 RTX 3060 WINDFORCE OC D6 12GB 제이씨현,"556,450","556,450","556,450","556,450","556,450"
17658794,GIGABYTE 지포스 RTX 3060 WINDFORCE OC D6 12GB 피씨디렉트,"521,960","523,470","521,970","521,960","521,960"
20730644,GIGABYTE 지포스 RTX 4060 Ti WINDFORCE OC D6 8GB 제이씨현,"2,697,030","2,697,030","2,697,030","2,697,030","2,697,030"
20611055,GIGABYTE 지포스 RTX 4060 Ti WINDFORCE OC D6 8GB 피씨디렉트,"2,697,030","2,697,030","2,697,030","2,697,030","2,697,030"
32493785,GIGABYTE 지포스 RTX 4070 SUPER GAMING OC D6X 12GB 제이씨현,"5,244,250","5,244,250","5,244,250","5,244,250","5,244,250"
32494484,GIGABYTE 지포스 RTX 4070 SUPER GAMING OC D6X 12GB 피씨디렉트,"5,407,620","5,407,620","5,407,620","5,407,620","5,407,620"
93698783,GIGABYTE 지포스 RTX 5050 GAMING OC D6 8GB 제이씨현,"643,000","643,000","643,000","466,660","466,650"
93386549,GIGABYTE 지포스 RTX 5050 GAMING OC D6 8GB 피씨디렉트,"630,530","625,050","625,050","500,970","500,980"
93698933,GIGABYTE 지포스 RTX 5050 UD2 OC D6 8GB Nano LP 제이씨현,0,0,0,"412,000","412,000"
93386588,GIGABYTE 지포스 RTX 5050 UD2 OC D6 8GB Nano LP 피씨디렉트,"615,480","615,480","614,450","498,380","498,380"
93698855,GIGABYTE 지포스 RTX 5050 WINDFORCE OC D6 8GB 제이씨현,"554,710","554,710","554,710","554,710","554,710"
93386564,GIGABYTE 지포스 RTX 5050 WINDFORCE OC D6 8GB 피씨디렉트,"560,740","562,900","560,750","560,740","560,740"
90892943,GIGABYTE 지포스 RTX 5060 AERO OC D7 8GB 제이씨현,"730,000","730,000","730,000","730,000","730,000"
90889754,GIGABYTE 지포스 RTX 5060 AERO OC D7 8GB 피씨디렉트,"730,000","710,000","710,000","710,000","710,000"
94569131,GIGABYTE 지포스 RTX 5060 EAGLE MAX OC D7 8GB 제이씨현,"718,980","718,980","718,980","718,980","718,980"
97364696,GIGABYTE 지포스 RTX 5060 EAGLE MAX OC D7 8GB 피씨디렉트,"697,980","697,980","692,910","692,800","692,690"
90892949,GIGABYTE 지포스 RTX 5060 EAGLE OC D7 8GB 제이씨현,"707,660","707,660","707,660","551,190","551,190"
90889817,GIGABYTE 지포스 RTX 5060 EAGLE OC D7 8GB 피씨디렉트,"689,510","696,990","693,860","534,950","534,960"
90892955,GIGABYTE 지포스 RTX 5060 EAGLE OC ICE D7 8GB 제이씨현,"707,660","707,660","707,660","547,980","547,980"
90889790,GIGABYTE 지포스 RTX 5060 EAGLE OC ICE D7 8GB 피씨디렉트,"690,480","692,990","690,490","545,970","545,970"
90892958,GIGABYTE 지포스 RTX 5060 GAMING OC D7 8GB 제이씨현,"710,000","710,000","709,990","709,990","709,990"
90889682,GIGABYTE 지포스 RTX 5060 GAMING OC D7 8GB 피씨디렉트,"713,480","715,990","713,490","711,310","711,310"
123743015,GIGABYTE 지포스 RTX 5060 GAMING OC V2 D7 8GB 제이씨현,"734,600","734,600","734,600","588,000","588,000"
122678887,GIGABYTE 지포스 RTX 5060 GAMING OC V2 D7 8GB 피씨디렉트,"714,630","715,760","715,760","563,340","563,340"
81715862,GIGABYTE 지포스 RTX 5060 Ti AERO OC D7 16GB 피씨디렉트,"1,069,500","1,069,500","1,069,500","1,069,500","1,069,500"
88132187,GIGABYTE 지포스 RTX 5060 Ti AERO OC D7 8GB 제이씨현,"823,780","823,780","836,030","681,590","681,590"
81716078,GIGABYTE 지포스 RTX 5060 Ti AERO OC D7 8GB 피씨디렉트,"827,480","829,990","827,490","827,480","827,480"
124327372,GIGABYTE 지포스 RTX 5060 Ti EAGLE MAX OC D7 16GB 제이씨현,"1,308,890","1,308,890","1,283,480","1,283,480","1,283,480"
99748187,GIGABYTE 지포스 RTX 5060 Ti EAGLE MAX OC D7 16GB 피씨디렉트,"1,138,700","1,138,700",0,0,0
103481879,GIGABYTE 지포스 RTX 5060 Ti EAGLE MAX OC D7 8GB 제이씨현,"849,000","817,170","812,000","639,200","639,200"
94691930,GIGABYTE 지포스 RTX 5060 Ti EAGLE MAX OC D7 8GB 피씨디렉트,"806,040","809,950","809,950","809,950","809,950"
88132232,GIGABYTE 지포스 RTX 5060 Ti EAGLE OC D7 8GB 제이씨현,"768,020","768,020","768,020","619,990","619,990"
81716102,GIGABYTE 지포스 RTX 5060 Ti EAGLE OC D7 8GB 피씨디렉트,"775,000","775,000","775,000","648,010","648,010"
88132265,GIGABYTE 지포스 RTX 5060 Ti EAGLE OC ICE D7 8GB 제이씨현,0,0,0,"669,200","669,200"
81716123,GIGABYTE 지포스 RTX 5060 Ti EAGLE OC ICE D7 8GB 피씨디렉트,"802,100","804,620","804,620","804,620","804,620"
88132295,GIGABYTE 지포스 RTX 5060 Ti GAMING OC D7 8GB 제이씨현,"823,780","823,780","823,780","685,930","685,930"
81716057,GIGABYTE 지포스 RTX 5060 Ti GAMING OC D7 8GB 피씨디렉트,"826,550","826,550","826,550","826,550","826,550"
88132328,GIGABYTE 지포스 RTX 5060 Ti WINDFORCE D7 8GB 제이씨현,0,0,0,"711,480","711,480"
81716264,GIGABYTE 지포스 RTX 5060 Ti WINDFORCE D7 8GB 피씨디렉트,"826,650","826,650","826,650","641,520","641,520"
94028903,GIGABYTE 지포스 RTX 5060 Ti WINDFORCE MAX OC D7 16GB 제이씨현,0,0,0,"705,600","705,600"
93704792,GIGABYTE 지포스 RTX 5060 Ti WINDFORCE MAX OC D7 16GB 피씨디렉트,"834,000","834,000",0,"719,200","719,200"
94028864,GIGABYTE 지포스 RTX 5060 Ti WINDFORCE MAX OC D7 8GB 제이씨현,"768,820","764,680","764,680","610,310","610,320"
93704759,GIGABYTE 지포스 RTX 5060 Ti WINDFORCE MAX OC D7 8GB 피씨디렉트,"761,370","761,370","761,370","543,200","543,190"
81715985,GIGABYTE 지포스 RTX 5060 Ti WINDFORCE OC D7 16GB 피씨디렉트,"963,910","963,910","900,000","900,000","900,000"
88132310,GIGABYTE 지포스 RTX 5060 Ti WINDFORCE OC D7 8GB 제이씨현,"771,620","771,560","771,540","629,430","629,430"
81716255,GIGABYTE 지포스 RTX 5060 Ti WINDFORCE OC D7 8GB 피씨디렉트,"771,640","771,600","771,490","639,100","639,110"
90892964,GIGABYTE 지포스 RTX 5060 UD2 OC D7 8GB Nano LP 제이씨현,"748,990","748,990","718,150","568,000","568,000"
90889937,GIGABYTE 지포스 RTX 5060 UD2 OC D7 8GB Nano LP 피씨디렉트,"690,550","694,000","691,500","567,200","567,200"
90892967,GIGABYTE 지포스 RTX 5060 WINDFORCE D7 8GB 제이씨현,"760,020","836,680","836,680","662,510","662,510"
90889892,GIGABYTE 지포스 RTX 5060 WINDFORCE D7 8GB 피씨디렉트,0,0,0,"680,000","680,000"
94028963,GIGABYTE 지포스 RTX 5060 WINDFORCE MAX OC D7 8GB 제이씨현,"696,840","696,830","696,820","696,810","696,800"
93704816,GIGABYTE 지포스 RTX 5060 WINDFORCE MAX OC D7 8GB 피씨디렉트,"685,680","688,170","688,170","688,170","687,130"
122726650,GIGABYTE 지포스 RTX 5060 WINDFORCE MAX OC V2 D7 8GB 제이씨현,"705,080","705,080","705,080","559,920","559,920"
123805994,GIGABYTE 지포스 RTX 5060 WINDFORCE MAX OC V2 D7 8GB 피씨디렉트,"679,000","678,980","678,980","541,140","541,140"
90892970,GIGABYTE 지포스 RTX 5060 WINDFORCE OC D7 8GB 제이씨현,"702,840","702,840","702,840","543,180","543,180"
90889865,GIGABYTE 지포스 RTX 5060 WINDFORCE OC D7 8GB 피씨디렉트,0,0,0,"536,860","536,860"
77319503,GIGABYTE 지포스 RTX 5070 AERO OC D7 12GB 제이씨현,"1,390,440","1,390,430","1,390,440","1,390,440","1,390,440"
77312378,GIGABYTE 지포스 RTX 5070 AERO OC D7 12GB 피씨디렉트,"1,370,700","1,370,700","1,370,700","1,370,700","1,370,700"
77319527,GIGABYTE 지포스 RTX 5070 EAGLE OC ICE SFF D7 12GB 제이씨현,"1,333,870","1,333,870","1,333,870","1,087,180","1,087,180"
77312543,GIGABYTE 지포스 RTX 5070 EAGLE OC ICE SFF D7 12GB 피씨디렉트,"1,355,700","1,369,490","1,366,990","869,760","869,760"
77319536,GIGABYTE 지포스 RTX 5070 EAGLE OC SFF D7 12GB 제이씨현,"1,341,640","1,341,640","1,341,640","1,024,000","1,024,000"
77312573,GIGABYTE 지포스 RTX 5070 EAGLE OC SFF D7 12GB 피씨디렉트,"1,324,990","1,324,990","1,324,990","1,324,990","1,324,990"
77319515,GIGABYTE 지포스 RTX 5070 GAMING OC D7 12GB 제이씨현,"1,382,400","1,382,400","1,382,400","1,382,400","1,382,400"
77313077,GIGABYTE 지포스 RTX 5070 GAMING OC D7 12GB 피씨디렉트,"1,376,480","1,378,990","1,376,490","1,376,480","1,376,480"
76551020,GIGABYTE 지포스 RTX 5070 Ti AERO OC D7 16GB 제이씨현,"2,022,990","2,022,990","2,020,410","2,020,300","2,020,210"
76510388,GIGABYTE 지포스 RTX 5070 Ti AERO OC D7 16GB 피씨디렉트,"1,962,940","1,963,010","1,962,950","1,962,940","1,962,940"
76551050,GIGABYTE 지포스 RTX 5070 Ti EAGLE OC ICE SFF D7 16GB 제이씨현,"1,914,030","1,914,030","1,914,030","1,914,030","1,914,030"
76510547,GIGABYTE 지포스 RTX 5070 Ti EAGLE OC ICE SFF D7 16GB 피씨디렉트,"1,923,480","1,923,480","1,923,480","1,479,980","1,479,980"
76551041,GIGABYTE 지포스 RTX 5070 Ti EAGLE OC SFF D7 16GB 제이씨현,"1,914,030","1,914,030","1,914,030","1,543,750","1,543,750"
76510583,GIGABYTE 지포스 RTX 5070 Ti EAGLE OC SFF D7 16GB 피씨디렉트,"1,922,480","1,924,990","1,922,490","1,922,480","1,922,480"
76551056,GIGABYTE 지포스 RTX 5070 Ti GAMING OC D7 16GB 제이씨현,"1,943,700","1,962,650","1,962,650","1,962,650","1,962,650"
76510673,GIGABYTE 지포스 RTX 5070 Ti GAMING OC D7 16GB 피씨디렉트,"1,959,990","1,959,990","1,959,990","1,959,990","1,959,990"
76551065,GIGABYTE 지포스 RTX 5070 Ti WINDFORCE OC SFF D7 16GB 제이씨현,"1,895,490","1,895,490","1,895,490","1,482,980","1,482,980"
76510754,GIGABYTE 지포스 RTX 5070 Ti WINDFORCE OC SFF D7 16GB 피씨디렉트,"1,878,940","1,878,940","1,878,940","1,482,860","1,482,860"
108176363,GIGABYTE 지포스 RTX 5070 Ti WINDFORCE OC V2 D7 16GB 제이씨현,0,0,0,"1,487,190","1,487,190"
106767521,GIGABYTE 지포스 RTX 5070 Ti WINDFORCE OC V2 D7 16GB 피씨디렉트,"2,399,000","2,399,000","2,399,000","2,399,000","2,399,000"
77319545,GIGABYTE 지포스 RTX 5070 WINDFORCE OC SFF D7 12GB 제이씨현,"1,322,070","1,322,070","1,322,070","1,322,070","1,322,070"
77312477,GIGABYTE 지포스 RTX 5070 WINDFORCE OC SFF D7 12GB 피씨디렉트,"1,314,480","1,314,990","1,314,490","1,006,380","1,006,380"
75184265,GIGABYTE 지포스 RTX 5080 AERO OC SFF D7 16GB 제이씨현,"2,513,970","2,513,960","2,513,960","2,513,960","2,513,960"
75074516,GIGABYTE 지포스 RTX 5080 AERO OC SFF D7 16GB 피씨디렉트,"2,524,000","2,524,000","2,539,990","2,539,990","2,539,990"
75184268,GIGABYTE 지포스 RTX 5080 GAMING OC D7 16GB 제이씨현,"2,468,210","2,510,000","2,510,000","2,510,000","2,510,000"
75074666,GIGABYTE 지포스 RTX 5080 GAMING OC D7 16GB 피씨디렉트,"2,469,320","2,471,190","2,471,070","2,470,950","2,470,880"
75184271,GIGABYTE 지포스 RTX 5080 WINDFORCE OC SFF D7 16GB 제이씨현,"2,459,130","2,458,990","2,458,980","1,534,160","1,534,160"
75074732,GIGABYTE 지포스 RTX 5080 WINDFORCE OC SFF D7 16GB 피씨디렉트,"2,440,290","2,440,290","2,440,290","1,852,280","1,852,280"
123981276,GIGABYTE 지포스 RTX 5080 WINDFORCE OC V2 SFF D7 16GB 제이씨현,"2,498,020","2,498,010","2,498,010","2,031,200","2,031,200"
123981255,GIGABYTE 지포스 RTX 5080 WINDFORCE OC V2 SFF D7 16GB 피씨디렉트,"2,442,710","2,442,680","2,442,670","1,884,720","1,884,720"
75184280,GIGABYTE 지포스 RTX 5090 GAMING OC D7 32GB 제이씨현,"9,034,960","9,034,260","9,284,900","6,255,820","6,255,810"
75184238,GIGABYTE 지포스 RTX 5090 GAMING OC D7 32GB 피씨디렉트,"9,289,990","9,289,990","9,290,000","9,290,000","9,290,000"
75184283,GIGABYTE 지포스 RTX 5090 WINDFORCE OC D7 32GB 제이씨현,"8,985,900","8,985,900","8,990,000","6,363,620","6,363,620"
75184241,GIGABYTE 지포스 RTX 5090 WINDFORCE OC D7 32GB 피씨디렉트,"9,600,000","9,600,000","9,599,990","9,599,990","9,599,990"
61440464,GPD G1 라데온 RX 7600M XT D6 8GB (해외구매),"1,249,140","1,249,140","1,249,140","1,249,140","1,249,140"
16947065,INNO3D 지포스 GT710 D3 1GB (중고),"20,990","20,990","20,990","20,990","20,990"
122714795,INNO3D 지포스 RTX 3050 D6 6GB TWIN X2 V2,"376,000","375,990","375,960","375,940","375,920"
94261262,INNO3D 지포스 RTX 5050 D6 8GB TWIN X2,"565,430","565,430","565,430","480,370","480,370"
124288681,INNO3D 지포스 RTX 5060 D7 8GB TWIN X2 V2,"677,080","677,060","677,050","677,030","677,030"
90961244,INNO3D 지포스 RTX 5060 OC D7 8GB TWIN X2,"750,690","750,690","753,290","602,630","602,630"
90961373,INNO3D 지포스 RTX 5060 OC D7 8GB TWIN X2 WHITE,"716,490","716,490","716,490","589,060","589,060"
100270736,INNO3D 지포스 RTX 5060 OC V2 D7 8GB TWIN X2,"688,900","688,900","688,900","519,180","519,190"
86592089,INNO3D 지포스 RTX 5060 Ti OC D7 16GB TWIN X2,"1,069,570","1,069,570","1,069,570","949,500","949,500"
86449373,INNO3D 지포스 RTX 5060 Ti OC D7 16GB TWIN X2 WHITE,"1,239,000","1,239,000","1,239,000","1,239,000","917,200"
86649593,INNO3D 지포스 RTX 5060 Ti OC D7 8GB TWIN X2,"753,210","753,170","753,150","582,550","582,550"
86478782,INNO3D 지포스 RTX 5060 Ti OC D7 8GB TWIN X2 WHITE,"762,040","762,040","762,040","673,180","673,170"
86560166,INNO3D 지포스 RTX 5060 Ti OC D7 8GB X3,"856,790","856,790","856,790","718,700","718,690"
77465798,INNO3D 지포스 RTX 5070 OC D7 12GB TWIN X2,"1,299,720","1,299,720","1,299,720","1,026,760","1,000,000"
77465819,INNO3D 지포스 RTX 5070 OC D7 12GB TWIN X2 WHITE,"1,332,990","1,332,990","1,332,990","1,034,390","1,034,390"
77465882,INNO3D 지포스 RTX 5070 OC D7 12GB X3,"1,373,980","1,373,980","1,373,980","1,110,400","1,110,400"
76466054,INNO3D 지포스 RTX 5070 Ti OC D7 16GB X3,"1,929,000","1,929,000","1,928,990","1,590,150","1,590,150"
75600731,INNO3D 지포스 RTX 5080 D7 16GB X3,"2,415,880","2,413,360","2,413,360","1,962,810","1,962,810"
75600824,INNO3D 지포스 RTX 5080 OC D7 16GB X3,"2,455,190","2,455,190","2,455,190","1,963,700","1,963,700"
76466114,INNO3D 지포스 RTX 5080 OC D7 16GB X3 WHITE,"2,387,870","2,387,870","2,387,870","1,943,910","1,943,910"
15757727,MANLI 지포스 RTX 3070 Ti Rush D6X 8GB LHR,"1,626,650","1,626,650","1,626,650","1,626,650","1,626,650"
68775956,MANLI 지포스 RTX 4060 Ti Polar Fox D6 8GB TWIN FAN White 대원씨티에스,"731,400","731,400","731,400","731,400","731,400"
42940724,MANLI 지포스 RTX 4060 Ti Rush D6 8GB 대원씨티에스,"703,760","703,750","703,710","703,670","703,630"
93382082,MANLI 지포스 RTX 5050 Nebula D6 8GB 대원씨티에스,"557,070","557,070","557,070","419,870","419,870"
93629129,MANLI 지포스 RTX 5050 Nebula D6 8GB 인텍앤컴퍼니,0,0,0,0,"390,400"
93382217,MANLI 지포스 RTX 5050 Polar Fox OC D6 8GB 대원씨티에스,"600,000","600,000","600,000","442,000","442,000"
93629741,MANLI 지포스 RTX 5050 Polar Fox OC D6 8GB 인텍앤컴퍼니,0,0,0,"528,000","528,000"
124115846,MANLI 지포스 RTX 5060  Nebula D7 8GB V2 인텍앤컴퍼니,"792,130","792,130","792,130","792,130","792,130"
90956816,MANLI 지포스 RTX 5060 Nebula D7 8GB 대원씨티에스,"697,490","697,490","697,490","697,490","697,490"
90644501,MANLI 지포스 RTX 5060 Nebula D7 8GB 인텍앤컴퍼니,"668,990","730,000","669,000","730,000","668,990"
90956867,MANLI 지포스 RTX 5060 Polar Fox D7 OC 8GB 대원씨티에스,"669,990","699,980","698,930","425,860","425,870"
90644597,MANLI 지포스 RTX 5060 Polar Fox D7 OC 8GB 인텍앤컴퍼니,"671,870","671,870","671,870","544,100","544,100"
82717634,MANLI 지포스 RTX 5060 TI Polar Fox OC D7 8GB 인텍앤컴퍼니,"927,740","927,740","927,740","742,190","742,190"
80903570,MANLI 지포스 RTX 5060 Ti Nebula D7 16GB 대원씨티에스,0,0,0,"880,000","880,000"
82697921,MANLI 지포스 RTX 5060 Ti Nebula D7 8GB 인텍앤컴퍼니,"760,990","760,990","760,990","608,790","608,790"
101956631,MANLI 지포스 RTX 5060 Ti Nebula V2 D7 8GB 대원씨티에스,"905,990","905,990","905,990","729,610","729,610"
104614712,MANLI 지포스 RTX 5060 Ti Nebula V2 D7 8GB 인텍앤컴퍼니,"906,540","906,540","906,540","906,540","906,540"
81750227,MANLI 지포스 RTX 5060 Ti Polar Fox OC D7 16GB 인텍앤컴퍼니,"1,368,000","1,368,000","1,368,000","1,094,400","1,094,400"
81034403,MANLI 지포스 RTX 5060 Ti Polar Fox OC D7 8GB 대원씨티에스,"838,990","838,990","838,990","716,570","716,570"
81036440,MANLI 지포스 RTX 5060 Ti Stellar OC D7 8GB 대원씨티에스,"828,800","828,800","828,800","828,800","828,800"
82733867,MANLI 지포스 RTX 5060 Ti Stellar OC D7 8GB 인텍앤컴퍼니,"877,400","877,400","877,400","877,400","877,400"
98227514,MANLI 지포스 RTX 5070 Nebula D7 12GB Dual Fan 대원씨티에스,"1,327,550","1,327,550","1,327,550","1,039,740","1,039,740"
77379233,MANLI 지포스 RTX 5070 Nebula D7 12GB 대원씨티에스,"1,290,000","1,290,000","1,290,000","825,600","825,600"
77380469,MANLI 지포스 RTX 5070 Nebula D7 12GB 인텍앤컴퍼니,"1,400,990","1,400,990","1,400,990","1,025,470","1,025,470"
77379299,MANLI 지포스 RTX 5070 Polar Fox OC D7 12GB 대원씨티에스,"1,430,100","1,430,100","1,430,100","1,144,070","1,144,070"
77380763,MANLI 지포스 RTX 5070 Polar Fox OC D7 12GB 인텍앤컴퍼니,0,0,0,"1,063,200","1,063,200"
95423255,MANLI 지포스 RTX 5070 Polar Fox OC V2 D7 12GB 대원씨티에스,"1,501,920","1,501,920","1,501,920","1,063,150","1,063,150"
90644048,MANLI 지포스 RTX 5070 Polar Fox OC V2 D7 12GB 인텍앤컴퍼니,"1,347,650","1,393,220","1,393,220","1,393,220","1,393,220"
77380787,MANLI 지포스 RTX 5070 Stellar OC D7 12GB 인텍앤컴퍼니,"1,469,000","1,469,000","1,469,000","979,200","979,200"
76875302,MANLI 지포스 RTX 5070 Ti Gallardo OC D7 16GB 인텍앤컴퍼니,"1,921,080","1,921,080","1,921,080","1,921,080","1,921,080"
77015564,MANLI 지포스 RTX 5070 Ti Nebula D7 16GB 대원씨티에스,"1,839,000","1,839,000","1,839,000","1,203,190","1,203,190"
76875332,MANLI 지포스 RTX 5070 Ti Nebula D7 16GB 인텍앤컴퍼니,"1,958,000","1,958,000","1,958,000","1,566,400","1,566,400"
77704514,MANLI 지포스 RTX 5070 Ti Polar Fox OC D7 16GB 대원씨티에스,"1,929,990","1,929,990","1,929,990","1,519,290","1,519,290"
77086589,MANLI 지포스 RTX 5070 Ti Polar Fox OC D7 16GB 인텍앤컴퍼니,"2,015,470","2,015,470","2,015,470","1,900,000","1,900,000"
94201541,MANLI 지포스 RTX 5080 Gallardo OC D7 16GB White 인텍앤컴퍼니,"2,726,000","2,726,000","2,726,000","2,129,250","2,129,250"
75375797,MANLI 지포스 RTX 5080 Nebula D7 16GB 대원씨티에스,"2,316,980","2,316,980","2,316,990","1,916,210","1,916,210"
75931418,MANLI 지포스 RTX 5080 Nebula D7 16GB 인텍앤컴퍼니,"2,332,480","2,332,380","2,334,990","2,334,990","2,334,990"
75536942,MANLI 지포스 RTX 5080 Polar Fox OC D7 16GB 인텍앤컴퍼니,"2,448,000","2,448,000","2,448,000","1,566,720","1,566,720"
100273427,MANLI 지포스 RTX 5080 Polar Fox OC V2 D7 16GB 대원씨티에스,"2,448,000","2,448,000","2,448,000","1,958,400","1,958,400"
122699495,MANLI 지포스 RTX 5080 Polar Fox OC V2 D7 16GB 인텍앤컴퍼니,"2,436,550","2,436,550","2,629,000","2,629,000","2,629,000"
75376205,MANLI 지포스 RTX 5080 Stellar OC D7 16GB 대원씨티에스,"4,424,850","4,424,850","4,424,850","4,424,850","4,424,850"
95422910,MANLI 지포스 RTX 5090 Gallardo OC D7 32GB White 대원씨티에스,"8,990,000","8,990,000","8,989,950","8,989,820","8,989,710"
93385409,MANLI 지포스 RTX 5090 Gallardo OC D7 32GB White 인텍앤컴퍼니,"8,835,000","8,835,000","8,835,000","8,835,000","8,835,000"
75376346,MANLI 지포스 RTX 5090 Gallardo OC D7 32GB 대원씨티에스,0,0,0,"8,990,000","8,989,950"
75656861,MANLI 지포스 RTX 5090 Gallardo OC D7 32GB 인텍앤컴퍼니,0,0,0,"6,344,790","6,344,790"
75376397,MANLI 지포스 RTX 5090 Stellar OC D7 32GB 대원씨티에스,"13,000,000","13,000,000","13,000,000","13,000,000","13,000,000"
76331279,MANLI 지포스 RTX 5090 Stellar OC D7 32GB 인텍앤컴퍼니,"12,089,990","12,089,990","12,999,990","6,211,050","6,211,050"
124364700,MAXSUN 지포스 GT1030 D5 2GB 디앤디컴,0,가격비교예정,가격비교예정,가격비교예정,가격비교예정
124364690,MAXSUN 지포스 GTX1050 Ti 트랜스포머 D5 4GB 디앤디컴,0,가격비교예정,가격비교예정,가격비교예정,가격비교예정
91912736,MAXSUN 지포스 RTX 3050 트랜스포머 D6 6GB 디앤디컴,"370,460","370,460","370,460","370,460","370,460"
6038686,MSI 지포스 GT1030 에어로 ITX OC D4 2GB,"129,000","129,000","129,000","129,000","129,000"
18776426,MSI 지포스 GT710 D3 1GB LP 무소음 V2,"67,990","67,990","67,990","67,990","67,990"
3734562,MSI 지포스 GT710 D3 2GB LP 무소음,"67,990","67,990","67,980","67,980","67,980"
71010053,MSI 지포스 RTX 3050 벤투스 2X E OC D6 6GB,"377,370","377,370","375,000","375,000","375,000"
34816340,MSI 지포스 RTX 3050 벤투스 2X OC D6 6GB,0,0,0,"303,200","303,200"
98231099,MSI 지포스 RTX 3050 벤투스 2X OC D6 6GB (중고),"292,000","292,000","292,000","292,000","292,000"
27944384,MSI 지포스 RTX 3050 벤투스 2X XS OC D6 8GB,"408,550","408,990","408,610","408,500","408,490"
18373469,MSI 지포스 RTX 3060 Ti 게이밍 X 트리오 D6X 8GB 트라이프로져2,"1,087,600","1,087,600","1,087,600","870,080","870,080"
13512254,MSI 지포스 RTX 3060 벤투스 2X OC D6 12GB,"536,440","506,500","506,500","536,430","536,430"
15178970,MSI 지포스 RTX 3060 벤투스 2X OC D6 12GB (해외구매),"840,680",0,0,0,0
18279782,MSI 지포스 RTX 3060 벤투스 2X OC D6 8GB,"461,970","472,590","472,590","472,590","472,590"
14352602,MSI 지포스 RTX 3070 게이밍 X 트리오 D6 8GB 트라이프로져2 (해외구매),"990,640","990,640","990,640","990,640","990,640"
20740013,MSI 지포스 RTX 4060 벤투스 2X 블랙 OC D6 8GB,"2,697,030","2,697,030","2,697,030","2,135,140","2,135,140"
32861312,MSI 지포스 RTX 4070 SUPER 게이밍 X 슬림 D6X 12GB 트라이프로져3,"2,697,030","2,697,030","2,697,030","2,135,140","2,135,140"
94203833,MSI 지포스 RTX 5050 벤투스 2X OC D6 8GB,"571,990","598,990","598,990","598,990","598,990"
94203794,MSI 지포스 RTX 5050 쉐도우 2X OC D6 8GB,"735,940","735,940","768,990","768,990","768,990"
82047602,MSI 지포스 RTX 5060 Ti 게이밍 OC D7 16GB 트윈프로져,"1,198,980","1,198,980","1,198,980","959,170","959,170"
86803685,MSI 지포스 RTX 5060 Ti 게이밍 OC D7 8GB 트윈프로져,"2,459,410","2,459,410","2,459,410","2,459,410","2,459,410"
81990338,MSI 지포스 RTX 5060 Ti 벤투스 2X OC 플러스 D7 16GB,"1,124,810","1,124,810","1,124,800","1,124,800","1,124,800"
86814989,MSI 지포스 RTX 5060 Ti 벤투스 2X OC 플러스 D7 8GB,"749,900","758,170","753,000","753,000","753,000"
90436100,MSI 지포스 RTX 5060 Ti 벤투스 2X 플러스 D7 8GB,0,0,0,"1,119,200","1,119,200"
96259577,MSI 지포스 RTX 5060 Ti 쉐도우 2X OC 플러스 D7 16GB,"1,144,000","1,143,980","1,143,950","1,143,940","1,143,890"
96369605,MSI 지포스 RTX 5060 Ti 쉐도우 2X OC 플러스 D7 8GB,"774,200","774,200","774,200","774,200","774,200"
90956117,MSI 지포스 RTX 5060 게이밍 OC D7 8GB 트윈프로져,"2,246,180","2,246,180","2,246,180","1,849,110","1,849,110"
90956033,MSI 지포스 RTX 5060 벤투스 2X OC D7 8GB,"678,000","677,960","675,000","675,000","675,000"
122676813,MSI 지포스 RTX 5060 벤투스 2X OC V1 D7 8GB,"678,260","678,260","677,890","543,180","543,180"
90955973,MSI 지포스 RTX 5060 쉐도우 2X OC D7 8GB,"668,880","668,790","668,670","668,540","668,430"
90160715,MSI 지포스 RTX 5070 Ti 게이밍 트리오 OC D7 16GB 트라이프로져4,"1,946,890","1,948,990","1,940,000","1,818,180","1,818,180"
76550750,MSI 지포스 RTX 5070 Ti 게이밍 트리오 OC 플러스 D7 16GB 트라이프로져4,"2,296,150","2,296,150","2,296,150","2,296,150","2,296,150"
90435884,MSI 지포스 RTX 5070 Ti 게이밍 트리오 OC 화이트 D7 16GB 트라이프로져4,0,0,0,0,"2,431,360"
77705996,MSI 지포스 RTX 5070 Ti 뱅가드 SOC D7 16GB 하이퍼프로져,"5,580,000","5,580,000","5,580,000","4,463,130","4,463,130"
76550837,MSI 지포스 RTX 5070 Ti 벤투스 3X OC D7 16GB,"2,279,990","2,279,990","1,899,000","1,189,750","1,189,750"
78842921,MSI 지포스 RTX 5070 Ti 쉐도우 3X OC D7 16GB,"2,080,000","2,080,000","2,080,000","1,486,900","1,486,900"
77379380,MSI 지포스 RTX 5070 게이밍 트리오 OC D7 12GB 트라이프로져4,"1,287,470","1,325,700","1,325,690","1,318,940","1,318,800"
78102347,MSI 지포스 RTX 5070 게이밍 트리오 OC 화이트 D7 12GB 트라이프로져4,"1,872,340","1,872,340","1,872,340","1,482,590","1,482,590"
77379452,MSI 지포스 RTX 5070 벤투스 2X OC D7 12GB,"1,246,860","1,258,000","1,258,000","1,259,000","1,259,000"
77791202,MSI 지포스 RTX 5070 벤투스 2X OC 화이트 D7 12GB,0,0,0,"1,279,200","1,279,200"
77961944,MSI 지포스 RTX 5070 벤투스 3X OC D7 12GB,"1,276,240","1,276,240","1,276,230","1,276,230","1,276,230"
96369578,MSI 지포스 RTX 5070 쉐도우 2X OC D7 12GB,"1,297,990","1,297,990","1,297,990","999,200","999,200"
75373376,MSI 지포스 RTX 5080 게이밍 트리오 OC D7 16GB 트라이프로져4,"4,638,970","4,638,880","4,638,760","4,638,630","4,638,520"
76329767,MSI 지포스 RTX 5080 게이밍 트리오 OC 화이트 D7 16GB 트라이프로져4,"5,760,000","5,760,000","5,760,000","5,760,000","4,560,000"
75541700,MSI 지포스 RTX 5080 뱅가드 SOC D7 16GB 하이퍼프로져,"2,595,210","2,595,210","2,597,990","2,587,990","2,587,880"
76463606,MSI 지포스 RTX 5080 벤투스 3X OC D7 16GB,"2,510,990","2,510,990","2,511,000","2,511,000","2,511,000"
75373496,MSI 지포스 RTX 5080 벤투스 3X OC 플러스 D7 16GB,"4,826,400","4,826,400","4,826,400","4,826,400","4,826,400"
77791169,MSI 지포스 RTX 5080 벤투스 3X OC 화이트 D7 16GB,"3,124,790","3,124,790","3,298,790","2,639,030","2,639,020"
78842858,MSI 지포스 RTX 5080 쉐도우 3X OC D7 16GB,"2,527,730","2,527,730","2,573,990","2,059,190","2,059,190"
96259277,MSI 지포스 RTX 5080 엑스퍼트 OC D7 16GB 플로우프로져2,"6,240,000","6,240,000","6,240,000","4,940,000","4,940,000"
75993239,MSI 지포스 RTX 5090 게이밍 트리오 OC D7 32GB 트라이프로져4,"9,740,000","9,740,000","9,740,000","9,740,000","9,740,000"
78098624,MSI 지포스 RTX 5090 뱅가드 SOC D7 32GB 하이퍼프로져,"12,089,990","12,089,990","12,999,990","12,999,990","12,999,990"
76550939,MSI 지포스 RTX 5090 슈프림 SOC D7 32GB 하이퍼프로져,"9,189,970","9,289,970","9,289,920","9,289,790","9,289,680"
122621334,NEXIUM 지포스 GTX 1660 SUPER NEXIUM II D6 6GB DUAL,"293,340","293,340","293,340","293,340","293,340"
122705634,NEXIUM 지포스 RTX 3050 D6 6GB DUAL,"354,760","354,760","354,760","354,760","354,760"
40722776,NVIDIA A100 HBM2 40GB PCIe (해외구매),"14,720,000","14,720,000","14,720,000","14,720,000","14,720,000"
21458333,NVIDIA A100 HBM2e 80GB PCIe,"36,500,000","36,500,000","36,500,000","36,500,000","36,500,000"
55045334,NVIDIA A2 D6 16GB,"1,105,000","1,105,000","1,105,000","1,105,000","1,105,000"
49055273,NVIDIA A30 HBM2 24GB (병행수입),"7,390,000","7,390,000","7,390,000","7,390,000","7,390,000"
49261274,NVIDIA H100 HBM2e 80GB PCIe,"45,314,600","45,314,600","45,314,600","45,314,600","45,314,600"
53783282,NVIDIA H100 HBM3 94GB NVL,"45,399,990","45,399,990","45,399,990","45,399,990","45,399,950"
55045148,NVIDIA L4 D6 24GB,"6,636,000","6,636,000","6,636,000","6,636,000","6,636,000"
49266752,NVIDIA L40S D6 48GB,"13,629,310","13,629,310","13,629,310","13,629,310","13,629,310"
14274734,NVIDIA NV링크 브릿지 2-Slot,"404,590","404,590","404,590","404,590","404,590"
57508178,NVIDIA RTX 2000 Ada Generation D6 16GB,"1,489,990","1,489,990","1,489,990","1,489,990","1,489,990"
74417117,NVIDIA RTX 2000 Ada Generation D6 16GB (병행수입),"1,412,400","1,412,400","1,412,400","1,412,400","1,412,400"
57293591,NVIDIA RTX 4000 Ada Generation D6 20GB (병행수입),"3,050,000","3,050,000","3,050,000","3,050,000","3,050,000"
20807324,NVIDIA RTX 4000 SFF Ada Generation D6 20GB,"2,930,000","2,930,000","2,930,000","2,930,000","2,930,000"
62163968,NVIDIA RTX 4000 SFF Ada Generation D6 20GB (병행수입),"3,183,950","3,187,270","3,183,940","3,183,940","3,183,950"
48395846,NVIDIA RTX 4500 Ada Generation D6 24GB,"3,920,000","3,920,000","3,920,000","3,920,000","3,920,000"
74418092,NVIDIA RTX 4500 Ada Generation D6 24GB (병행수입),"4,499,990","4,499,990","4,499,990","4,499,990","4,499,990"
34816172,NVIDIA RTX 5000 Ada Generation D6 32GB,"7,383,000","7,383,000","7,383,000","7,383,000","7,383,000"
34848809,NVIDIA RTX 5000 Ada Generation D6 32GB (병행수입),"6,939,940","6,939,850","6,939,730","6,939,600","6,939,490"
19393388,NVIDIA RTX 6000 Ada Generation D6 48GB,"12,443,400","12,443,400","12,443,400","12,443,400","12,443,400"
55039700,NVIDIA RTX 6000 Ada Generation D6 48GB (병행수입),"11,898,950","11,898,890","11,898,870","11,898,810","11,898,700"
81061844,NVIDIA RTX 6000 Ada Generation D6 48GB 서린 (벌크),"14,000,000","14,000,000","14,000,000","14,000,000","14,000,000"
71009864,NVIDIA RTX A1000 D6 8GB,"958,000","986,740","1,006,700","1,006,700","1,006,700"
65426753,NVIDIA RTX A1000 D6 8GB (병행수입),"1,099,990","1,099,990","1,099,990","1,099,990","1,099,990"
71009948,NVIDIA RTX A400 D6 4GB,"369,000","369,000","369,000","369,000","369,000"
65426912,NVIDIA RTX A400 D6 4GB (병행수입),"409,000","409,000","409,000","409,000","409,000"
17744411,NVIDIA RTX A4000 D6 16GB (병행수입),"2,589,000","2,589,000","2,589,000","2,589,000","2,589,000"
15196385,NVIDIA RTX A4000 D6 16GB (해외구매),"3,145,800","3,145,800","3,145,800","3,145,800","3,145,800"
16500317,NVIDIA RTX A4500 D6 20GB,"3,405,000","3,405,000","3,405,000","3,405,000","3,405,000"
17742206,NVIDIA RTX A4500 D6 20GB (병행수입),"2,788,990","2,788,990","2,788,990","2,788,990","2,788,990"
17074907,NVIDIA RTX A5000 D6 24GB (병행수입),"4,289,990","4,289,990","4,289,990","4,289,990","4,289,990"
18529553,NVIDIA RTX A5000 D6 24GB (중고),"5,850,450","5,850,450","5,850,450","5,850,450","5,850,450"
17466311,NVIDIA RTX A5500 D6 24GB,"5,412,590","5,412,590","5,412,590","5,412,590","5,412,590"
13596899,NVIDIA RTX A6000 D6 48GB,"11,096,000","11,096,000","11,096,000","11,096,000","11,096,000"
17529758,NVIDIA RTX A6000 D6 48GB (병행수입),"9,800,000","9,800,000","9,800,000","10,399,980","10,388,110"
99914171,NVIDIA RTX PRO 2000 Blackwell D7 16GB,"2,835,920","2,809,980","2,806,720","2,806,700","2,806,680"
105814622,NVIDIA RTX PRO 2000 Blackwell D7 16GB (병행수입),"2,880,000","2,880,000","2,880,000","2,880,000","2,880,000"
101546711,NVIDIA RTX PRO 2000 Blackwell D7 16GB 서린,"2,781,940","2,760,700","2,781,940","2,781,940","2,781,930"
101546729,NVIDIA RTX PRO 2000 Blackwell D7 16GB 서린 (벌크),"2,767,160","2,767,160","2,730,470","2,730,470","2,730,450"
99914468,NVIDIA RTX PRO 4000 Blackwell D7 24GB,"4,790,000","4,790,000","4,790,000","4,790,000","4,790,000"
101015066,NVIDIA RTX PRO 4000 Blackwell D7 24GB (병행수입),"5,198,290","5,067,920","5,067,910","5,067,910","5,067,910"
101546732,NVIDIA RTX PRO 4000 Blackwell D7 24GB 서린,"5,238,540","5,187,620","5,187,610","5,187,610","5,187,590"
101546735,NVIDIA RTX PRO 4000 Blackwell D7 24GB 서린 (벌크),"5,066,460","5,066,460","5,066,460","5,066,460","5,066,450"
103335935,NVIDIA RTX PRO 4000 Blackwell SFF 에디션 D7 24GB,"6,009,660","6,009,660","6,009,660","6,009,660","6,009,660"
103752587,NVIDIA RTX PRO 4000 Blackwell SFF 에디션 D7 24GB 서린,"5,187,570","5,187,570","5,187,560","5,187,560","5,187,540"
122669498,NVIDIA RTX PRO 4000 Blackwell SFF에디션 D7 24GB 서린 (벌크),"5,081,970","5,081,970","5,081,960","5,081,960","5,081,940"
99914681,NVIDIA RTX PRO 4500 Blackwell D7 32GB,"8,283,480","8,200,000","8,200,000","8,200,000","8,200,000"
93445232,NVIDIA RTX PRO 4500 Blackwell D7 32GB (병행수입),"7,991,490","7,991,490","7,991,380","7,991,250","7,991,140"
101546738,NVIDIA RTX PRO 4500 Blackwell D7 32GB 서린,"8,282,320","8,282,320","8,281,940","8,281,940","8,122,020"
101546882,NVIDIA RTX PRO 4500 Blackwell D7 32GB 서린 (벌크),"8,154,890","8,154,890","8,122,040","8,122,040","8,122,040"
123807158,NVIDIA RTX PRO 4500 Blackwell 서버 에디션 D7 32GB 서린 (벌크),"8,551,430","8,551,430","8,551,430","8,551,430","8,551,410"
99914777,NVIDIA RTX PRO 5000 Blackwell D7 48GB,"13,649,950","13,649,950","13,649,950","13,649,950","13,649,910"
93444932,NVIDIA RTX PRO 5000 Blackwell D7 48GB (병행수입),"13,670,990","13,670,990","13,670,990","13,670,990","13,670,990"
101185187,NVIDIA RTX PRO 5000 Blackwell D7 48GB 서린,"14,700,000","14,700,000","14,700,000","14,700,000","14,700,000"
101185244,NVIDIA RTX PRO 5000 Blackwell D7 48GB 서린 (벌크),"13,853,120","13,853,120","13,853,110","13,853,110","13,853,090"
103808108,NVIDIA RTX PRO 5000 Blackwell D7 72GB,"18,059,950","18,059,880","18,059,830","18,059,700","18,059,590"
108418610,NVIDIA RTX PRO 5000 Blackwell D7 72GB (벌크),"16,974,690","16,974,630","16,974,610","16,974,550","16,974,440"
122669553,NVIDIA RTX PRO 5000 Blackwell D7 72GB 서린,"15,549,290","15,549,290","15,549,280","15,549,280","15,548,370"
122669574,NVIDIA RTX PRO 5000 Blackwell D7 72GB 서린 (벌크),"15,350,000","15,350,000","15,350,000","15,350,000","15,350,000"
94640462,NVIDIA RTX PRO 6000 Blackwell MAX-Q 워크스테이션 에디션 D7 96GB,"26,449,990","26,449,990","26,449,990","26,449,990","26,449,990"
108418685,NVIDIA RTX PRO 6000 Blackwell MAX-Q 워크스테이션 에디션 D7 96GB (벌크),"27,186,630","27,186,630","27,186,630","27,186,630","27,186,630"
94083287,NVIDIA RTX PRO 6000 Blackwell MAX-Q 워크스테이션 에디션 D7 96GB (병행수입),"26,039,990","26,039,990","26,039,990","26,039,990","26,039,990"
95851517,NVIDIA RTX PRO 6000 Blackwell MAX-Q 워크스테이션 에디션 D7 96GB 서린,"27,000,000","27,999,990","27,999,990","27,999,990","27,985,970"
94083122,NVIDIA RTX PRO 6000 Blackwell 서버 에디션 D7 96GB (병행수입),"27,460,410","27,460,340","27,460,290","27,460,160","27,460,050"
94083011,NVIDIA RTX PRO 6000 Blackwell 서버 에디션 D7 96GB 서린 (벌크),"27,600,000","27,600,000","27,600,000","27,600,000","27,600,000"
94640297,NVIDIA RTX PRO 6000 Blackwell 워크스테이션 에디션 D7 96GB,"25,500,000","26,450,000","26,450,000","26,450,000","26,450,000"
108418646,NVIDIA RTX PRO 6000 Blackwell 워크스테이션 에디션 D7 96GB (벌크),"27,338,310","27,338,250","27,338,230","27,338,170","27,338,060"
94083197,NVIDIA RTX PRO 6000 Blackwell 워크스테이션 에디션 D7 96GB (병행수입),"26,049,990","26,049,990","26,049,990","26,049,990","26,049,990"
97702502,NVIDIA RTX PRO 6000 Blackwell 워크스테이션 에디션 D7 96GB 서린,"26,469,990","26,469,990","26,469,990","26,469,990","26,469,950"
97702526,NVIDIA RTX PRO 6000 Blackwell 워크스테이션 에디션 D7 96GB 서린 (벌크),"2,650,000","26,050,000","28,063,500","28,063,500","28,063,500"
108418880,NVIDIA RTX PRO Sync,"1,400,000","1,400,000","1,400,000","1,400,000","1,400,000"
14864039,NVIDIA T1000 D6 4GB,"579,000","579,000","579,000","579,000","579,000"
17023763,NVIDIA T400 D6 4GB,"399,000","399,000","399,000","399,000","399,000"
5727780,NVIDIA Tesla V100 HBM2 16GB SXM2,"1,411,000","1,411,000","1,411,000","1,411,000","1,411,000"
4058453,NVIDIA 쿼드로 M6000 D5 24GB 리더스시스템즈,"770,000","770,000","770,000","770,000","770,000"
5041433,NVIDIA 쿼드로 P2000 D5 5GB ABKO,"258,000","258,000","258,000","258,000","258,000"
17484341,NVIDIA 쿼드로 P4000 D5 8GB (해외구매),"440,000","440,000","440,000","440,000","440,000"
6069251,NVIDIA 쿼드로 P620 D5 2GB,"165,000","165,000","165,000","165,000","165,000"
7358839,NVIDIA 쿼드로 RTX 4000 D6 8GB,"1,488,000","1,488,000","1,488,000","1,488,000","1,488,000"
6839308,NVIDIA 쿼드로 RTX 6000 D6 24GB,"2,475,000","2,475,000","2,475,000","2,475,000","2,475,000"
11639453,NVIDIA 쿼드로 RTX NV링크 HB 브릿지 2-Slot,"125,000","125,000","125,000","125,000","125,000"
12820505,NVIDIA 쿼드로 Sync II,"1,756,900","1,310,000","1,310,000","1,309,990","1,309,990"
77314562,ONE-NETBOOK ONE X GPU 2 RX 7800M (해외구매),"1,217,040","1,217,040","1,217,040","1,217,040","1,217,040"
97780238,PALIT 지포스 RTX 3050 STORM X D6 6GB 이엠텍,"385,560","385,560","385,560","385,560","385,560"
14804777,PALIT 지포스 RTX 3060 Ti Dual D6 8GB LHR,"734,870","734,870","734,870","734,870","734,870"
93381587,PALIT 지포스 RTX 5050 DUAL D6 8GB 이엠텍,"593,970","588,810","579,920","459,360","459,360"
94695290,PALIT 지포스 RTX 5050 STORM X D6 8GB 이엠텍,"561,610","561,560","561,550","561,540","561,540"
90887900,PALIT 지포스 RTX 5060 DUAL D7 8GB 이엠텍,"720,500","713,220","720,500","720,500","720,500"
90887879,PALIT 지포스 RTX 5060 DUAL OC D7 8GB 이엠텍,"723,520","723,520","723,520","670,000","670,000"
89732453,PALIT 지포스 RTX 5060 Ti DUAL D7 8GB 이엠텍,"789,880","799,990","789,900","789,880","789,860"
90642689,PALIT 지포스 RTX 5060 Ti DUAL OC D7 8GB 이엠텍,0,0,0,"640,000","640,000"
81037490,PALIT 지포스 RTX 5060 Ti INFINITY 3 D7 16GB 이엠텍,"2,656,620","2,656,620","2,662,670","2,662,670","2,662,670"
90578306,PALIT 지포스 RTX 5060 Ti INFINITY 3 OC D7 8GB 이엠텍,"1,120,000","1,120,000",0,0,0
96366407,PALIT 지포스 RTX 5060 Ti WHITE OC D7 16GB 이엠텍,"1,078,780","1,097,930","1,097,860","1,097,730","1,097,620"
94695566,PALIT 지포스 RTX 5060 WHITE OC D7 8GB 이엠텍,"715,270","715,270","715,270","715,270","715,270"
91769021,PALIT 지포스 RTX 5070 GAMINGPRO-S D7 12GB 이엠텍,"1,294,340","1,294,340","1,294,340","982,880","982,880"
79402577,PALIT 지포스 RTX 5070 INFINITY 3 D7 12GB 이엠텍,"1,359,480","1,359,480","1,330,000","1,329,990","1,329,990"
91768979,PALIT 지포스 RTX 5070 Ti GAMINGPRO-S D7 16GB 이엠텍,"1,940,940","1,940,880","1,940,880","1,940,870","1,940,870"
106710902,PALIT 지포스 RTX 5070 Ti GAMINGPRO-S OC D7 16GB 이엠텍,"2,018,690","2,018,690","2,018,690","2,018,690","2,018,690"
96579917,PALIT 지포스 RTX 5070 WHITE OC D7 12GB 이엠텍,"1,368,980","1,368,990","1,368,900","1,368,900","1,368,900"
75184247,PALIT 지포스 RTX 5080 GAMEROCK D7 16GB 이엠텍,0,0,0,"2,216,000","2,216,000"
75184250,PALIT 지포스 RTX 5080 GAMINGPRO D7 16GB 이엠텍,"2,437,000","2,439,980","2,439,980","2,439,980","2,536,310"
75376490,PALIT 지포스 RTX 5090 GAMEROCK D7 32GB 이엠텍,"9,117,990","9,117,990","9,112,500","9,112,490","9,112,490"
75184256,PALIT 지포스 RTX 5090 GAMEROCK OC D7 32GB 이엠텍,"9,513,730","9,513,730","9,513,680","9,513,560","9,513,490"
67509884,PNY 지포스 RTX 4070 SUPER VERTO OC D6X 12GB DF 한성컴퓨터,"945,000","945,000","945,000","945,000","945,000"
105817778,PNY 지포스 RTX 5050 D6 8GB Dual Fan STCOM,"550,360","547,750","547,750","547,740","547,740"
98412050,PNY 지포스 RTX 5050 D6 8GB Dual Fan 제이씨현,0,0,0,"495,200","495,200"
122829866,PNY 지포스 RTX 5060 D7 8GB Dual Fan 제이씨현,"728,990","728,990","728,990","509,200","509,200"
90887702,PNY 지포스 RTX 5060 OC D7 8GB Dual Fan STCOM,"661,890","661,890","659,840","537,580","537,580"
92971433,PNY 지포스 RTX 5060 OC D7 8GB Dual Fan 제이씨현,"709,230","705,090","705,090","515,980","515,980"
99711974,PNY 지포스 RTX 5060 OC D7 8GB Dual Fan 한성컴퓨터,"629,250","629,250","639,030","592,000","592,000"
95206559,PNY 지포스 RTX 5060 Ti D7 8GB Dual Fan 제이씨현,0,0,0,"654,610","654,610"
92046968,PNY 지포스 RTX 5060 Ti EPIC-X RGB OC D7 16GB Triple Fan STCOM,0,0,0,"841,400","841,400"
87679496,PNY 지포스 RTX 5060 Ti OC D7 8GB Dual Fan STCOM,"731,900","731,900","731,900","731,900","731,900"
95206529,PNY 지포스 RTX 5060 Ti OC D7 8GB Dual Fan 제이씨현,"758,520","758,510","690,000","485,440","485,440"
93385700,PNY 지포스 RTX 5060 Ti OC D7 8GB Dual Fan 한성컴퓨터,"726,550","726,550",0,0,0
92046863,PNY 지포스 RTX 5070 EPIC-X RGB OC D7 12GB Triple Fan STCOM,0,0,0,"645,760","645,760"
82258553,PNY 지포스 RTX 5070 OC D7 12GB Triple Fan STCOM,"1,299,000","1,299,000","1,299,000","1,016,000","1,016,000"
78843224,PNY 지포스 RTX 5070 OC D7 12GB Triple Fan 제이씨현,0,0,0,"1,006,650","1,006,650"
78977468,PNY 지포스 RTX 5070 OC D7 12GB Triple Fan 한성컴퓨터,"1,220,000","1,220,000",0,0,0
82225754,PNY 지포스 RTX 5070 Ti OC D7 16GB Triple Fan STCOM,"1,800,820","1,800,820","1,800,820","1,800,820","1,436,360"
99896006,PNY 지포스 RTX 5070 Ti OC D7 16GB Triple Fan 제이씨현,"1,793,400","1,793,400","1,799,000","1,434,800","1,434,800"
93386447,PNY 지포스 RTX 5070 Ti OC D7 16GB Triple Fan 한성컴퓨터,"1,739,200","1,739,200","1,775,460","1,551,140","1,551,140"
75931502,PNY 지포스 RTX 5080 D7 16GB Triple Fan 제이씨현,"2,330,020","2,323,610","2,320,590","1,807,190","1,807,190"
82179890,PNY 지포스 RTX 5080 EPIC-X RGB OC D7 16GB Triple Fan STCOM,0,0,0,"1,760,000","1,760,000"
76509074,PNY 지포스 RTX 5080 EPIC-X RGB OC D7 16GB Triple Fan 제이씨현,"2,468,000","2,468,000","2,468,000","1,896,000","1,896,000"
76380392,PNY 지포스 RTX 5080 EPIC-X RGB OC D7 16GB Triple Fan 한성컴퓨터,"2,561,430","2,561,430","2,561,430","2,561,430","2,561,430"
122686254,PNY 지포스 RTX 5080 OC D7 16GB Dual Fan Slim 제이씨현,"2,350,910","2,350,910","2,350,910","2,350,910","2,350,910"
75931508,PNY 지포스 RTX 5080 OC D7 16GB Triple Fan 제이씨현,"2,305,000","2,304,990","2,304,990","1,825,580","1,825,570"
122695605,PNY 지포스 RTX 5080 VERTO OC D7 16GB Triple Fan 한성컴퓨터,"2,274,100","2,274,100","2,324,100","2,324,100","2,324,100"
98918945,PowerColor 라데온 AI PRO R9700 D6 32GB 대원씨티에스,"2,879,000","2,879,000","2,879,000","2,879,000","2,878,990"
35231306,PowerColor 라데온 RX 7600 Fighter D6 8GB 대원씨티에스,"641,000","641,000","641,000","641,000","641,000"
106767512,PowerColor 라데온 RX 9060 Reaper D6 8GB 대원씨티에스,"589,990","589,990","589,990","589,990","578,000"
122688013,PowerColor 라데온 RX 9060 Reaper D6 8GB 몬길: 스타다이브 에디션,"591,890","591,890","591,890","591,890","578,000"
91908821,PowerColor 라데온 RX 9060 XT Hellhound OC D6 16GB 대원씨티에스,"829,800","829,800","829,800","639,980","639,980"
91908686,PowerColor 라데온 RX 9060 XT Hellhound Spectral White OC D6 16GB 대원씨티에스,"851,000","851,000","851,000","704,060","704,060"
91908902,PowerColor 라데온 RX 9060 XT Reaper D6 16GB 대원씨티에스,"842,570","842,570","842,560","842,540","842,500"
91909010,PowerColor 라데온 RX 9060 XT Reaper White D6 16GB 대원씨티에스,"853,620","853,620","853,610","664,720","664,720"
77380985,PowerColor 라데온 RX 9070 XT Hellhound D6 16GB 대원씨티에스,"1,517,960","1,499,000","1,517,410","1,517,410","1,517,410"
77381207,PowerColor 라데온 RX 9070 XT Hellhound Spectral White D6 16GB 대원씨티에스,0,0,0,"1,040,000","1,040,000"
77381483,PowerColor 라데온 RX 9070 XT Reaper D6 16GB 대원씨티에스,"1,482,000","1,482,000","1,482,000","1,482,000","1,482,000"
12926123,Razer Core X Black (해외구매),"650,000","650,000","650,000","650,000","650,000"
12926084,Razer Core X Chroma (해외구매),"962,170","962,170","962,170","962,170","962,170"
101191844,SAPPHIRE 라데온 AI PRO R9700 D6 32GB,0,"2,964,100","2,924,730","2,924,710","2,924,700"
20315144,SAPPHIRE 라데온 RX 7600 PULSE OC D6 8GB,"492,000","498,990","489,400","489,400","489,400"
28057922,SAPPHIRE 라데온 RX 7700 XT PULSE D6 12GB,"726,440","726,440","726,440","726,440","726,440"
97470848,SAPPHIRE 라데온 RX 9060 PULSE OC D6 8GB,"598,990","598,950","595,980","595,920","595,880"
91909427,SAPPHIRE 라데온 RX 9060 XT NITRO+ OC D6 16GB,"928,980","938,990","909,000","591,310","591,310"
91909571,SAPPHIRE 라데온 RX 9060 XT PULSE OC D6 16GB,"849,000","841,900","821,000","821,000","821,000"
91909628,SAPPHIRE 라데온 RX 9060 XT PULSE OC D6 8GB,"691,470","698,990","685,000","685,000","685,000"
91909511,SAPPHIRE 라데온 RX 9060 XT PURE OC D6 16GB,"869,000","878,990","863,000","548,150","548,150"
122684820,SAPPHIRE 라데온 RX 9070 GRE PULSE OC D6 12GB,"996,480","996,500","995,950","629,710","629,710"
77378393,SAPPHIRE 라데온 RX 9070 NITRO+ OC D6 16GB,"1,189,000","1,189,000","1,189,000","1,189,000","1,189,000"
77378426,SAPPHIRE 라데온 RX 9070 PULSE D6 16GB,"1,099,000","1,099,000","1,099,000","1,099,000","1,099,000"
77382623,SAPPHIRE 라데온 RX 9070 PURE OC D6 16GB,"1,129,000","1,129,000","1,129,000","1,129,000","1,129,000"
77378093,SAPPHIRE 라데온 RX 9070 XT NITRO+ OC D6 16GB,"1,640,000","1,648,990","1,597,000","1,597,000","1,597,000"
106694891,SAPPHIRE 라데온 RX 9070 XT NITRO+ OC D6 16GB 붉은사막 에디션,"1,640,190","1,648,440","1,645,960","1,052,780","1,052,780"
77378039,SAPPHIRE 라데온 RX 9070 XT PULSE D6 16GB,"1,488,880","1,498,990","1,451,000","1,451,000","1,451,000"
77381780,SAPPHIRE 라데온 RX 9070 XT PURE OC D6 16GB,"1,499,000","1,548,990","1,499,990","1,499,980","1,499,980"
29402165,STCOM 라데온 RX 580 2048SP Gaming D5 8GB,"176,000","176,000","176,000","176,000","176,000"
28392092,STCOM 지포스 GT730 D5 2GB LP,"76,840","76,840","76,840","76,840","76,840"
33994208,STCOM 지포스 RTX 4080 SUPER D6X 16GB,"1,750,000","1,750,000","1,750,000","1,750,000","1,750,000"
11602526,TAGER 지포스 G210 D3 512MB LP,"29,430","29,480","29,480","29,480","29,480"
123846694,TAGER 지포스 GT 1030DP EDITION,"124,890","124,890","124,890","124,890","124,890"
11602802,TAGER 지포스 GT1030 D5 2GB,"124,990","124,990","124,990","124,990","124,990"
20687210,TAGER 지포스 GT710 D3 2GB LP,"58,480","58,620","58,620","58,620","58,620"
95425559,TAGER 지포스 GT730 D3 2GB WIN,"62,900","63,330","63,330","63,330","63,330"
12398747,TAGER 지포스 GTX 1650 D6 4GB,"248,980","249,730","244,730","244,730","244,730"
18650024,TAGER 지포스 GTX 1660 SUPER K D6 6GB,"285,040","285,040","285,040","285,040","285,040"
39037607,TAGER 지포스 RTX 3050 D6 6GB ONE COOL,"358,070","358,050","358,030","357,970","357,860"
16268375,TUL 라데온 RX 550 D5 2GB LP (벌크),"86,900","86,900","86,900","86,900","86,900"
62640563,XFX Magnetic Air 시리즈 커스텀 팬 그린,"39,900","39,900","38,670","38,670","38,670"
62640164,XFX Magnetic Air 시리즈 커스텀 팬 블루,"39,900","39,900","38,670","38,670","38,670"
62640587,XFX Magnetic Air 시리즈 커스텀 팬 오렌지,"39,900","39,900","38,670","38,670","38,670"
16224614,XFX 라데온 RX 6500 XT QICK 210 BLACK D6 4GB,"440,000","440,000","440,000","440,000","440,000"
15427364,XFX 라데온 RX 6600 SWFT 210 CORE D6 8GB,"602,940","602,940","602,940","602,940","602,940"
20302601,XFX 라데온 RX 7600 SWFT 210 CORE D6 8GB,"473,380","473,380","468,120","468,120","468,110"
18519410,XFX 라데온 RX 7900 XTX MERC 310 BLACK D6 24GB,"1,789,990","1,789,990","1,760,690","1,760,690","1,760,670"
95206613,XFX 라데온 RX 9060 SWIFT DUAL D6 8GB,"599,000","599,000","585,130","585,130","585,110"
92892695,XFX 라데온 RX 9060 XT SWIFT DUAL OC D6 16GB,"804,990","804,990","804,990","804,990","804,990"
91909106,XFX 라데온 RX 9060 XT SWIFT DUAL OC D6 8GB,"636,340","636,280","636,130","636,130","636,120"
92892671,XFX 라데온 RX 9060 XT SWIFT DUAL WHITE OC D6 16GB,"859,000","859,000","839,050","519,530","519,530"
91909166,XFX 라데온 RX 9060 XT SWIFT DUAL WHITE OC D6 8GB,"653,300","653,300","645,770","418,090","418,090"
122687822,XFX 라데온 RX 9070 GRE SWIFT D6 12GB,"998,990","998,990","975,940","774,400","774,400"
122687833,XFX 라데온 RX 9070 GRE SWIFT WHITE D6 12GB,"1,022,000","1,022,000","997,900","792,000","792,000"
77378342,XFX 라데온 RX 9070 QUICKSILVER OC D6 16GB,"976,500","976,500","976,500","976,500","976,500"
79578449,XFX 라데온 RX 9070 XT MERCURY RGB OC WHITE D6 16GB,0,0,0,"1,281,600","1,281,600"
79578347,XFX 라데온 RX 9070 XT QUICKSILVER D6 16GB,"1,499,000","1,499,000","1,463,920","928,820","928,820"
77378288,XFX 라데온 RX 9070 XT SWIFT D6 16GB,"1,477,290","1,477,290","1,463,950","1,463,950","1,463,940"
78977732,XFX 라데온 RX 9070 XT SWIFT WHITE D6 16GB,"1,290,000","1,290,000","1,290,000","931,180","931,180"
16284683,ZOTAC GAMING 지포스 RTX 3050 TWIN Edge OC D6 8GB,"573,720","573,720","573,720","573,720","573,720"
14824238,ZOTAC GAMING 지포스 RTX 3070 TWIN Edge OC D6 8GB LHR,"412,150","412,150","412,150","412,150","412,150"
14500928,ZOTAC GAMING 지포스 RTX 3080 Trinity OC D6X 10GB (해외구매),"2,474,350","2,474,350","2,474,350","2,474,350","2,474,350"
21446195,ZOTAC GAMING 지포스 RTX 4060 TWIN Edge OC D6 8GB,"998,990","998,990","998,990","998,990","998,990"
20308373,ZOTAC GAMING 지포스 RTX 4060 Ti TWIN Edge D6 8GB,"970,190","975,000","975,000","974,972","974,972"
20564615,ZOTAC GAMING 지포스 RTX 4060 Ti TWIN Edge OC D6 8GB White,"655,000","655,000","655,000","655,000","655,000"
93703604,ZOTAC GAMING 지포스 RTX 5050 Twin Edge D6 8GB,"669,990","669,990","669,990","669,990","669,990"
99290201,ZOTAC GAMING 지포스 RTX 5050 Twin Edge OC White D6 8GB,"598,990","598,990","598,990","598,990","598,990"
96987773,ZOTAC GAMING 지포스 RTX 5060 LP D7 8GB,"652,980","652,980","652,980","652,980","652,980"
81062540,ZOTAC GAMING 지포스 RTX 5060 Ti Twin Edge OC D7 16GB,0,0,0,"745,980",0
85410707,ZOTAC GAMING 지포스 RTX 5060 Ti Twin Edge OC D7 8GB,"717,540","717,540","717,540","717,540","717,540"
91910279,ZOTAC GAMING 지포스 RTX 5060 Twin Edge OC D7 8GB,"674,990","674,990","674,990","674,990","674,980"
96313871,ZOTAC GAMING 지포스 RTX 5060 Twin Edge OC White D7 8GB,"660,280","660,280","660,280","830,000","830,000"
85732049,ZOTAC GAMING 지포스 RTX 5070 AMP White D7 12GB,"1,969,000","1,969,000","1,969,000","1,969,000","1,969,000"
77319413,ZOTAC GAMING 지포스 RTX 5070 SOLID OC D7 12GB,"1,289,630","1,289,630","1,289,630","1,289,630","1,289,630"
76464395,ZOTAC GAMING 지포스 RTX 5070 Ti AMP Extreme Infinity D7 16GB,"2,344,300","2,344,240","2,344,190","1,793,090","1,793,090"
92358173,ZOTAC GAMING 지포스 RTX 5070 Ti SOLID CORE OC D7 16GB,"1,959,000","1,959,000","1,959,000","1,567,200","1,567,200"
92889065,ZOTAC GAMING 지포스 RTX 5070 Ti SOLID CORE OC White D7 16GB,"1,959,000","1,959,000","1,959,000","1,567,200","1,567,200"
76464143,ZOTAC GAMING 지포스 RTX 5070 Ti SOLID OC D7 16GB,"2,399,000","2,399,000","2,399,000","2,399,000","2,399,000"
74971838,ZOTAC GAMING 지포스 RTX 5080 AMP EXTREME INFINITY D7 16GB,"2,419,950","2,419,950","2,419,940","1,925,250","1,925,250"
79116668,ZOTAC GAMING 지포스 RTX 5080 SOLID CORE OC D7 16GB,"2,329,890","2,319,670","2,319,660","2,319,660","2,319,660"
74970929,ZOTAC GAMING 지포스 RTX 5080 SOLID OC D7 16GB,"2,348,230","2,348,230","2,420,940","2,420,810","2,420,700"
77624201,ZOTAC GAMING 지포스 RTX 5080 SOLID OC White D7 16GB,"2,420,990","2,420,990","2,420,990","2,420,990","2,420,990"
75857285,ZOTAC GAMING 지포스 RTX 5090 AMP EXTREME INFINITY D7 32GB,"11,135,520","11,135,520","11,135,520","11,135,520","11,135,520"
74996477,ZOTAC GAMING 지포스 RTX 5090 SOLID OC D7 32GB,"8,990,000","8,989,990","8,989,990","8,989,990","8,990,000"
78613343,ZOTAC GAMING 지포스 RTX 5090 SOLID OC White D7 32GB,"9,440,000","9,440,000","9,440,000","9,440,000","9,440,000"
7479994,갤럭시 BOY 지포스 GT1030 D5 2GB,"259,420","259,420","259,420","259,420",0
9792135,갤럭시 BOY 지포스 GTX 1660 SUPER OC D6 6GB,"320,000","320,000","320,000","320,000","320,000"
43532546,갤럭시 BOY 지포스 RTX 4080 SUPER SG OC D6X 16GB,"2,005,080","2,005,080","2,005,080","2,005,080","2,005,080"
5150742,갤럭시 GALAX 지포스 GT1030 D5 2GB,"149,000","149,000","149,000","149,000","149,000"
5150631,갤럭시 GALAX 지포스 GT1030 강아지 EXOC D5 2GB LP,"144,000","144,000","144,000","144,000","144,000"
3745148,갤럭시 GALAX 지포스 GT710 D3 1GB LP,"72,000","72,000","72,000",0,0
3758234,갤럭시 GALAX 지포스 GT710 D3 1GB LP 무소음,"60,490","60,490","63,490","63,490","63,500"
18225332,갤럭시 GALAX 지포스 GT730 D3 4GB LP,"64,300","64,300","64,290","64,290","64,280"
9790461,갤럭시 GALAX 지포스 GTX 1660 SUPER OC D6 6GB,"320,000","320,000","320,000","320,000","320,000"
63419924,갤럭시 GALAX 지포스 RTX 3050 EX BLACK D6 6GB DVI,"430,820","430,820","430,820","430,820","430,820"
74013713,갤럭시 GALAX 지포스 RTX 3050 EX WHITE D6 6GB DVI,"364,800",0,0,0,0
36157487,갤럭시 GALAX 지포스 RTX 3050 WHITE D6 6GB LP,"430,000","430,000",0,0,0
14448719,갤럭시 GALAX 지포스 RTX 3060 V2 D6 12GB,"638,000","638,000","638,000","638,000","638,000"
14527049,갤럭시 GALAX 지포스 RTX 3070 Ti D6X 8GB,"671,340","671,340","671,340","671,340","671,340"
77465684,갤럭시 GALAX 지포스 RTX 4060 Ti WHITE OC V2 D6 8GB,"674,730","674,730","674,730","674,730","674,730"
57449264,갤럭시 GALAX 지포스 RTX 4060 WHITE OC D6 8GB,"950,000",0,0,0,0
93501725,갤럭시 GALAX 지포스 RTX 5050 BLACK OC D6 8GB DUAL HDMI,"541,780","541,780","557,000","435,590","435,590"
104359454,갤럭시 GALAX 지포스 RTX 5050 BLACK OC V2 D6 8GB DUAL HDMI,"539,980","539,980","540,000","433,350","433,350"
99742778,갤럭시 GALAX 지포스 RTX 5050 WHITE OC D6 8GB DUAL HDMI,"575,000","575,000","575,000","433,600","433,600"
100618931,갤럭시 GALAX 지포스 RTX 5060 BLACK D7 8GB LP,0,0,0,"583,200","583,200"
91426661,갤럭시 GALAX 지포스 RTX 5060 BLACK OC D7 8GB,0,0,0,"600,000","600,000"
99896039,갤럭시 GALAX 지포스 RTX 5060 BLACK OC V2 D7 8GB,"657,290","657,170","657,170","535,750","535,750"
99896525,갤럭시 GALAX 지포스 RTX 5060 BLACK OC V2 D7 8GB DUAL HDMI,"720,000","720,000","720,000","576,000","576,000"
90955670,갤럭시 GALAX 지포스 RTX 5060 EX BLACK OC D7 8GB,"696,210","692,740","692,730","546,180","546,180"
90955808,갤럭시 GALAX 지포스 RTX 5060 EX WHITE OC D7 8GB,"701,520","698,040","698,040","549,980","549,980"
99742721,갤럭시 GALAX 지포스 RTX 5060 Ti BLACK 3X D7 16GB DUAL HDMI,"1,189,000","1,189,000","1,189,000","980,800","980,800"
98771447,갤럭시 GALAX 지포스 RTX 5060 Ti BLACK OC Classic D7 8GB,0,0,0,"640,000","640,000"
81715421,갤럭시 GALAX 지포스 RTX 5060 Ti BLACK OC D7 16GB,"1,149,000","1,149,000",0,"944,000","944,000"
85664150,갤럭시 GALAX 지포스 RTX 5060 Ti BLACK OC D7 8GB,"809,000","809,000","809,000","639,200","639,200"
106754483,갤럭시 GALAX 지포스 RTX 5060 Ti BLACK OC V2 D7 8GB,"760,670","757,560","757,540","614,280","614,280"
92187056,갤럭시 GALAX 지포스 RTX 5060 Ti EX BLACK OC D7 8GB,"780,720","775,320","773,930","651,590","651,590"
91910567,갤럭시 GALAX 지포스 RTX 5060 Ti EX WHITE OC D7 8GB,"973,440","973,440","973,440","973,440","973,440"
85674647,갤럭시 GALAX 지포스 RTX 5060 Ti WHITE OC D7 8GB,"885,390","885,390","931,990","670,390","670,390"
92153012,갤럭시 GALAX 지포스 RTX 5060 WHITE OC D7 8GB,0,0,0,"574,320","574,320"
99895814,갤럭시 GALAX 지포스 RTX 5060 WHITE OC V2 D7 8GB,"666,390","666,350","665,930","665,910","665,910"
77319743,갤럭시 GALAX 지포스 RTX 5070 BLACK OC D7 12GB,"1,288,990","1,288,990","1,288,990","1,288,990","1,288,990"
78712517,갤럭시 GALAX 지포스 RTX 5070 EX GAMER BLACK OC D7 12GB,"1,318,990","1,318,990","1,318,980","1,033,360","1,033,360"
78235484,갤럭시 GALAX 지포스 RTX 5070 EX GAMER WHITE OC D7 12GB,"3,190,060","3,190,060","3,190,060","3,190,060","2,658,960"
99839876,갤럭시 GALAX 지포스 RTX 5070 Ti BLACK 2X OC D7 16GB,"1,772,390","1,772,390","1,772,390","1,772,390","1,772,390"
76463474,갤럭시 GALAX 지포스 RTX 5070 Ti BLACK OC D7 16GB,"2,016,110","2,026,310","2,032,950","1,866,800","1,866,800"
77086862,갤럭시 GALAX 지포스 RTX 5070 Ti EX GAMER BLACK OC D7 16GB,"1,891,000","1,891,000","1,891,000","1,512,800","1,512,800"
77086958,갤럭시 GALAX 지포스 RTX 5070 Ti EX GAMER WHITE OC D7 16GB,"2,554,000","2,553,990","2,553,990","2,553,990","2,553,990"
95423621,갤럭시 GALAX 지포스 RTX 5070 Ti HOF GAMING BLACK D7 16GB,"2,176,980","2,176,980","2,195,990","1,751,980","1,751,980"
94521011,갤럭시 GALAX 지포스 RTX 5070 Ti HOF GAMING D7 16GB,"2,219,850","2,478,690","2,478,690","1,783,990","1,784,000"
77319749,갤럭시 GALAX 지포스 RTX 5070 WHITE OC D7 12GB,"1,362,580","1,455,600","1,455,600","1,062,390","1,062,390"
75075494,갤럭시 GALAX 지포스 RTX 5080 BLACK OC D7 16GB,"2,338,370","2,338,370","2,338,370","1,888,000","1,888,000"
79578482,갤럭시 GALAX 지포스 RTX 5080 EX GAMER BLACK OC D7 16GB,"2,460,490","2,460,490","2,460,490","2,045,880","2,045,880"
79578539,갤럭시 GALAX 지포스 RTX 5080 EX GAMER WHITE OC D7 16GB,0,0,0,"1,872,000","1,872,000"
95001017,갤럭시 GALAX 지포스 RTX 5080 HOF GAMING BLACK D7 16GB,"2,613,180","2,556,360","2,556,360","2,093,430","2,093,430"
93916847,갤럭시 GALAX 지포스 RTX 5080 HOF GAMING D7 16GB,"3,645,000","3,645,000","3,645,000","2,916,000","2,916,000"
75075386,갤럭시 GALAX 지포스 RTX 5080 WHITE OC D7 16GB,"5,199,990","5,199,990","5,199,990","4,170,510","4,170,510"
89864669,갤럭시 GALAZ 지포스 GT710 D3 2GB LP 무소음,"64,000","64,000","64,000","64,000","64,000"
89864702,갤럭시 GALAZ 지포스 GT730 D3 4GB LP,"67,890","67,890","67,890","67,890","67,890"
90701393,갤럭시 GALAZ 지포스 RTX 3050 EX BLACK D6 6GB DVI,"386,000","386,000","386,000","386,000","386,000"
76071299,갤럭시 GALAZ 지포스 RTX 4060 EX WHITE OC V2 D6 8GB,"970,200","970,200","970,200","970,200","970,200"
93501767,갤럭시 GALAZ 지포스 RTX 5050 BLACK OC D6 8GB DUAL HDMI,"466,000","466,000",0,"372,800","372,800"
98484845,갤럭시 GALAZ 지포스 RTX 5050 BLACK OC V2 D6 8GB DUAL HDMI,0,0,0,"436,000","436,000"
99896534,갤럭시 GALAZ 지포스 RTX 5060 BLACK OC V2 D7 8GB DUAL HDMI,"720,000","720,000","720,000","576,000","576,000"
90955853,갤럭시 GALAZ 지포스 RTX 5060 EX BLACK OC D7 8GB,"715,000","715,000","715,000","567,200","567,200"
90955895,갤럭시 GALAZ 지포스 RTX 5060 EX WHITE OC D7 8GB,0,0,0,"582,400","582,400"
98184494,갤럭시 GALAZ 지포스 RTX 5060 Ti BLACK 3X D7 16GB DUAL HDMI,"1,032,000","1,032,000",0,"825,600","825,600"
98779298,갤럭시 GALAZ 지포스 RTX 5060 Ti BLACK OC Classic D7 8GB,"670,000","670,000",0,"536,000","536,000"
81715478,갤럭시 GALAZ 지포스 RTX 5060 Ti BLACK OC D7 16GB,0,0,0,0,"840,000"
85668698,갤럭시 GALAZ 지포스 RTX 5060 Ti BLACK OC D7 8GB,0,0,0,"704,000","704,000"
92187074,갤럭시 GALAZ 지포스 RTX 5060 Ti EX BLACK OC D7 8GB,0,0,0,"704,000","704,000"
91910630,갤럭시 GALAZ 지포스 RTX 5060 Ti EX WHITE OC D7 8GB,0,0,0,"716,000","716,000"
92153132,갤럭시 GALAZ 지포스 RTX 5060 WHITE OC D7 8GB,"820,000","820,000","820,000","656,000","656,000"
99895865,갤럭시 GALAZ 지포스 RTX 5060 WHITE OC V2 D7 8GB,"1,061,000","1,061,000","1,061,000","848,800","848,800"
77319857,갤럭시 GALAZ 지포스 RTX 5070 BLACK OC D7 12GB,0,0,0,"1,030,810","1,030,810"
99892193,갤럭시 GALAZ 지포스 RTX 5070 Ti BLACK 2X OC D7 16GB,0,0,0,"1,513,930","1,513,930"
76463408,갤럭시 GALAZ 지포스 RTX 5070 Ti BLACK OC D7 16GB,0,0,0,"1,600,000","1,600,000"
77961743,갤럭시 GALAZ 지포스 RTX 5070 Ti EX GAMER BLACK OC D7 16GB,0,0,0,"1,512,460","1,512,460"
95423684,갤럭시 GALAZ 지포스 RTX 5070 Ti HOF GAMING BLACK D7 16GB,"2,191,530","2,290,000","2,195,990","1,831,990","1,831,990"
94520921,갤럭시 GALAZ 지포스 RTX 5070 Ti HOF GAMING D7 16GB,0,0,0,0,"1,872,880"
95001035,갤럭시 GALAZ 지포스 RTX 5080 HOF GAMING BLACK D7 16GB,0,0,0,"1,895,590","1,895,590"
16963706,갤럭시 갤라즈 GALAX 지포스 GT710 D3 2GB LP 무소음,"66,020","67,000","67,000","67,000","67,000"
16301489,갤럭시 갤라즈 GALAX 지포스 RTX 3050 D6 8GB,"590,620","590,620","590,620","590,620",0
6632467,라데온 RX 480 D5 4GB (중고),"96,000","96,000","96,000","96,000","96,000"
6632590,라데온 RX 570 D5 4GB (중고),"120,000","120,000","120,000","120,000","120,000"
6643693,라데온 RX 570 D5 8GB (중고),"135,000","135,000","135,000","135,000","135,000"
6632827,라데온 RX 580 D5 4GB (중고),"135,000","135,000","135,000","135,000","135,000"
6830257,라데온 RX 580 D5 8GB (중고),"162,000","162,000","162,000","162,000","162,000"
17311451,라데온 RX 6600 D6 8GB (중고),"379,900","379,900","379,900","379,900","379,900"
17944463,라데온 RX 6600 XT D6 8GB (중고),"460,000","460,000","460,000","460,000","460,000"
17254454,라데온 RX 6700 XT D6 12GB (중고),"329,000","329,000","329,000","329,000","329,000"
17187893,라데온 RX 6800 D6 16GB (중고),"469,000","469,000","469,000","469,000","469,000"
18203561,라데온 RX 6800 XT D6 16GB (중고),"1,408,330","1,408,330","1,408,330","1,408,330","1,408,330"
18203285,라데온 RX 6900 XT D6 16GB (중고),"649,900","649,900","649,900","649,900","649,900"
122638646,벨리온 지포스 RTX3050 BELION 6GB D6 DUAL,"338,990","338,990","338,990","338,990","338,990"
122658701,스타링스 지포스 GTX1660 SUPER D6 6GB NV,"295,950","295,950","295,950","295,950","295,950"
99895952,아툼 지포스 GTX 1660 SUPER BARAMINE II D6 6GB DUAL,"289,310","289,290","289,270","289,230","289,210"
98077877,아툼 지포스 RTX 3050 BARAMINE D6 6GB DUAL,"308,800","308,800","308,800","308,800","308,800"
93702740,액슬 라데온 RX 550 D5 4GB 에즈윈,"139,790","142,050","142,050","142,050","142,050"
30105218,액슬 라데온 RX 580 2048SP D5 8GB R2 에즈윈,"174,000","174,000","174,000","174,000","174,000"
112881201,액슬 엑슬 지포스 RTX 3070 Ti D6X 8GB 에즈윈,"649,000","649,000","649,000","649,000","649,000"
28809323,액슬 지포스 G210 D3 1GB 에즈윈,"32,000","32,000","32,000","32,000","32,000"
54481091,액슬 지포스 G210 D3 512MB 에즈윈,"29,630","29,630","29,630","29,630","29,630"
28809503,액슬 지포스 GT1030 D5 2GB 에즈윈,"123,980","123,980","123,970","123,970","123,970"
124116642,액슬 지포스 GT730 Multi Display D3 4GB 에즈윈,"137,880","137,880","137,870","137,870","137,870"
54481106,액슬 지포스 GT730 클래식 D3 1GB 에즈윈,"60,630","60,630","60,630","60,630","60,630"
122637342,액슬 지포스 GT730 클래식 D3 2GB 384Cuda 에즈윈,"72,010","72,010","71,030","71,030","71,030"
28809677,액슬 지포스 GT730 클래식 D3 2GB 에즈윈,"63,990","63,990","63,990","63,990","63,990"
99128480,액슬 지포스 GT730 클래식 D3 4GB R2 에즈윈,"68,410","68,840","68,840","68,840","68,840"
98920820,액슬 지포스 GTX 1650 D6 4GB R3 에즈윈,"252,830","252,830","252,820","252,820","252,820"
68363192,액슬 지포스 GTX 1660 SUPER 38mm D6 6GB 에즈윈,"298,940","298,940","298,940","298,940","298,940"
28810250,액슬 지포스 GTX1050 Ti D5 4GB 에즈윈,"210,000","210,000","210,000","210,000","210,000"
124116608,액슬 지포스 GTX1050 Ti Multi Display D5 4GB 에즈윈,"308,240","308,240","308,230","308,230","308,230"
59085581,액슬 지포스 RTX 2060 SUPER D6 8GB 에즈윈,"410,770","410,770","410,770","410,770","410,770"
47806457,액슬 지포스 RTX 3050 D6 6GB 에즈윈,"423,720","423,720","423,720","423,720","423,720"
52157555,액슬 지포스 RTX 3060 D6 12GB 에즈윈,"523,790","523,790","523,790","523,790","523,790"
37932260,액슬 지포스 RTX 3060 Ti D6 8GB White 에즈윈,"527,510","522,500","527,300","522,500","522,500"
33366437,액슬 지포스 RTX 3070 D6 8GB White 에즈윈,"568,690","568,690","568,690","568,690","568,690"
32076674,액슬 지포스 RTX 3070 Ti D6X 8GB 에즈윈,"640,700","640,700","640,700","640,700","640,700"
93630089,액슬 지포스 RTX 3080 D6X 10GB 에즈윈,"708,000",0,0,0,0
96981881,에이서 프레데터 라데온 RX 9070 XT BiFrost WHITE OC D6 16GB,"1,325,300","1,325,300","1,325,300","1,325,300","1,325,300"
29952371,이도디스플레이 지포스 GTX 1660 SUPER RAGE-X II D6 6GB DUAL,"341,550","341,550","321,750","321,750","321,750"
62791805,이도디스플레이 지포스 RTX 3050 RAGE-X D6 6GB,"355,400","355,400","355,400","355,400","355,400"
19131179,이엠텍 지포스 GTX 1050 Ti MIRACLE II D5 4GB,"218,540","218,540","218,540","218,540","218,540"
18767216,이엠텍 지포스 GTX 1660 SUPER MIRACLE II D6 6GB,"310,000","310,000","310,000","310,000","310,000"
15941003,이엠텍 지포스 RTX 2060 STORM X Dual BASIC D6 12GB,"239,800","239,800","239,800","239,800","239,800"
37287323,이엠텍 지포스 RTX 3050 MIRACLE WHITE D6 6GB,"389,230","389,230","389,230","389,230","389,230"
20274764,이엠텍 지포스 RTX 4060 Ti STORM X Dual OC D6 8GB,"2,697,030","2,697,030","2,697,030","2,697,030","2,697,030"
33989666,이엠텍 지포스 RTX 4080 SUPER BLACK STORM OC D6X 16GB,"4,472,470","4,472,470","4,472,470","4,472,470","4,472,470"
33989591,이엠텍 지포스 RTX 4080 SUPER GAMING PRO D6X 16GB,"4,472,470","4,472,470","4,472,470","4,472,470","4,472,470"
95987477,이엠텍 지포스 RTX 5050 MIRACLE WHITE D6 8GB,"869,850","869,850","871,830","871,830","871,830"
92044253,이엠텍 지포스 RTX 5060 MIRACLE WHITE D7 8GB,"731,800","731,800","731,800","731,800","731,800"
96776702,이엠텍 지포스 RTX 5060 Ti MIRACLE X2 WHITE D7 8GB,"804,330","809,810","809,800","809,780","809,780"
78842861,이엠텍 지포스 RTX 5070 MIRACLE WHITE D7 12GB,"1,349,050","1,415,000","1,415,000","1,415,000","1,415,000"
77020520,이엠텍 지포스 RTX 5070 Ti MIRACLE WHITE D7 16GB,"2,100,000","2,100,000","2,100,000","1,344,000","1,343,990"
76074971,이엠텍 지포스 RTX 5080 MIRACLE WHITE D7 16GB,"2,497,990","2,497,990","2,509,050","2,509,040","2,509,040"
122674113,인텔 Arc Pro B70 D6 32GB,"2,716,800","2,716,800","2,716,800","2,716,800","2,716,800"
16364321,지포스 G210 D3 512MB (중고),"8,490","8,490","8,490","8,490","8,500"
7456618,지포스 GT1030 D5 2GB (중고),"53,930","53,930","53,930","53,930","53,930"
16364171,지포스 GT610 D3 1GB (중고),"15,800","15,800","15,800","15,800","15,800"
17818937,지포스 GT620 (중고),"14,490","14,490","14,490","14,490","14,490"
17528849,지포스 GT630 (중고),"15,000","15,000","15,000","15,000","15,000"
17818721,지포스 GT720 (중고),"21,000","21,000","21,000","21,000","21,000"
17814695,지포스 GT730 (중고),"22,990","22,990","22,990","22,990","22,990"
13280759,지포스 GTS250 D3 512MB (중고),"9,000","9,000","9,000","9,000","9,000"
17434280,지포스 GTS450 (중고),"9,700","9,700","9,700","9,700","9,700"
11975078,지포스 GTX 1650 D5 4GB (중고),"134,990","134,990","134,990","134,990","134,990"
11975147,지포스 GTX 1650 D6 4GB (중고),"163,000","163,000","163,000","163,000","163,000"
11975627,지포스 GTX 1650 SUPER D6 4GB (중고),"185,000","185,000","185,000","185,000","185,000"
11976056,지포스 GTX 1660 D5 6GB (중고),"158,000","158,000","158,000","158,000","158,000"
11976995,지포스 GTX 1660 SUPER D6 6GB (중고),"186,990","177,000","177,000","177,000","177,000"
11977706,지포스 GTX 1660 Ti D6 6GB (중고),"195,000","195,000","195,000","195,000","195,000"
6641014,지포스 GTX1050 D5 2GB (중고),"75,990","75,990","75,990","75,990","75,990"
6641638,지포스 GTX1050 Ti D5 4GB (중고),"86,000","86,000","86,000","86,000","86,000"
6641779,지포스 GTX1060 D5 3GB (중고),"110,390","110,390","110,390","110,390","110,390"
6642142,지포스 GTX1060 D5 6GB (중고),"137,990","137,990","142,280","142,280","142,280"
6642286,지포스 GTX1070 D5 8GB (중고),"156,230","156,230","156,230","153,230","156,230"
6642355,지포스 GTX1070 Ti D5 8GB (중고),"175,000","175,000","175,000","175,000","175,000"
6946081,지포스 GTX1080 D5X 8GB (중고),"186,990","186,990","186,990","186,990","186,990"
6642610,지포스 GTX1080 Ti D5X 11GB (중고),"250,000","250,000","250,000","250,000","250,000"
16217210,지포스 GTX650 D5 1GB (중고),"25,010","25,010","25,010","25,010","25,010"
16217153,지포스 GTX650 Ti D5 1GB (중고),"27,440","27,440","27,430","27,430","27,430"
6758101,지포스 GTX660 D5 2GB (중고),"34,410","34,930","34,820","34,750","34,700"
6757591,지포스 GTX660 Ti D5 2GB (중고),"56,000","56,000","56,000","56,000",0
6756814,지포스 GTX750 D5 1GB (중고),"37,100","37,100","37,100","37,100","37,100"
6756913,지포스 GTX750 Ti D5 1GB (중고),"36,090","36,090","36,090","36,090","36,090"
6757090,지포스 GTX750 Ti D5 2GB (중고),"51,720","51,700","51,700","51,700","51,700"
6674599,지포스 GTX760 D5 2GB (중고),"46,490","46,490","46,490","46,490","46,490"
6673729,지포스 GTX960 D5 2GB (중고),"60,990","60,990","60,990","60,990","60,990"
7456369,지포스 GTX970 D5 4GB (중고),"167,100","167,100","167,100","167,100","167,100"
11978288,지포스 RTX 2060 D6 6GB (중고),"204,990","204,990","204,990","204,990","204,990"
11978807,지포스 RTX 2060 SUPER D6 8GB (중고),"232,000","232,000","232,000","232,000","232,000"
11979008,지포스 RTX 2070 D6 8GB (중고),"231,990","231,990","231,990","231,990","231,990"
11979092,지포스 RTX 2070 SUPER D6 8GB (중고),"280,800","280,800","280,800","280,800","280,800"
11979227,지포스 RTX 2080 D6 8GB (중고),"248,990","248,990","248,990","248,990","248,990"
11979344,지포스 RTX 2080 SUPER D6 8GB (중고),"1,670,000","1,670,000","1,670,000","1,670,000","1,670,000"
11979449,지포스 RTX 2080 Ti D6 11GB (중고),"354,000","354,000","354,000","354,000","354,000"
16319510,지포스 RTX 3060 D6 12GB (중고),"384,870","384,870","385,010","385,010","385,010"
56343746,지포스 RTX 3060 D6 8GB (중고),"335,000","335,000","335,000","335,000","335,000"
16319558,지포스 RTX 3060 Ti D6 8GB (중고),"375,000","375,000","375,000","375,000","375,000"
16319603,지포스 RTX 3070 D6 8GB (중고),"384,000","384,990","384,990","384,990","384,990"
16512887,지포스 RTX 3070 Ti D6X 8GB (중고),"452,990","452,990","452,990","452,990","452,990"
72975155,지포스 RTX 3080 D6X 10GB (완제품 탈거상품 중고),"661,150","661,150","661,150","661,150","661,150"
16362338,지포스 RTX 3080 D6X 10GB (중고),"498,000","498,000","498,000","498,000","498,000"
16799315,지포스 RTX 3080 D6X 12GB (중고),"600,000","600,000","600,000","600,000","600,000"
16544444,지포스 RTX 3080 Ti D6X 12GB (중고),"685,000","685,000","685,000","685,000","685,000"
17305142,지포스 RTX 3090 D6X 24GB (중고),"2,490,000","2,390,000","2,390,000","2,390,000","2,390,000"
78846158,지포스 RTX 4060 D6 8GB (중고),"484,380","483,000","482,990","482,990","482,990"
78234449,지포스 RTX 4060 Ti D6 8GB (중고),"590,000","520,000","520,000","520,000","520,000"
28620374,지포스 RTX 4070 D6X 12GB (중고),"890,000","820,000","820,000","820,000","820,000"
74971736,지포스 RTX 4070 SUPER D6X 12GB (중고),"990,000","850,000","850,000","880,000","880,000"
74997902,지포스 RTX 4070 Ti D6X 12GB (중고),"990,000","880,000","880,000","920,000","920,000"
74971556,지포스 RTX 4080 SUPER D6X 16GB (중고),"4,789,720","4,789,720","4,789,720","4,789,720","4,789,720"
